:020000040000FA
:100000008637389C0A15452422100200301700005C
:100010003015000000000000FFFFFFFF0300010695
:1000200000603E00FFFFFFFF1A000000FFFFFF0718
:100030000004FF160700000000000000000002009E
:100040000F000000040000002F7379732F42544CFE
:100050005F73666C6173682E70746300000000004B
:100060000000000000000000000000000000000090
:100070000000000000000000000000000000000080
:1000800021000000020000002F7379732F66616366
:10009000746F72792E696D67000000000000000027
:1000A0000000000000000000000000000000000050
:1000B0000000000000000000000000000000000040
:1000C000230000001A0000002F7379732F40407244
:1000D00065736572766564404000000000000000B2
:1000E0000000000000000000000000000000000010
:1000F0000000000000000000000000000000000000
:100100003D000000030000002F7379732F4040660C
:100110006F7273797340400000000000000000001F
:1001200000000000000000000000000000000000CF
:1001300000000000000000000000000000000000BF
:10014000400000006C020000000000000000000001
:10015000000000000000000000000000000000009F
:10016000000000000000000000000000000000008F
:10017000000000000000000000000000000000007F
:10018000000000000000000000000000000000006F
:10019000000000000000000000000000000000005F
:1001A000000000000000000000000000000000004F
:1001B000000000000000000000000000000000003F
:1001C000000000000000000000000000000000002F
:1001D000000000000000000000000000000000001F
:1001E000000000000000000000000000000000000F
:1001F00000000000000000000000000000000000FF
:1002000000000000000000000000000000000000EE
:1002100000000000000000000000000000000000DE
:1002200000000000000000000000000000000000CE
:1002300000000000000000000000000000000000BE
:1002400000000000000000000000000000000000AE
:10025000000000000000000000000000000000009E
:10026000000000000000000000000000000000008E
:10027000000000000000000000000000000000007E
:10028000000000000000000000000000000000006E
:10029000000000000000000000000000000000005E
:1002A000000000000000000000000000000000004E
:1002B000000000000000000000000000000000003E
:1002C000000000000000000000000000000000002E
:1002D000000000000000000000000000000000001E
:1002E000000000000000000000000000000000000E
:1002F00000000000000000000000000000000000FE
:1003000000000000000000000000000000000000ED
:1003100000000000000000000000000000000000DD
:1003200000000000000000000000000000000000CD
:1003300000000000000000000000000000000000BD
:1003400000000000000000000000000000000000AD
:10035000000000000000000000000000000000009D
:10036000000000000000000000000000000000008D
:10037000000000000000000000000000000000007D
:10038000000000000000000000000000000000006D
:10039000000000000000000000000000000000005D
:1003A000000000000000000000000000000000004D
:1003B000000000000000000000000000000000003D
:1003C000000000000000000000000000000000002D
:1003D000000000000000000000000000000000001D
:1003E000000000000000000000000000000000000D
:1003F00000000000000000000000000000000000FD
:1004000000000000000000000000000000000000EC
:1004100000000000000000000000000000000000DC
:1004200000000000000000000000000000000000CC
:1004300000000000000000000000000000000000BC
:1004400000000000000000000000000000000000AC
:10045000000000000000000000000000000000009C
:10046000000000000000000000000000000000008C
:10047000000000000000000000000000000000007C
:10048000000000000000000000000000000000006C
:10049000000000000000000000000000000000005C
:1004A000000000000000000000000000000000004C
:1004B000000000000000000000000000000000003C
:1004C000000000000000000000000000000000002C
:1004D000000000000000000000000000000000001C
:1004E000000000000000000000000000000000000C
:1004F00000000000000000000000000000000000FC
:1005000000000000000000000000000000000000EB
:1005100000000000000000000000000000000000DB
:1005200000000000000000000000000000000000CB
:1005300000000000000000000000000000000000BB
:1005400000000000000000000000000000000000AB
:10055000000000000000000000000000000000009B
:10056000000000000000000000000000000000008B
:10057000000000000000000000000000000000007B
:10058000000000000000000000000000000000006B
:10059000000000000000000000000000000000005B
:1005A000000000000000000000000000000000004B
:1005B000000000000000000000000000000000003B
:1005C000000000000000000000000000000000002B
:1005D000000000000000000000000000000000001B
:1005E000000000000000000000000000000000000B
:1005F00000000000000000000000000000000000FB
:1006000000000000000000000000000000000000EA
:1006100000000000000000000000000000000000DA
:1006200000000000000000000000000000000000CA
:1006300000000000000000000000000000000000BA
:1006400000000000000000000000000000000000AA
:10065000000000000000000000000000000000009A
:10066000000000000000000000000000000000008A
:10067000000000000000000000000000000000007A
:10068000000000000000000000000000000000006A
:10069000000000000000000000000000000000005A
:1006A000000000000000000000000000000000004A
:1006B000000000000000000000000000000000003A
:1006C000000000000000000000000000000000002A
:1006D000000000000000000000000000000000001A
:1006E000000000000000000000000000000000000A
:1006F00000000000000000000000000000000000FA
:1007000000000000000000000000000000000000E9
:1007100000000000000000000000000000000000D9
:1007200000000000000000000000000000000000C9
:1007300000000000000000000000000000000000B9
:1007400000000000000000000000000000000000A9
:100750000000000000000000000000000000000099
:100760000000000000000000000000000000000089
:100770000000000000000000000000000000000079
:100780000000000000000000000000000000000069
:100790000000000000000000000000000000000059
:1007A0000000000000000000000000000000000049
:1007B0000000000000000000000000000000000039
:1007C00000000000FFFFFFFFFFFFFFFFFFFFFFFF35
:1007D000FFFFFFFF8688D62D185CAC8FC7A6D11807
:020000040002F8
:1010080050524F4752414D4D494E47505F42544C04
:101018005F50415443483017000038C428167909F6
:10102800937CCF7242EA0439D3AB80706FDDEA104B
:1010380017B62E7A6EEFF786945E696E712991EC79
:10104800A16F434D23CB5947DF295340044E8D20D0
:10105800A33EFFE06633FE6F0249D784A1CEDD755B
:101068000E2E427E1A3F15840566E961BEED2F35C6
:10107800C4ED9D8C42BBC8AD62CD822DAB2963BF48
:1010880088F6A6E10B55B76E66A0578D86C7DDA416
:101098007EE66020EB7DC936BE17F5F2AF0F580A21
:1010A800BA35C89072D263F59E9A28EBCDE16B27CA
:1010B800176BAAC09852A7CF3451E63D48D643CE05
:1010C80035FDC297887B9E9DE13FC674F9066AA4E8
:1010D800757BC29117B8FF2F080FCEED3066056AF1
:1010E8009DC09D97F0B6B807EC4C27BE297FBE532C
:1010F8009B8A403976FB513C7AA172B3643107E090
:1011080081B26FBEFD3C57767E3E46791E46924AB6
:10111800D174CFBE9F873034318D282EDF26D5BFBE
:10112800A955C62D4297C370492D15D465023BE3D6
:101138007BEE0AA5D38075BC9D7C39E8B1E64350A7
:10114800BF94F6001DBA8BA3BA62152D631CCA752D
:1011580086DE1C83CAF01329086AA1B741073B82BF
:10116800EC89AA2AD6429EE1F1BC1379B3D53F583F
:101178007F2E2300A0C6B320EBDBD8961A280402E2
:101188004A7D888E65ACE2326D0C64CECA8EB5F0AD
:10119800B775DE1A0D63709B846025599904878D95
:1011A800B7D6050D7FAF2D19F0ED0EA785E866754A
:1011B80074E85FD7170F277300E4B744B5EE90358E
:1011C80070BA2D6EEEF0348FEF899CB24D6BCD0A5C
:1011D8009C8AD06BD06ACF7689F0B3D7851A6FEA2C
:1011E8002FBD25FE889C051A1DAC4983B61B698452
:1011F800303BAF8782D841C9CD3BB8F24A8941E339
:101208009C3D8B5F83F9CCF5E9EE265D8BAA1B9399
:1012180001839CF3319F2561E052E16FDA3D7F4104
:10122800661623E1D760503A3FD040E8BDBBF04393
:1012380043B41217849C41385BA69B1275F1BAC956
:101248002B717C57F31AE9D11BB3F3E3905A715809
:101258007C6D437F1CE1438722DADE940CEBB9EE08
:1012680062A32B61EDA29021F9A1CB0369B3150DFF
:10127800910B38F1EDC9C233D850977BB9ACB74A56
:1012880060EA1EE75CB46D39C6C27BAB76CE837666
:101298004CC16AAB0E3E15E0F9E3D26E54B15BF770
:1012A800735188193438457660FFD639B9BCB865AA
:1012B8008CC0C51741974335FB38E2935782D2A7B4
:1012C80063BE7CFB33CFB8496E7D9BE6B1723C357B
:1012D8008693022E92C342EA276887817BB0E58E07
:1012E800EBED62E5EA72052D8249D5AC4C8784089E
:1012F80080067BCB04CCF160A6908687B8FE820E70
:10130800A085F15C8A729038557B2FBF45C241CCCD
:10131800ED96BABCBB76A251A6F007502F65A4166D
:1013280082FDD1B53B06CD0FCFDB0F8080D184BACB
:10133800D3803FEE96502CC7872465F12280A3BE48
:101348002CFB6D944C0D5BDCE2A7690305B0A3127E
:10135800AF6562902680FF64F61908B58EB9CCB6E1
:10136800CC5717543EE50A2F0A0E87796B4B7FC47A
:101378003C9586F0A0BE6A34F86EC8F19125FCBB96
:10138800A699FC0706FD6BF6CA29E2145BD5D9B508
:10139800847D875E34FEDE12E9095BC014300D459A
:1013A8004BC458811B0505F630D2AE94EA9FD4ADE4
:1013B8005B34CCBEF3D9B1B775DF3F2614FDD70136
:1013C800E9BFDAF58188B7A9007C81F7A6D35888E8
:1013D800609A325981F70B8F5BFFB356C5A7C04699
:1013E800C40D6BAF14B75E5AF80DAA765E30CC996F
:1013F8002018D81B7FAB3B5083BA7F05BEA27379F8
:10140800A02386907A0A071F77AD041B31A3D9E47D
:101418009B4CEE86B9D80F648D7707377C69C0512D
:101428003E0AD974D7398EA34CFB5B0EDA39AE2E3F
:101438008A8BD3820D0AA7AA11CED7BC4A985179B4
:1014480054C1DFFBB42E6808F9DC2385B249D58383
:10145800C885371731242B94FCE9DA4E78462A2BB5
:101468007A2BF44D8FE5B472817A3E7E5C39749C98
:10147800820C86B265061EE3A34FB20AC7F87463EE
:10148800C938D1788447D878849A8A16AB02E9D3C8
:1014980046461797E8BA3F4EAFCDFCEB08D06AF640
:1014A8004EC319585C83BB4D2C44D34CDBD0BE5380
:1014B800DF74B3F922640F96FA2221D9A9E6193EFE
:1014C8009FB5BB1061140B18232A0BED4061950FD3
:1014D800E7FD9ABF4E473D28971DDE87CF75E31B72
:1014E800C570DFCB223C483F8AFEB110832E06EB45
:1014F8005258A4B505CE83085662FD2779EA5FC322
:101508001712D823449A09FA0C75DC2C98DACC4CBB
:101518001B941E6873B6A8263631BA78E1A7D80797
:10152800980CA3E62BE20D2647B5EBB9A9210D25AA
:1015380040761C13C3AABEA542F6EF78AD36AADFE3
:1015480044AFF9052880665733650E31E211FD86F0
:10155800F2E8193F15D6C16DCF0386948C782B33EA
:10156800DDC5DF032E5E12553FE315242F75C7C175
:101578007EA913BA7B193A4710B7991ACED95C924B
:1015880036D830C32674461B8F7087C9964EFC1414
:101598003CF98501038978623D07E12BDD6DCCDAE2
:1015A800FE837679974FDAFE227380F9D94AE1688B
:1015B8002AABDB300EE80EC4E34CCBB72BD65D95D7
:1015C8006D55A671249E422149D8BA94B861165D1A
:1015D8005B641C546462FA07A83397ED4A785E8D01
:1015E80019B4C98ED2A1345A214D1F2DA2EC12A8CC
:1015F800F2121A77BF694B62215063B5925889A7D6
:101608007B8CCED475AEB311B93E623BF48C1DDC35
:10161800F9B9C84937D47B54A78C7679E14967056D
:1016280091D135D1B3430EF9DE378D72CB3B3413EC
:10163800DC94D8E8FC83879A2577ACB195DD9E28A1
:101648005539AD35B7363E143EA370916250172A0E
:10165800CF4C826DDECA442EA6D0BAC7321446D407
:1016680054C937DB454EFEC41FBD051AB91F1D7E80
:10167800473CE787F63B809639E75591C610061F29
:10168800FB0AA1D71F5FEDD487B236A29A0B5CF78D
:10169800462C100492933EA9AE6ADA63754B6BD55B
:1016A800C636CCD04707B7CB0814C97817F0BB2F7C
:1016B8006B7548BEA8C476229C87C8CACBE6EA1DCB
:1016C800A323A025C840A97446D173E89AEE15FC57
:1016D800413161DF7D3EAF901C6BDD301CD6B245D9
:1016E8007C8C4A7C89B551F99DDDD5EB703FF4B20D
:1016F800352B0934F920B41E3614C778AEB11164FD
:10170800ABF25AC9490F2B5200745B0E427D6289B5
:10171800FFB71B3141390BA45A04BE723E64C4247E
:10172800BF9313FA899E3F9C644EB77429890AB9FE
:10173800B811C973B8940C391DEE775A3BDFF20A19
:10174800E4722752E0441A66CFF0BE6B06EEBE6123
:10175800242059CC42EF8C27EEBBCC92334F08F7AC
:101768007E3D6A900CF14B6F70DD53BEDED5674944
:10177800BCE394181669F2EE1C10AF754842FCFCE5
:10178800EB3FB27448A0FC8DB3AD9D7CFDAFD1E6B4
:10179800A90890C261ABEEB3EA2D7FB40FF03049CF
:1017A800168F1D3CBDDE956F0D5820670C3565CA38
:1017B8003297DDA570D493AE700C41F5844F8E122C
:1017C8003910872E6731EF53A3A2160C6B54E486A9
:1017D800BF0A211D9AA104E9FD120F997909DA546B
:1017E800FE8F6E5BDD8F633F242F9AC3636009F61B
:1017F80002B16593258428C19316CDCE69A70C68DC
:1018080063DD74A9171350ECC6355429D88771FACB
:10181800FBBAACB820FE16D2D5AE87D1C4004A18A0
:10182800BF73B08E837D570EB5BF66F6F078C41FC0
:10183800A7EC9D1BDC2BEFCFA02BDF8EEAF9D8811C
:10184800C7A7F1F8E4CEF227EF22069725BB32CCE2
:101858006EC53A58D00AE6EA8FFAB8631EEECD5E36
:10186800D9C3D2F4B17FA3A25701BD59EC5940B7EF
:1018780030D66E8FFCA25A3D4A61F5E0295ADE2B1C
:10188800BB1D88765FDCA769E7C95E70630AF062F2
:10189800F596DEAE695FF8416E14BBFF60F7012E66
:1018A800C617422EFD2A4CA1A99894B69D3E6BFE00
:1018B800866B8CE7C35679519887F901B07C263C32
:1018C8006F0ED3DF921C613D48CCA0290CBF9C242D
:1018D800837759DA6295FB5B7364DCD58651F33AFA
:1018E800E9ABA9A60B075CF9E5B70311162B9A7E9D
:1018F8004A3C63B66BAD76F74B700DF0B5EFA9486F
:101908002FE1B081A233C1399B53AAE2B27C0A5EAF
:101918004E5C7D8661189EC014B1C02E947DFCD3A8
:101928009A14E10EC114227282CD769A2AE447DB1A
:10193800590BD9ECD9296391E9563DF48E60B90C5D
:10194800397B6D59D719B6B473FB18E298D96F79FA
:1019580031177FCB45B38602280D81CA5F21A92C98
:101968004BCBD2E2033AD1F2CB6B461C0D7DDAF8B1
:10197800C5EE3944050E4E14969C5911833D289F97
:101988000344BF18B5E2A895A87F31ECB62A797050
:10199800982AF9EADC9026EC0C993AF7CBEF223139
:1019A800D0A7A1DF7D5665595FF4E130301AAABC93
:1019B80026BDEB81EABC0C6D392FE69C3D02720412
:1019C800455FDED4A8EE315FE40B041583E78A880F
:1019D8007DAED25161153CBD260EB2438D8B40B40D
:1019E8006217B2DF3B32883F4EFE4B2D047D7043B9
:1019F80032B555476935726AE84BE5D3F3A156F914
:101A0800CF0CB4F63CD6A923EC35C8945A1E97607F
:101A1800753BB2C39E1F454F0AB932CC2F3E103AD0
:101A2800B00D74448AC730FC5837B6138927E01ABA
:101A3800826D70466F9B87CEFAEE114C2A21B9BD94
:101A48004841C2891B437363052CA8ED3E0D98E2FB
:101A580003E7364A6EC7CF932FCCE33F31D10094CA
:101A68006B27F7369CA40501A60B3DC2C197B55C50
:101A78009939A529D5F110106015EDE22A9EA4F236
:101A8800451B92C11223B8C558C0814CB4A2C68860
:101A9800E24990E29A4A9A1E74B4EFD255A9E0122C
:101AA80009F729F0DE6373D0E0D8CFDFF24CF01AE3
:101AB80077583F54F2E6C24BA0EE65B33C5EF2C2E3
:101AC8002FC7B04F63E03E3367617A80AC594B85CE
:101AD800362A1D5A6388097B084C1E9CB016C30A17
:101AE8000511FF9D7531D7A800C947F2E1E281FFD2
:101AF8008B74009ED3E0B4A18C40CC0B37E4B80BB8
:101B080034F3CB0B21D522925126BE64622A41DAE6
:101B18008477B3AA20226EDD26AD1D9F940CD4FFD6
:101B280018DA1A1F8EE27D9339E281630D0CB44FE7
:101B3800BB9F067350612DE6AEFCF54E424420BFB4
:101B48003459A8E1F4195F64533F1171B40B68F874
:101B5800670D37AD78EB405322918EC31F29B6E04D
:101B680064592E5F4F93897BEC958B4B82C4A712E7
:101B780000ED0D2B545312BC28F0131F6C4DF7D1F8
:101B880002AFD13B851C98026163182C7EAFCCE371
:101B980099AFD3739AFB8FD8A7D6796FC58C5E1887
:101BA800C34376EFD9594B486866144812D6D871A2
:101BB8005924850C8246806FE21D27F4A0FC81DE43
:101BC800D4E697563BC46EE869BE978791C4C7238D
:101BD800F32FF5768BB3342B795F63566266C5F4C1
:101BE8008B4574C9ECB0E472C1EC6584B13EA8FCC5
:101BF800CE490762A5E0CDA7C7223BF4A6BEEEA456
:101C0800A7DB50C743311AA1FFDA25C292C5A2E06B
:101C18002BC314CF5A4B995B355C1F8E6F8FA53B36
:101C2800D327C2E0ED331C13A666F2DAB21ECDDE6E
:101C3800921A689D879CE25F0BF4DA5DB8453340E1
:101C480078E22511934B2D8EA5C8AC097811F616AC
:101C580017E958C1EED597BC52BF2A32D31AA83813
:101C68004FBDC03F122256EFF797F5ECE6BBF8558B
:101C7800B5207D980E4BC7F9BBA81248D6A8FFCA55
:101C880095A104044A8692C9075B25FFF1D8D29A28
:101C98000F8410758130B12FF381C1EF5D2FA47FC0
:101CA800F6DAF01E0E9BBA53FF9CE5EC19CB2149DE
:101CB800BC18766E1854656EAE36FCC6EC3DC63759
:101CC8009C05348222C28B9600C7D92787AD3D1563
:101CD800691A37DF15C1714A6EA2CEBDB8EE15C8B4
:101CE800907DDCF41FA9D52CB3056E46F9D7296C75
:101CF800F1D079552F465E2A0E4A494581C326827E
:101D08002947A822A9B8DC0D3965124A1D3DFAEA0F
:101D1800CF14DDAF1FDE55AD7272CD777397169273
:101D28001F7833127209BFD33F19255FD14913AA0F
:101D3800EB75B336AE7162A82996F57F6501672801
:101D4800326AB292A9677CBB6AC64C7E50ABC9A600
:101D58002EB0F16FA6F07F51EDB7114DF6E9F601FF
:101D6800F4DAA5822702B97225156962953727909A
:101D78006608077A1AAAC2F55D37114D7679C71F2A
:101D88000E8677554B07FCEF69E4F4760CB6ADA6E2
:101D98002EED51CDAA0C7C40F61A649EF7408A9F1E
:101DA80078CF94DBDD26F75406BF4D863D2FFBA286
:101DB80042986CF90F574A6B3F4261E785368D1997
:101DC800C134905E943810C5D10954679301F56BFE
:101DD8004FCC2ACFF6B6694A57A92936894FD59BE1
:101DE8008B2675BA0A7CA0547A510115199BAB94BD
:101DF800B0B5FD1823197BB5E53C24B27FD8571E32
:101E08009F38E3186F7E80785549A113A5738BA27C
:101E18007BB306703D565E7AE009D7C0A641330A07
:101E280060C7B9658C758F113DE0D6CDDBCEF17CEE
:101E38005E30CB03CCF11E624AE84731FA33B989E8
:101E4800AE003C98276A31A472F6133E3943896282
:101E580010CCA48617D05429625B1F659A9B51D079
:101E6800FFB7F095FF38F17B8562B4A9FBA7F07145
:101E7800ACD3601E2EA21086D58B8ACA0E9CBB34AA
:101E8800CFBF961BCEBA1D76D68E494323DFBEF34D
:101E9800E42C003BB0334E5693F6697483E49614F1
:101EA800CD0EAD04774DB9471CB1A0B0C2F43D0DBD
:101EB800D7FAB7D877A8C19F0005E6F4C77162C002
:101EC8002C71B1AC9DDCEC8076A8C15CBD44A75AEE
:101ED8003083CC2E106FA56649C3574EA23C88713B
:101EE800D523F6BA19B87413D5991B98DB4C290772
:101EF800E639F7D99B6D27F81D2AFFDD962C25DBDF
:101F08007F4207458A78ED23034863DAA2DA27F58A
:101F180013A53AA0E505EE99AC14EE9706D54E3810
:101F28001BD30D2EBAEF19503F2651AE9E8D7CBEA5
:101F3800FFFD6855368FA37E75A2EA5F2887BFB27A
:101F48007D26F51BBCC7F1CE1AE9B675AEBD7F97E5
:101F5800B2461AD3152305FB0D93CFD67D0426036D
:101F6800BA6F5307F6CB7B7A7D86CA45D8AFD110B6
:101F780039F695BA17035D2A6576CF4E784ECBA40D
:101F88004042EEDC279DF0C2E5E1E475C6BDC1899B
:101F98000C8DEE424DD7CE768AAF9134FD42F77C58
:101FA800B6AC7EC075E4F2EA286FD852EAAB3D962B
:101FB800D65619533F6CD09A66630D5A8710A654AB
:101FC800EE9C81E78294CC9752575F244DDFB73E51
:101FD8001B254D66287DA3D9A10503FEB0CAD7B835
:101FE80079348ED386CE9C0D00E8D1B89F23FB852B
:101FF800BC9A04E7D469B3AA1ABDA6ED0022DAF6A2
:102008004623E235758FC246542A3FC82EBC28F9AC
:10201800B399C2F76C89DFD88654BE89CB961D5216
:10202800DDBAF2CE0E24967B870C60606D4C89AACF
:102038004BD1AD0808F848078F16D038718DFAE6ED
:102048001B346AE5C25B8DE32988B10A4B3971CC30
:1020580058FC72DF78467FD4948C02DB642B04D35F
:102068008464D34646A3B610BE3A8883C80E096274
:10207800B8BF2A611115B809EFAC02F49A84566901
:102088001AA3ABFD980E9C8E4A73857713A6A4619C
:10209800593AEE02C49B5DD8E83FA00D655B5CFC35
:1020A800100B4909EBE8ED9026F17075C1BDDCBC59
:1020B800073CE4A6A42D76849E276649F1A67DC731
:1020C8007737169E68F953277540E6BF477A9F9A77
:1020D800559DB950BDE54E69AF5BC13E7B6A9AD448
:1020E800484762D8D9EB7DA7FC64D2C8435DA74BAB
:1020F80033C38C654497A6B34CA3B2B7B954D5D5AE
:10210800373618BFEB2EFE93DBD9610B0CAFDEEB35
:102118004E6A255C75DB5A69227B6EE3A9379F39C5
:10212800E567C9B0DFFEAEC695DDC55B7C0A831CDA
:10213800BCBE07CA6315579A212060B632D9B63F8C
:10214800BF4DC01BAFD7CF35B2659B0AF34E4F18B2
:10215800C012A5FA43AC622A51B1D0F79512EF30FC
:102168003746E4EE00045401670B1A3C9999F0FADB
:10217800E2A8D1D09231F156593E0593DD6892E13B
:102188006858A551F35C3CF7A7F466646B2847BF11
:10219800DF7A0D9CAE30B0FEFAF752D235819ED868
:1021A80031BC8BB84EB6E4F4EC41B1A2F5F943CC9E
:1021B8008BF813FF6AD085216D17C400C63F834092
:1021C8002237F8E9ADA62793E9F3CDB62FDE6A6981
:1021D80069AD9465276BD3EB6857C5E5089738ED6B
:1021E8005E285ECF0C6AE26EABDD7D9BDD9CC2AEE5
:1021F800F5568C612355F00368E69F111B6CDA04D1
:10220800777A123DF386C5BF75DF054FA4505A870C
:10221800CCCE4E410E79C4C6B6A1F22D390BB168A9
:10222800D95B6C8D9584B8A5E0853CE80676D7FA2D
:10223800709C7D8D98DE7436608CEDE69627F3E908
:1022480075FE49B777E91A1D001751459593221F66
:10225800F2940E4125423858CA4B81347340C280EB
:102268005AE6D1E1317AA3B98393EA5BA8B4C937B6
:10227800881573B977D0674AC28AF4AAB246272B61
:10228800120270DFEE2DD333C37FDE851F2DECD015
:102298009037D494A074720C9309D0A513F5E74431
:1022A800952AEA512571C39F8F676D912AAC9CAA24
:1022B800F043E723F9D308DC3FA8AE1EBE96BCFE68
:1022C800B50DF905323597E2C3F4996BF8E85284F5
:1022D8002067739A830075DA909B06A1FE7264DC0E
:1022E8009D93A5FB0FE93935ECD9E30198348ED4D9
:1022F800316AEE99C40490D2BEA9E47B99E471884E
:102308009CD2CC160F77F21563F0291B236A387E0E
:10231800BB03495392CE8084D3FC4A3063F8458A84
:102328005E558B3244E16AB400B02E3D9D9EF4E0C8
:10233800262ECDB594137288F39AA83B3A9A464C48
:102348002C4D328868D903C61FE49752228794D54A
:10235800B03EA2507883C2A39829D324DC84CC123F
:102368008048BAB4C570E1308D2D5741ED87447B64
:10237800D43A988DFA8BCBB4C3E5124B77B36D0A78
:102388000C0647676859AE02D98D6DA9FAC538465B
:10239800B90B5400A472431A96321078B6F003654C
:1023A8009ED5FE17F797C691919A5BD39EC29BE381
:1023B8009EFD38EABD739C281347005E3AB0535718
:1023C80033F1381FF801BAA18FA60D2A65CC55BE86
:1023D80080E8E5D1F952530A3865C508C85FCDF0E1
:1023E8001476FC45A847FC2B02F2DEFF0FFCA6DCA6
:1023F800E87B3C7F36075AC0DB7614431C9E0B08EB
:10240800B4933F680FE872300F2C5FE71D00B75A8E
:102418001C6D252AA88B75A1E161A355CA53557C6B
:10242800111E7CE115AAF056D7DE49EE2334343369
:1024380008C56B2A30E5F2BF840B547509A8DE562F
:10244800CC1CE2D01B02EFB5FF9EE57C7323178BF3
:10245800C8E6388979D74352EBFE059F40C410B7C8
:1024680015D76FDCA6D7A8B9FE525F6C30C71A9E85
:10247800D5950146BAA3EB139ECE7A415A88887443
:102488006A4FFAEC9C480A2CF43D0D624F51C1C3C7
:10249800516404ADD7C9706D14190706DD28D6C478
:1024A800A433919761AEFCFBD2895F090EB02CFE74
:1024B800D109735FA6BF82739082D1B63D4A33209B
:1024C8003468D77EA1E4DA6DDC04637DD682D1D28C
:1024D800E56DAC1ACECB6557778D10F07BC1D896D9
:1024E800C29FC5C43D5565C21590BF1E7FCB82F5FE
:1024F8001B6488FBF5198A5740A2B83EDEABE6BBE1
:102508002C911FA3FF18929FBE482C27908B06582A
:102518004BA455E3C4ECE82BC86EC39EFB5BE40EEA
:102528007BC9B16A91D980E327E1CEA8C00C6F2A94
:102538000D6CA766B134EA880B7A0FF2BF2D9A6743
:1025480095EBBAB58B0E38519734DC9364EDBAE04D
:10255800D60EECFF94C0DD6FD14867861EAF4812D7
:10256800550C68F715B5B4F94F52485CE391F7F389
:102578002DC5452316D6497A401F3BAB9B952C2287
:10258800BF61AEBFB9D7F84AF55715F4FE0063C26C
:10259800E145C12E682BA395ABDD8156E8FFFE36D9
:1025A800CB0D5AB7479D86582D657DF1947032E161
:1025B800F8658E36A24C6261ADC227C114B864506A
:1025C80068B4AFE1C9361FDBF2800AFDE1BBDDF478
:1025D80060AB54F35D293B3114D38746CDE6157DB6
:1025E800F5A84269DBF9AE9AAA135637D7E9F791ED
:1025F80083DA9DE9D50044F857265BF42951B47F66
:102608008FAEB38D087C6A5C3765C422106693B2BE
:10261800888BE8BC1553305EB8EE247496FE5F06CE
:102628003C9B28745FABB43A6E6CA612FD9672841C
:10263800B97176FCBA6A3D3927E2A12491A598B907
:10264800254C067551587610BE6688012B75356580
:10265800F5FE753E0025A2513A9485921C2E62A281
:10266800DB1352509420EEB55E67B6218E16C24336
:102678009E48E221793724761EE4D2A9C65D52B07D
:102688004D2C614B86809AB4C4E60BA46C10C5EA45
:10269800680295F78E2E337DB0D24B9314DCFC790B
:1026A800CA2564327E7582D7850ADF854BF3161CEE
:1026B800C8A69362FBC2AF619783B3A47887C78427
:1026C800AF2B2F2E2A2F8CAF9EF9FECD0100314B58
:1026D80013B4ECADA1CF91B8E23128601383F85A56
:1026E800AC94678736E4C63B0A84EC5B9C3B506934
:1026F80019F914FC6E0CC8C72D3E5464002D07FF51
:10270800A9DA0D2AA6F9F98FC3CF541323F9744314
:10271800FBCC235EBEE0DD9EEEB177896931E771BF
:10272800B842FD6E8AB2ED38FB4D6E2B425A84AC2E
:10273800E3D85CBB153CC73BD726145616A12E7BA5
:102748000EA8DE6D5377EB40745394DC933DD8DECE
:0E2758008C82F4DB59313BAC07B74367565B0C
:02000004003EBC
:10600000FFFFFFFFFFFFFFFF50726F6772616D6D53
:10601000696E67496D6167651A0000000000020043
:106020000716FFFFFFFFFFFF50726F6772616D6D14
:10603000696E67496D6167657627288C1A25553426
:106040002210020030170000301500000000000090
:10605000FFFFFFFF0300010600603E00FFFFFFFFA0
:106060001A000000FFFFFF070004FF1607000000F2
:1060700000000000000002000F000000040000000B
:106080002F7379732F42544C5F73666C6173682E63
:1060900070746300000000000000000000000000B9
:1060A00000000000000000000000000000000000F0
:1060B00000000000000000002100000002000000BD
:1060C0002F7379732F666163746F72792E696D67B0
:1060D00000000000000000000000000000000000C0
:1060E00000000000000000000000000000000000B0
:1060F0000000000000000000230000001A00000063
:106100002F7379732F4040726573657276656440B2
:10611000400000000000000000000000000000003F
:10612000000000000000000000000000000000006F
:1061300000000000000000003D000000030000001F
:106140002F7379732F4040666F72737973404000EC
:10615000000000000000000000000000000000003F
:10616000000000000000000000000000000000002F
:106170000000000000000000400000006C02000071
:10618000000000000000000000000000000000000F
:1061900000000000000000000000000000000000FF
:1061A00000000000000000000000000000000000EF
:1061B00000000000000000000000000000000000DF
:1061C00000000000000000000000000000000000CF
:1061D00000000000000000000000000000000000BF
:1061E00000000000000000000000000000000000AF
:1061F000000000000000000000000000000000009F
:10620000000000000000000000000000000000008E
:10621000000000000000000000000000000000007E
:10622000000000000000000000000000000000006E
:10623000000000000000000000000000000000005E
:10624000000000000000000000000000000000004E
:10625000000000000000000000000000000000003E
:10626000000000000000000000000000000000002E
:10627000000000000000000000000000000000001E
:10628000000000000000000000000000000000000E
:1062900000000000000000000000000000000000FE
:1062A00000000000000000000000000000000000EE
:1062B00000000000000000000000000000000000DE
:1062C00000000000000000000000000000000000CE
:1062D00000000000000000000000000000000000BE
:1062E00000000000000000000000000000000000AE
:1062F000000000000000000000000000000000009E
:10630000000000000000000000000000000000008D
:10631000000000000000000000000000000000007D
:10632000000000000000000000000000000000006D
:10633000000000000000000000000000000000005D
:10634000000000000000000000000000000000004D
:10635000000000000000000000000000000000003D
:10636000000000000000000000000000000000002D
:10637000000000000000000000000000000000001D
:10638000000000000000000000000000000000000D
:1063900000000000000000000000000000000000FD
:1063A00000000000000000000000000000000000ED
:1063B00000000000000000000000000000000000DD
:1063C00000000000000000000000000000000000CD
:1063D00000000000000000000000000000000000BD
:1063E00000000000000000000000000000000000AD
:1063F000000000000000000000000000000000009D
:10640000000000000000000000000000000000008C
:10641000000000000000000000000000000000007C
:10642000000000000000000000000000000000006C
:10643000000000000000000000000000000000005C
:10644000000000000000000000000000000000004C
:10645000000000000000000000000000000000003C
:10646000000000000000000000000000000000002C
:10647000000000000000000000000000000000001C
:10648000000000000000000000000000000000000C
:1064900000000000000000000000000000000000FC
:1064A00000000000000000000000000000000000EC
:1064B00000000000000000000000000000000000DC
:1064C00000000000000000000000000000000000CC
:1064D00000000000000000000000000000000000BC
:1064E00000000000000000000000000000000000AC
:1064F000000000000000000000000000000000009C
:10650000000000000000000000000000000000008B
:10651000000000000000000000000000000000007B
:10652000000000000000000000000000000000006B
:10653000000000000000000000000000000000005B
:10654000000000000000000000000000000000004B
:10655000000000000000000000000000000000003B
:10656000000000000000000000000000000000002B
:10657000000000000000000000000000000000001B
:10658000000000000000000000000000000000000B
:1065900000000000000000000000000000000000FB
:1065A00000000000000000000000000000000000EB
:1065B00000000000000000000000000000000000DB
:1065C00000000000000000000000000000000000CB
:1065D00000000000000000000000000000000000BB
:1065E00000000000000000000000000000000000AB
:1065F000000000000000000000000000000000009B
:10660000000000000000000000000000000000008A
:10661000000000000000000000000000000000007A
:10662000000000000000000000000000000000006A
:10663000000000000000000000000000000000005A
:10664000000000000000000000000000000000004A
:10665000000000000000000000000000000000003A
:10666000000000000000000000000000000000002A
:10667000000000000000000000000000000000001A
:10668000000000000000000000000000000000000A
:1066900000000000000000000000000000000000FA
:1066A00000000000000000000000000000000000EA
:1066B00000000000000000000000000000000000DA
:1066C00000000000000000000000000000000000CA
:1066D00000000000000000000000000000000000BA
:1066E00000000000000000000000000000000000AA
:1066F000000000000000000000000000000000009A
:106700000000000000000000000000000000000089
:106710000000000000000000000000000000000079
:106720000000000000000000000000000000000069
:106730000000000000000000000000000000000059
:106740000000000000000000000000000000000049
:106750000000000000000000000000000000000039
:106760000000000000000000000000000000000029
:106770000000000000000000000000000000000019
:106780000000000000000000000000000000000009
:1067900000000000000000000000000000000000F9
:1067A00000000000000000000000000000000000E9
:1067B00000000000000000000000000000000000D9
:1067C00000000000000000000000000000000000C9
:1067D00000000000000000000000000000000000B9
:1067E00000000000000000000000000000000000A9
:1067F000000000000000000000000000FFFFFFFF9D
:10680000FFFFFFFFFFFFFFFFFFFFFFFF8688D62D83
:10681000185CAC8FC7A6D118AB7845121A000000DF
:10682000E07C01005465737456657200000000003E
:1068300000000000030001060000000000800100CD
:10684000000000009F65010007627095425F599645
:10685000B13AAAF91F9266746E1A9F7651F509D063
:10686000CE11695E922471E305F77A173ECE20CCF3
:106870002F1D4D1DBDB91AE8FCE1792CEE50305F9B
:10688000DECEDFA8BA89191BC06EE192CF07038163
:1068900085257F062ABBCFD10B0E09864679CFB658
:1068A000348FB363B83AB7DE3851695E70DCF28A70
:1068B000C08DD6D8AEFCD64BCBC15A7610DA285D47
:1068C0006BD16348B4733BEAAE64698CE25CCEE1A1
:1068D000DAB90DE7747003C248CAA419B99B0CC792
:1068E0003765740391A3AA15D8029880E23E370F4A
:1068F000520C0FBB2ACFDE003CD5A0D5CC044DD91D
:10690000140BDFF6CDE1572CC7808E7C60E86AA8B7
:106910005A4743E890B1C762B808070DD8F9636CCD
:10692000C8EF58B09B1D2997D02C2DBBDBD4191B69
:10693000968C3CD350321D14F815787C1AD983C834
:106940001675D5C4F7BCD071A17A8EB60DCCCD200A
:10695000254086721138296D1A8CC7A2F796BEF6AB
:10696000396DD444E8E610CD07739B983E84636785
:106970000DE2095DFF54811FD2C6FFCADF8390126A
:1069800054B7AE33C9C736AC6B63D8122DB90FD626
:106990005B8586F51D385E72E58327F343C4CC8E94
:1069A0002136444C19E6E6186319688BFE793E09D6
:1069B00043557D472568E9FBE3E7400E5B93E3D44D
:1069C0001E6EEBE3B47F9A0E120518823E39F692E2
:1069D0003EBBB174A29CA028656939A04A0C38F668
:1069E000ED153A45A4C1FEE074E1FD08F1028A000C
:1069F000B752F0D1AD92594C78658FEE47DB41B775
:106A0000FC58AC03CA1D3E8AAB6556D22E0A93D5FC
:106A100019EC8F50F947556E983561A12788102BD6
:106A2000BF1BB38DEBEB5D994152CBDC2092B6EFEF
:106A3000D9B31503EA0A36151FF141523501B1E009
:106A4000EA155F509F0290F71FC4F8E8CDCF26A249
:106A500035AC38E68C49266E536AAC0EF25F31399C
:106A6000E67B3B97CA06A0341B20648662F361363E
:106A7000D83BEBA0E193D3E1F440D708B58F1437AE
:106A8000FB940D016FAD3A82FD4956BC2A44BD58B6
:106A9000106FA91AD0A8F71FD37BA1B290CDA7443D
:106AA000C7C92AD5DDA7F0BEBD19D682825464D8E5
:106AB000EAF8084FB686D04E8E29F7AF281525FA8A
:106AC000300BB6BB76616612076B4FA0079063C6AA
:106AD0002F904DB6A82C37FD49B64B4A127C267232
:106AE0008CD0B345CEF7D9C379EA7B201B557152C0
:106AF000D5C781CEDA490E467910969B59C2D9DCAA
:106B000000C2BF05D4303CC927B5BF5143543285BC
:106B10008B33FBBECF9448321BC5A9A93DB1B5E567
:106B2000BC95C4788163EB88DC66C67D7C74DF1E0F
:106B300031616EF9647AFD0F4E62B360C45F9B30C1
:106B40004FB822715D067F6B494A06E8D8FC3314C2
:106B5000A9AE9D17CC3E79C082CC24214F2089B1AB
:106B60009E7F0BA12344A39790ADB11CD285868153
:106B70005C60F775F785226EA04E7DAF0E8939FEF9
:106B8000D91125498EB14DEC684B3D830F3E2658F7
:106B900034B91D5346801B18F2DAAC5D798F13535C
:106BA00024AC20EE72591A2F97B9C3985C7F32201B
:106BB0000976FCE4E9EE0897D64B60AAAC292DB71C
:106BC000BDB4A6471E54C15B7898D09FBF96E7BD61
:106BD000588C7834261CB7863934AC46F9CE24BAA2
:106BE000903C0BBF1AEA5CD0D0553DEDA550A28376
:106BF000D8D71BA48571A6B7645CD8767FDF4652D0
:106C000083ADC210F1E6E655D9FD79A9F1C67A0C3B
:106C1000FE5243811BFB2026B5E8B99349332AFB7A
:106C200055FFE8E1C3AF1D9ACDAD70EF8228F102A8
:106C30003A425C937DCC832917F8DF20606A53FBCE
:106C4000792F0DC5F828B5BBBEFDF22A6EFAAE3B12
:106C5000C28DD161D8E5C69755DD97E9F4153BBFE4
:106C6000E0DE3940E06E171FB53626017AB4806148
:106C7000E7E053E8A1B33FE4FCF742A7A90FCAF647
:106C8000D7F8246D788A3D238806C7C157604E64C3
:106C90005125110C2C74E07DA764A2E81C990764AF
:106CA0006FB44E590CF4380B019EA36C45639D6282
:106CB0004C50E6AB47DFB99AB7720ED7F221D6AB8C
:106CC000279576FB983ECAFE6E996FDDC319C81DE5
:106CD000E252421095372A49EF82BD4B53B1F85525
:106CE000B135755E81601D4539AD003E16EAC1D7EC
:106CF0008CBD847551E0517A3F69B3F56BE7DBD009
:106D000008952501FE41C3B59A3E99F2982A8C3F19
:106D1000A0D33698DF3D55FC35917DE5EF554C30DD
:106D200075B60B94C129F135D671D27C3EF77151FD
:106D300054912B04ABB84A00B740C88B646DACAB20
:106D4000112D24A22CB6D9D40446353BAEB9278EDA
:106D50001DABAD2C348AA5C5E3439905AFF33512BD
:106D6000F244D0773A3BB86078AD9E5266266D5AB1
:106D7000152B8DDB20FF79E1B6B9F620F1FD8F31BF
:106D800095CCA8261C566017AA8B51D02772200DCF
:106D900028E5D8E22E1DBDA8F5E0294D9849B58F0C
:106DA000006566F6518D6383FCF5E99A872C1252D3
:106DB000FE6BA4D54544FE4C847084B5EAAD1350F7
:106DC0008162722AB7410A8832A8C25BA9735E83C6
:106DD000BF13671E9C2D462BA73272E2BC4DCDDD42
:106DE000D22F61E1A42AA92250538584CFCC996780
:106DF0002F149231659F6A9F5A8FC844767FDC16A4
:106E00006E36DEB7744F98C214CD093531E68AD19B
:106E100069F0A5728C8EC10EC67B194FBF27107FFB
:106E2000C83DBFB5FA580331EF0CBC688F1884F623
:106E30009B46615D39C35B8C488B5B7EEBE44A5BB0
:106E4000F04796EC1F7C681F34A82B455897359760
:106E5000016A8D3475DB5A346037688404944CFCC5
:106E600011E6904335DF8578037BC5D74BF137BDFD
:106E70009FAD9DE022CCDAE17813375FACE7E852B2
:106E80009974C9B582A28460ACB82B9182A5488B55
:106E90006D5753EC41B3BE7F169E002DC298CD5C5A
:106EA0006D20CF82534528502938CD3F75366FBFAE
:106EB0004D78FF43947CF9EA7E9A2D46CD1AB54170
:106EC000AD3E7BA7D6757EFD03A51FC7CCEBD709CA
:106ED000374ED71EF97063D1D579A9960E14627B0F
:106EE000C9F9196E36C3D2DA662A63D1A0B7DB0BB3
:106EF000171EFE66AFEA571E16C1872461566983C6
:106F00002D38119481D8AB4F45E4F4441F908E5A2C
:106F1000DE63969D2181DC1A69CB0C1C9CB79A0319
:106F2000D16A62AB58A96C688A9D7BF56369412779
:106F3000055FADD745043871654A7D447C11F5E4A1
:106F4000D74C25C5A5FF65E6FA02C5978500C9029D
:106F5000445AF5E35968716833D042084DBEC62CD7
:106F60007F0C79A39776CA62A9F74897E434ACB34B
:106F70001B155FE94303C874803E0119FC29BCCA94
:106F80009BFE59B899519D812F034E9D5428067A36
:106F90000D3C783050A28C079D89718A26C17A06F3
:106FA00061AB5CD38392FB8F4E0D81D52340FC9B5C
:106FB000E474A0C496F9E5EC40B3AD495C7E795029
:106FC000E2DD8F369321AF10744393BF1FD947EB97
:106FD000033746F1B6F5861468A18D36721CD01DB4
:106FE000D7B70F1AFA38DBA52EFD0F0B828033B608
:106FF0009D0AF1627058481F9C1D04A11E28A569B6
:10700000AA3635F42F4D18BDCC300727E0B38F37A3
:10701000E7AA2E9ACA4814B25CC4099B21DDC86C49
:10702000DE5A900107C31223810B959016283E006B
:1070300090683A8E210841B52A2761A134576841EA
:10704000F59AD7577782107CC3A0F67DDE24EC40FA
:1070500049D46E5C72959B94026FE58ED6BDA852A2
:10706000869E1ECD56AB65FEBC4A84B5CBFDEF6F48
:107070006364A03BE8DC6190257AFC6702C7734F2C
:10708000E43BAD25011C2F34EB02E08D006027B6F8
:10709000911A72C23282EC905C790CCFFD51EE2CC9
:1070A000F0F3CB8A21EF443E112AEAC543ABB4BDCD
:1070B0005A74417F1549D60D4A785275DB1B42F34D
:1070C000EEBC58D05C460E79B75FC6071DA738687E
:1070D00066795C471C752BBE14F7C4152CEFAFCC3A
:1070E000020A11A3593E86DCE41AF2006096AAE770
:1070F0001A38F56019DBE2FEC57625AD487E0CAE88
:1071000063EFC2A2E5C8EB7AAE1F1057D7B4A5D47F
:107110005FED7FE3CBA0F8FA05B5F9B33DF4F8A92C
:10712000012BD4DE71B8B2096A425F5E1FC6D87106
:10713000C3EB6270B025402AEDA6AA83B4475A0F6C
:10714000668139B3A4C87FABBCEBD56E9D9B8BE148
:10715000DEBC628FF83A494DB3695AC583960AD9A5
:1071600075E127395DA887DFAB55F6B2CEFC1F5F0E
:10717000C54139AEA293B67874816E3491C84BC4C0
:10718000C6E4E0AC33380E70E914354C0726267798
:10719000C728695BDC15606C255C59C349E5A8ED1F
:1071A00001893158A8F4C6288D96AA5D6384C5F973
:1071B000457792CEEA7F97E6DA7997AC2FFDC21138
:1071C0006D790879F7330AB37E72A2C8D96D62EB84
:1071D0001FB1AC4DBFD37C20E1D5CA4D7991F76A80
:1071E0000E0BA7B761054A393749F1638030FF8B31
:1071F000AC66217CE4173E6A41F92F6E697CB3B31B
:1072000092C059312E5E99E79E710CA10843374D0B
:107210008771D65AE83AD9A0D24DC19EBBFBEB0785
:10722000E6080D825B84A5A32F1E17DFEC09C47747
:107230006DC7E18B23F156CAAF3588AB945A4F72B4
:10724000DD7BDC93928FA6ACB8C8014642B3E91649
:10725000719D5B5D0FAA510526EAA589FE213BB70A
:107260008EAE281F186E64C55F05948C2E593B4264
:10727000F476712216A27D38B6CED3A4BCC99F3154
:1072800044B117FCD222C08D699FD06C1017B8DAB8
:107290004974D985E27710B98C62C96FD1703C9E70
:1072A000C270C8B78A32CE113068DD00610536E899
:1072B000B7857709FCD0CE72B497EB890639B9CD82
:1072C0000B7DCA8FD9B0D1214CFB7BF4A49642A58B
:1072D000EDD3A3A8D5376AE6888F7298B7E0716BB3
:1072E000BB7626562E51D14D758D43D5C88AAA89B5
:1072F0005E706C6246D3D9B33A7DB188D1B32DFFAD
:1073000085CF5C93F65200115498D7D6708A4DE120
:10731000F241CF0D439A3C67E8CDA55000F8A63A5C
:107320004D108765C2BFF6AF6BCDB5697B23694D44
:10733000284E6F06E16D3742F87DDFB8228F0AC113
:107340001D8C03BF2A06DDDE018DADF27B7925425F
:10735000E2A847FD335D3909D855CD77AD175CAB51
:10736000D30FB62871366FEDD50EE341F3AB9E0611
:107370004DF60D8680E851D9F27FF4455492040908
:10738000F82EAFEFA7F7D562738B23D63773A3958B
:107390004972C9388EB20DB018D81EBA2537946F0D
:1073A00035A3722852C384B48FD27DB379A1AF1EA6
:1073B0002BA11439E5E52B6B9F2EA17276EB4A6564
:1073C0000B97883B32BAEC07592E56624CCACB98C1
:1073D000D0801263DF66A5417B25C9E3853B38B5C4
:1073E0006D89E6F48A0DE7C8E3CD16CF7306E52074
:1073F000D8B5677B9DB0F1E19A89770CF3023A64C6
:107400007EA54E752E233CCEB0E061B29ABBC7A4D8
:10741000430DA53BDF2DD55C16B29BE092000C2BF3
:10742000294A52EDF460DCB07B5EDA22FD1520FAC9
:107430004CF5A493B5BE8136F43AB223B170DCDBCF
:10744000348102DF2F4323AF851E23221E7CF050A0
:10745000D5AF5A15B52199224A88324DD03F04053F
:10746000B33DD6F1C4DE50F0B639C3400AB6AC4FD6
:107470004582C542CBF7BCE4E31D3A735C0D93999A
:107480008EDAE62606D2F93682B34EEDF2CA5DC731
:1074900035CD4A8777B5952909C3FB45F30489FDA6
:1074A000592509C7DD7CE1ED5C0E74051024A506A5
:1074B0008FF0D13DEC03B9620523002D10C62E27B5
:1074C0001E7A7528039523E3DF1E1CCFC54D38A90E
:1074D000FD90A06C6FF023AFACFF3E0C305287B430
:1074E000EED5EB2B643C1022E94E2EA8D84A079C1F
:1074F000552562D09B6D2D8C2583B39992F0BB1BD3
:10750000180D8EBFCC63D2BA409A0E31E65D7F2B48
:10751000939247F9A1F82131405E6E7D60BE4088AC
:107520000982D8A91FD142331D2D1B11CE942829C1
:1075300060CEBDDB23B2161A27C4B49DCF07659673
:10754000F64EEB9FA4D8F3C26EB07952E9B68BDF4A
:10755000A93EF35D5D3C676997657A469453752251
:10756000BE0DF2F31134AB78FE7858C4E153223AE1
:10757000725E7A9FEA8898E803FEF7AF597BC826C7
:1075800000D341C2F7004F978A36D8E870ABA832D3
:107590002145CA04221D445274E612B96A9DCD29C0
:1075A000C69FD181733A6123F5D352DE7CF0CA3590
:1075B000B7B1B1B363F2E537D00F4CBC38D2389FC6
:1075C000C8A416E14565C950D3E7BBC0DA87CEB879
:1075D0000899A2459F0A9842CBB9BF2A6F70511AE9
:1075E000602D6FEA39EF2E528CA911CF9EBC8EFC14
:1075F0001FEB2AA38C82122279E42A1F463C3A5DB3
:10760000B99393486D904E45EF56A5616ACE723995
:1076100084D13AE2E4E10AC25F9579060AC9829B05
:1076200075650567ECEF1C033800F247D1D722D807
:10763000D6346D9417F0B2DD75831B54C196B32414
:10764000706C6B9DF41CA5CECA83A04B5912B5E398
:1076500034BA17DFCA5C2548EA4CFB63E0D4ED2E50
:10766000705B0A0C605EEA3242D14A29734D52388F
:10767000EC466BB7D00426877D187E6871B79BE017
:10768000D6517C83EB8E9FD2D0B7D55332BEEE99C4
:10769000DD9BCC2D8A0CE27909AF7C59F708ED28E7
:1076A000647A4F55EE010ADAB1F7CDFDBCCCDA04AD
:1076B0005DA96AFDD5E211B01476BAB77BCCE10EB4
:1076C00063CFFC10570D31CE05DE3DA7C22AB63080
:1076D000D0A9BA4700353B98D3EB585DE23840B3A8
:1076E000FB4E93C1ABDE84B49CDFD93E1A24D8652F
:1076F00076474669D47F360CE87143C398E719038F
:10770000724A3D9028FC766F06525CD16C077785F3
:1077100000B4EB039F71ED963A9C4A1927B3A1156B
:10772000E34905F7CC55A07F80AE23185FF60D071F
:10773000CA7F33C407F690A4DA6E077B27BCAB82FE
:1077400031F95FEE3744D4E554839504E264515433
:10775000BA0B4F9F3C62FAAD7AF0A7C48099A48817
:1077600027A4259CB96F95FCE50850C5D81902F0EF
:10777000C4616CE18EC261FB34C9BF517CA0AC0610
:10778000C0F8314C6567E52A5F3FECA59C5E86D06A
:107790002C2AF0BDA7CBF5F5FE362DAE440B7D327D
:1077A000CFB03F9ACAC13CBE218B430AB8608E68F5
:1077B0007CCDC6AFE18B25E27F6C7DF037A4C25251
:1077C0001F385F0D0DE3CD16B7A00E3F11802A02C2
:1077D000DC0F6E90A7CABFD47001CA259D93EA350D
:1077E000A86A06C8E4AE52E51057A8DAE8BD797574
:1077F0001DC4DEC00685DC51224F7DD5065422AA69
:10780000B5374C0B0E66C0C64E456169951F357283
:10781000800CDC8B084522904C52CB1B7D65754952
:10782000DC2049C98D4A6F54DCE9B4774B9F09FAD3
:10783000D57AA3934883ECFA6CADFF61E187C1A9C7
:1078400030FB451D16EA319F4987E95B9BE0E11B50
:107850005CE641B85D77A1F6B710773D4E88528956
:10786000D16F8FA3B4A026D75D687B188F4BF645E8
:107870008341B164F25C076A0F79CC92E5ACD81809
:1078800039C64A4AFF08246051224549E5274A780B
:10789000033BE7EF8BA98C17FD9D79410BE8CF9255
:1078A000A4BB66127C423B8182C6113120B84D6573
:1078B000D8D17F367467CB2AA165EF6C104FFD39A4
:1078C000A13EC4967FCDF90C482E871ADE148EDEB9
:1078D0000139D8AB814C69008768DE9BCDB1D18975
:1078E00009488B7722CEFBCBE9B1FEC4D17710A536
:1078F000675B5C9D5CCF83866E6B7F6B6FE3BB5376
:10790000F173C19EE3A1756674942FB140012F2ECF
:107910007DE36BDF87772B1C8BDB451A14C8FE4099
:10792000DAA652F8D91520FFB26C6862100D103239
:1079300009C83B4B1A090810E2D0FAE264C90913DE
:10794000C8C6E3DE28646BDA384DA4EE48024C8FDB
:107950008C1755F03A5D2028B0114372BEA9F0B5DE
:10796000AFC70402504B74D1EDE820E1673EB1741B
:10797000A63C55DE661A638D2028970D5980591351
:10798000ECE9F67E4FBBA1CEA37C100A1E9CEE173D
:10799000247B56842376F7A855386F74E43219A6F1
:1079A00072438FF0DB94B0CE6423F63A093B33B3D5
:1079B0009FD572279D7805899B9FAF7BAA0D8A3C36
:1079C000C9692BF9B77202E71C7011157D3DF727C5
:1079D000B301EEC464C0D4DC25ECDB981710E2B22E
:1079E0003D9178F69FBE3E3F4FAD41A4773A6DD5AD
:1079F000B66B2A6623E1F13E69DF502CEBFAB5AF96
:107A0000CB2700B3EBB704B7AC523E560562B75371
:107A10003F8DA6E18C811BB92615194F9FE563BEEA
:107A200021D71F660D1564CC4F6ABE479F802CA7D7
:107A3000125053672A5CD3C4990FC01CCC5289CB17
:107A40001E1A4B474A093C34F7047C77B254E507C9
:107A50002B66B3CA45C26A61B2B28FD89FB0585F75
:107A6000559833B7C8237452A505231EE3C46D1778
:107A7000427A937FEC8BCFFDF238273AE40C2A1739
:107A8000C9AD9728DC23C18C7A26D40D73D14D4320
:107A90006C57653E4E3549871D167496C17C95EC32
:107AA00014E928CF84A5AEEAA934DDC293E48DE2BF
:107AB00061B9E3670DDA0995B267FF9B28277F64F8
:107AC0007F19F907B6BFEBBC5977ACFB8584E11F82
:107AD00006C366AC83AA6922597C81C8776AFDF81F
:107AE000ABE680D764827E8EA5CBAD129CD0CC89CC
:107AF000D8BD4A37EEAB679E5311AD996C6CEB80E5
:107B0000805E8A9DCEC7F5A2EF1B2260DAA935867A
:107B10000233FDC91A2DA7E140049CE317C2548724
:107B20008CC72C794D8B3A040FDBC28C79D114F4BD
:107B3000D7A19B753D947081C6C960BE41D7A2D8BC
:107B40007815FD3DD6733EC2E3EB57A9B7A2F78E79
:107B5000E4BD548F6BA09DF1F7C8D7B0607B205473
:107B600018A4C56A394ABCCF6B6D1E992B73AE94AD
:107B70005BF528EB755F2BD267D73553C6D1F1CFB4
:107B800014CD56947DFF8CD0E3AD3359625F4FDE48
:107B900084544E158FABB2272C194FBE6220E4AE31
:107BA00085412FF59041551E42A3B6B3006E0BB52B
:107BB0008B7223C6D444AEED48B0D37F27CE034B9F
:107BC000EABFCAE5C93592017C9B0C939D08EBC3C3
:107BD0008953FECA495240A5F91EA6F6BF49310392
:107BE000D909847D5BAC81D31624E6FA60C844F5DC
:107BF0009376B3832C560F045BF88467599A94E408
:107C00008EE40557F83E2D3DE2613763E8D83F78B2
:107C1000939D091B61BE34F97193532C8F792632E1
:107C200051C575CB69530C0E8E07B47F3D1E236F73
:107C3000FE233A4BBEE9042CC14BE2554DAAF85540
:107C400047CB0C1FA06B93F01B28CA80724401879E
:107C5000FAC238D230DB90FDFE429DDFD74CD32CE8
:107C60009CDFC1E4F8A4AFEB793883BA382FF12B4D
:107C70003CA09A044DE4863D8CD0D884B41C825537
:107C80007B0306EB9795F4E88542BE7BAC0E266F2E
:107C9000F47AC7A26F79C1E91909C7772D8F77B038
:107CA0004E9FBAA9475848644885986C376054EF8E
:107CB000F8B74C36A179EC2AF5D1BE2841482B22E1
:107CC000C98FC240BB931B9AE945454DB2F96E344A
:107CD0000DBCB4CDC5064D50ACD00AD42ABA889597
:107CE000CA09D9EF0CF48BD83E59B09227F86A3BF9
:107CF000D44CDD8435CDE2B407CD6C234F0B009618
:107D00006F26C75BFD79B0F4848854CDA8CBE5BC61
:107D1000B905637C3458F9973756685B8D02EC2AB5
:107D2000647DB36CA07B9170605529F7EC445D8055
:107D3000223B355F15F99E335E22B231F8A659B465
:107D4000889AE734326E8FA4E503181042214DCE95
:107D50009267A7ABA5A75872E914D7E788BA207A2B
:107D6000EF3D8DEA5CA41F64F994629D4BA814104A
:107D700002169CF42ABFCF129B8E8DC5CAFD7F5977
:107D8000C3EE84F67EDF4AA8B842AA663F6C76B19D
:107D9000A11490AF4A33935D88B7F3E1A5ED2DE2CE
:107DA000D143A61650C4FA4F18BAE0BB90C8BE6AB9
:107DB0005C07E8896081BD7949519C62B9C12002A4
:107DC0002FC97771A3CFEFADE6DC96AFD09806F55B
:107DD000AA2E00FBA5F72B1188BFE7ED0C1096B873
:107DE000EFDAB469FE80B80BBEFF7CFCCA4F7E524E
:107DF000EF9528FAC6812D53F4ABB3C6D6AEABB51A
:107E0000D94266E34F6E787FED99C1416525F5F95A
:107E10007F7B598E5887EADEFA5608605EA9E3A494
:107E2000C8707586885A246EA966439C26E1B9F904
:107E3000FC6755007ECC0054B18CA879D7C074EB98
:107E4000624197FD24150356001111F2C61F0775F4
:107E500089C182D3CDD328AC591C8FA3D53223C876
:107E6000C2C2C6A2844D4873689256FBFBB0C8A933
:107E70001A37094FAD4614CEA45328C6182545D845
:107E800044F908AA5581C3445954B439B728A26C9F
:107E9000E992E5F49AA2D57AD1C51089AAF3BCE398
:107EA00043C43F2ACD853F2C63E7B19DC6F4D38DF3
:107EB000A1CAE3F96AA033B4B5204890DA4B77E061
:107EC000A54BCD37390F6ED30BEA53BAEBCDB9E1E1
:107ED000F459B9B36B9C0D73C3524C0CF6D77F3A6F
:107EE00096364CC663ED7EECCDCA1BAA54C22A64FA
:107EF0004078ED425A6FD854B5688D942DE3706A7E
:107F00004F967BEF0B4334950DB83A4DF9383285D7
:107F1000CCD0EF6EBF95204D7015D651D37624F896
:107F20008EE17DA40C7FA0E4165F0315530D32EEA5
:107F3000649FF1E69E6AB74BC02D1E51895778CDDC
:107F400091E849501E0B7A9111398431C3860D0690
:107F50006716B9E398262A6B1842434EA38BD32E9B
:107F6000DF6AE3BDD1326270A21931C415ED3CB4B1
:107F7000FF06184626E7FAA60A9EDCC70CD9C46796
:107F8000779F46CF8EEE4E6014083A9F188384FA8E
:107F90007FC1C5C121754BB88E136C34962CCB6A4A
:107FA000D5B8C072F2B5A6A642A3018F52B952FB52
:107FB000A3698BB3CF9056EEEF0ACBAA71C3CDFD68
:107FC000C5FCAB7992295EBC5B0B58B0642ED8BD62
:107FD0004BA297B0A9C171BDE688CD1D0CF53A1F23
:107FE0004F0136EADE3734F28558D0CAE385D9DF4F
:107FF0006D6E34CF305B58F342A47A97805652BAF4
:1080000068830CE0BA6F81D228A88D070FD78FD56F
:108010003CA553B77B3CA920F35C9CC43A269DAB9E
:10802000661CF0F2586084F6AA7DF0BE1F448A15E3
:10803000016F9D6CFE0EF9AC54CC4DBFF861420649
:10804000DFE4F2AD1539C21F33D8FE01271609034C
:1080500051C03BFB62E3C9B3E96DD857DB0806BCEE
:1080600032FB35801435D0643049D752992E3258BE
:10807000F637ED7CBA64E48F681FDD8152C1EDDF15
:10808000D4CEB5CC333B3E9586DDF25E5C52E0410A
:10809000FB5B88D18EB952F88A311FDAE9FFB785C8
:1080A000324B7F2CAD7543B5B305AFB039DA6F8372
:1080B00009E7D50911D370DD9A17833346DFFD4BED
:1080C0006B29FFF5AC75DF8344E94F6E316EE5092E
:1080D00081AAFDF8A19B3236F006805A6ECFF85A7D
:1080E0002B9DEB340A5F962CCE6B81EE1DD07E5516
:1080F000BF948C8203F7DFE7CA1FF7BD3CBA9F2A03
:10810000BD10DBCBD7F3AA306403B4896F9865CF79
:108110001830F9F886D4428174E5BBC184C9296A54
:108120008795C3D016B8147B7A1CCA3E12B3B17DB2
:10813000B7DDCC6D3E84944D8722F9F8E84904D52B
:108140001793D91C90935A50567688741824E27964
:10815000B46143DAE8224A52EC8DCC64ACF2A66EEC
:108160005DAE5156D6B146268DADC66A90C1884ADD
:10817000B6288CD2A078431A50B30BC28203E757BB
:108180002446C40242D60B845593678C521F73EF6A
:1081900029674E7081F1ACEEC6C2E69DF7292D9697
:1081A0004B82667D8BEB40F839AE556ACA97B6CFE5
:1081B00072DA9E509AB4895ACEFC3371BA7C285A2E
:1081C000C438F65EC0B40D247DC83FB66E2365F397
:1081D0006DDD40399F631DDEFA85647E99DD348E46
:1081E000E975EB72603C881FD0C7F23BC093C6783C
:1081F0000CA9176F103A8B45D60EDA7A24C03DB021
:10820000E14C803266DA936ABDE9FF39F5A21E2C93
:108210000D6EE5F8F32EF72A1F228CF87D3F80B90A
:108220007D48C68799C290F243A340127F359ACC0D
:108230000023822D0866AAD00766C2AC446E23DCF8
:10824000F8C5A2BA5B0F555646EE2EABE5E156B324
:108250005D087BC4DEAA2C2B6D0C3D2A4034E81649
:108260006758D494F082D6993863F8E6AB08B048E2
:1082700086D411938E3C824CACAF309CD10A29B588
:10828000315A4BBE76B8491A4F998A3A1030290DA7
:10829000D4AF0B036452142E6605D4EBD473ACD068
:1082A0007DFA63CA8FAAA086F092B7BB0F21055949
:1082B000B5A08BA0C0E49BAD0507FAF88D45B38946
:1082C000CD2B349A0A60C4F62D61E52CD47B78C896
:1082D000D4A406C283427B0B7435EB3D183C8C253D
:1082E0009BE9929D08E636A9EFBC886DADBB5F7B2C
:1082F000358F7E2FF1D23E42F54F751D216F12E66C
:108300000F6D64C9515FE080D4A77C1C2430ABD4CE
:108310006F5E7007CFFAEBE4B4546D45B66CF86449
:10832000F4C401EE65A17D3F37484A8FEB7C1BAB5F
:108330001D3A235EFAA41E81C048073CE7E5982851
:10834000754B5F4359E8F6D4E51B2212AD054C315D
:10835000B455C731A738E74C1901198254F46FA7F7
:10836000CC7FA34F8CA2482EBCFEA8D941461F6EDD
:108370006380DF325F9FC3605C6D66598D0172EF71
:1083800077198A135A2E52B626C60833DA64D7777D
:108390003EB48399B5E5022DEA00D9F1B7F2D7BD15
:1083A0004964A4BB99893991234929054AD479F1B3
:1083B0007E887A44320446AB236C13B6D0DBD012ED
:1083C0004392434FB4F3B9310F5444F6F18AFE6738
:1083D000A2087B3189E1D62F3EA9F97EAB7744AE66
:1083E000B3952A21425EABAF908F57AC56ACADBE71
:1083F000D920EB89895C853A50F5425E40DC5C749B
:1084000061E2A09498453702A7FA2FF4ECD9426FA5
:1084100094436C1699F952C4F7D30A281A617B3A2F
:10842000039C565B091EC5556BA9CCC011ADE44A2F
:10843000BFBBF11D8C338C73C94DF120823933A041
:1084400098462AF4605AD8C3FE5E213734E2CDCE76
:108450002E3E0137FFB373A12F3CB76E2A47027936
:10846000858A9B85A4CD290C4019885BDAFE85C3DB
:10847000C0FD9E345B68A6D60B9CC3ED9EFA5EBE23
:108480005580613C484812A49D5497DB5E048C7B68
:10849000B504C4DFF594E5494FC98CE97BE5BB0F12
:1084A000075701007E546A699C74E0F5859FDD2AB8
:1084B000DD3ADDAEC14D68C46C8D76305E78937B5D
:1084C00090029DCCBA1618BA12A0C9A97E33C43145
:1084D00059776293E351821B2A71CC144AC935C380
:1084E00023FC952A8BC4C1BBDCAA1CD9BC1C4EE35F
:1084F0009ED19D56F4ADCCD8E4CCF5AD7ECDD24E18
:10850000A9ACDD99FB4B5DA8A02873EC0C2BB4A2A1
:10851000E9BB1A602E271488CA6445782E779A4ED4
:108520008682C9C5A4B2A097A7CE5ACA3D23BEBBB6
:10853000C4D4DEE10CF9DC6F5524800CD8CD527721
:108540004844210F461E5C2F5B1D7AE4A75846C69F
:10855000DC87FDADCFD0B914E1ECEC6B9A29D3C622
:10856000EE849D36B69A276EE91D7DFA463D0FBC16
:10857000BB0A73908A64E902C42A9869A2034A7FFD
:10858000EA26FDBBFF4E867C8F577EB86B93B54CB9
:1085900087B52E236E05C7A58B08B5926E77F5BDFE
:1085A0009B3BB50922C7E985939ADAC3A7203AD045
:1085B000CF1CAB77473AC724E0BC6B5753CD14A808
:1085C000EE6C2A36DB54EAE906266C6BAE5DBC5BCA
:1085D0009786AA55B73BD3BD1F6695251FB16E710F
:1085E0009E0B52BB517F592ED944BE9516D4972865
:1085F00042A758C4A7B362E2757733760BEDB5098D
:1086000056D5287E50A2B94A914DD648A8A604F561
:10861000B9FCD6CCD077BF4AA3989A9B21B3FA1560
:108620009F4A37A0C7688ECD1E2189BB0B88DD9B72
:108630007B92B206DC53B06A8C13E367BECA8DA985
:1086400081F6F01EC96E4503F9647B0120C6184906
:1086500029A6E549966284D6BE82E8B59700EDF971
:108660006FD6163C1BA19F4A2445D4BC752A1AF527
:10867000D802FB26AE801DBD581CC50BC249FD6249
:108680006ABB9F0999208C5DECC8A89C5F6E13BBE8
:108690004D0FC91701E5FD3E0CC83BEB5AFA932478
:1086A0004166E29787ADA6F3A1A3E9C74E14B7A22E
:1086B000B9513A58E3FA54FA5033EA251816162FEE
:1086C000D5184E000722E666E2AE234493E96A839A
:1086D000EB10C0EDD7B4FA0496E90169E44AEFA7BC
:1086E0003D2F2588785605526EFE2C50B1E05F89EB
:1086F00072F7F39B03C9E0019468A30A182A9A4110
:108700004BD56861E39EAE67CACFE774577013C05C
:10871000C4AFB270C478475577B884013D03B8E45C
:10872000E51085BF75C6CE7E3928145123C02DD4DF
:108730003A4D4497CD67414A11A7D4EA99AA4973A3
:108740008F9D310E180A607595BCE4AF875AE846D4
:1087500066B202F5E2FC844149E42A7E31BE2891EA
:108760000DE94D54A4156C09F095EC5FD271875C4E
:1087700092B6FD85C78FA8DEAB5C78AB38BB992E6F
:10878000E97D30B0EFBC79B8804A90117D3E8BB264
:10879000A84E8FC71B3397BC52126692ADEA69731D
:1087A00054AFB107B632BB5645AF992F0F0A8A08AE
:1087B000FDA69393F480ADA62A8153123304A1A0A1
:1087C0001C3737FA2C2C0466838CBFE1B863622F08
:1087D000D168CBE26ABA40AE64B707D5FD43F21365
:1087E0003B5D1866BDA1B171AAF8B1C74127269CAF
:1087F0005A75BC82D53E3EF6EB1D8BF6DAFBB2CE47
:10880000B6BA48D9DA3C43BAA45D982EE0F2DF3F0D
:10881000B9240F06CAAF7CD6D38F9165F8AE6E1916
:10882000DA1FF3AD8FE867EA5166EC398ACEC115DD
:1088300033F25FDB3493F1ACA7A4447B3D69A356CC
:10884000B72B4FC6C66AF368127DD99FA64D640D3B
:108850006167B76B403658DFE80BFC24E6345CA553
:10886000A5F63873B1A5CBF87EB6C0F0719B33FB8B
:10887000F7C80B10DCC86BD9E8B7A83204DCBA988B
:10888000528EF993C7F3E5930D279B08F0C6C82BCA
:108890003B65F9C8FA01791ADC4AFCDFAD9B154348
:1088A0007CA308A45A16DCD857FC7C7AE1A1ED6FB2
:1088B00012421A2D8BD7FF27216218B856457EA584
:1088C0000943C9119DB7B66308B27BD167C60C1EB8
:1088D0002F7F65BE43A73BB479C2E8EA8D2791801C
:1088E0005512A75869F167401BC26B89028E16A208
:1088F00072B3194969D299732158B51786FA12B71C
:10890000C94378BCDAF5413950143E2CABE54476C6
:108910004272F107D8EA88492FC2FC5DE70BF85D87
:108920007B8E047B9598606795F65CAF93D1301E83
:1089300043CEED62C99F72944A9CCA31882DBB2EEA
:10894000C5B5B7861256B5224758369B7BA3C75389
:108950007A4E461100A171B6E1E498F6D0CF19D154
:108960005D8A4CF33243707D89A5905F77A70154EF
:10897000ECCC575E638B239728C9032689A0A60CED
:10898000AAAE0DD8ED5E1B5E2261E8B8BD08F4F614
:108990003FCDE44CB3DEBF5BB367BB28FD20F89846
:1089A000C3C06CCE917DEEB9DB270E843CD795E435
:1089B000711BA3817177A0027E8CFA770B2AAC4ED3
:1089C000E58A29928752A1615DE2CF25CB1E929D57
:1089D000BC4AD22653BE17589B63F7BC8304AED360
:1089E0008B35ACF85E52946DA7A5D0B8463952319C
:1089F0000B4BE5551A5A23453AD8F4126F595D8549
:108A0000C046699D07F164A4568AD4BE9802AE7E22
:108A1000D32D81CB86F6A7DF4A17E1CC0B6F3DD370
:108A20001FACBA09DDD98A1AF02AEE5FD4433CC4E0
:108A3000DB22A2535796F1708E1531CBA6D150B6DA
:108A4000AB01D844C86A40449BAFB3137C237FC2B8
:108A500048C2974B9F4C0A5ABA961DB73FB9492155
:108A60007A7C76DB9F06578896F4C34F7E19E7CD54
:108A70009638A06DDF6A186DCFAAA0496F58709F15
:108A80005F22367562679C12D002A3026FF4AAC4FB
:108A9000C47ADB8743DF6D5EC7CF6DCD3C7B2E751F
:108AA000E59AE8330791B9A50570A23C37EF7751F5
:108AB000910CD522807884B8A154712AA218250D72
:108AC00039FF2F4F114A916BE3A1AE484A21F3447D
:108AD0001BD335EA3CF3F2345C44292E87AA36C313
:108AE00011EDAD0916CB8611139FECE50A103D235D
:108AF0006C71148234DCD573C8C423645732761A7F
:108B00006C60400D1924E7527C93ED2E02B78CC89F
:108B1000FE330D4CBE8F20665B80E316DB8A958AA0
:108B20003ABA43AE9AFEBD105C5246C6C068933C4A
:108B30007166730932BD6CAF91199CF2D9D9763345
:108B4000079DA69AB518D4A49641F7C20F91A07DAF
:108B500017FB6A4DDD0478139A8894535B99561776
:108B60007B526E922440B46FF7DE0527D867C100B0
:108B7000A79D0F332209DA0BF4E10BA22EEE64BF9E
:108B80001DF7D28A1DA5CB11D00A454AD0B76093F4
:108B9000AB2DD99B563514066C25753B8CE4785F5C
:108BA000F7D9D332C049FA98067D70766F1BF62B41
:108BB000F987DEE0182F8A28825FA243CF542FFE68
:108BC000680CED6DB1DB60015CBA0DA6E8D308025C
:108BD0007741946990B8A548755C874F0242FABA0C
:108BE000566E52B1370F648813B73C9437FACA9A5D
:108BF000351A9081828A1B4545274B5F3E45ABF66F
:108C0000F0B3F67576C0A37F26BFB29FAE8604D5BB
:108C1000B7B66D1E42F5226BE7787A7BD3DA2EFD6C
:108C2000A6C7E3E6880819D0B58C4A6E8DC30BE859
:108C3000566889330512B2C4373120878BBA27B200
:108C40003168AADEA5048C45CFE2D77FBA0DE9CF03
:108C500034786AD40CFEFE60EDF1D2433B6B4110D8
:108C6000F7CD8B55BA05291E05BE635BBCA0EBBBD7
:108C70001893727786AD3DD7A68EE8E76AA9D23FF2
:108C8000CB35AA381CB607D5FA2BE6D0CFC48094D2
:108C9000FC7AC1C88CF238EC8E0356410DDE180AFE
:108CA000D399025D5DDB323D75A72946DF7F8AAA35
:108CB00074105E3B62F1597F6D1398A15C74D549C5
:108CC0007BB883C2A8970BA00D35AE08B9C83E3655
:108CD000E733B4B157E61DAF3AA961CC09E201937D
:108CE000E892532A8C9600D790C66862EF79984331
:108CF000F789F37EBC52E23A3B0A741DFEADE4BC38
:108D00007E91B3CECA74A25EE1CE2F96750B92FB14
:108D100054C7CAFADC66013034E7C7138E98F9B637
:108D20005144F1744262444C64B8DBFC273B239A03
:108D300006280E17E34FE386BA9158CC03DFF416EA
:108D40008511007EEDB11B72AFAACF91642C29F47E
:108D500085B208A4A1825CA769277F28A6CD560802
:108D6000958622E3BD57C631E571ED6072F77BE170
:108D7000F3D8F69F396127495BA581DBE6D2E3167C
:108D8000F024E3C8598515E6F04F55EEB624241DAE
:108D9000B5676513AC8E30C22C40F91DDAD6314D63
:108DA0004AACC948C67402DDB7B4EB7D17AC6E8C13
:108DB0001B3355D2EC58B2BBF11ABFFD3BA153791E
:108DC00002B675F5B57593DA1FC5FCAD791AA5A481
:108DD000832018156489AB8B07A70CFB452CC30BAC
:108DE00036D4F9EC4DE7D99B399D420C3539E7C3B0
:108DF000A773F81EA17E106113C96F87568317EA07
:108E000071E81CF05B876DB6438B2F63A88175CA30
:108E1000ED98D8C7A7F252885ED1CB46C1A26A5D51
:108E200054B47DC922015F73F2CBBCF41C3B5C20BF
:108E3000C21D6553B238A709A614BAF84C376CF3B3
:108E4000D27C97BE4F8AA6BF32E8943F644950C196
:108E50000137D27BFBE00F0FBAD7D4BEE2D0EAE1F4
:108E6000AAA4BF106F2D3799E614016DFDDE4532BF
:108E7000292BDB16E0E0ED55A178678FF1B5CAB874
:108E800034C9565E04AB54450EE59E876819D7BABF
:108E9000EB97DB7942091A33CA5B8B3D1A878D2D1C
:108EA00041094705B554350D47FA270017A6930C1D
:108EB000E2312CB27457D66518791D257E26D0680C
:108EC0007239B4D5359A8F5E88AF6A15F4E60878A2
:108ED0001312F3BD6CA81617E699E045B2575CB7BC
:108EE000C35D50F8EDA81B1FFD13DE8446A5B32C0F
:108EF0007D91C7C8F7E308E0AD23D5E28ACE3151B2
:108F0000E5EE49EA927290F15D1738E424ECC54D24
:108F100061B5FEFCD0A9DC3B0C8D91090B3B4CAA42
:108F2000312B43E797971BCFC17959B7128BD2EBFF
:108F3000A28CA20260512F4EEA4B8003100EEF3537
:108F4000A4C971E5BA0E60831B997B5FA5B5596D05
:108F50008D329BE3B77BA7C973C46C0B1CC3422C37
:108F6000A2ABF33A84C948075380E0CE9CC4A898CA
:108F7000281AF565E2A35C16B20DCA1C472C504BAB
:108F8000991D90A71FDAB8978EAB821C365CE065FE
:108F9000F44BCFA5B60AF7B61E80D80DFFFBD25012
:108FA000CE1126811C8342813FBE2B022EE8A8E70A
:108FB000E9BFC97740BC7230E3247FD8BB314D1D77
:108FC00023DD7C28B5B07F4D3FFB96F169C677DA8B
:108FD0008484F1C273A6DE6940EAA9F5C55FD910A1
:108FE000C6661013771C89523BBD37963DDE38A705
:108FF0006FC6B54BE74166A16BDBB63DA41EDE8CA8
:1090000070D9A4D792F8D90324667D475F35ACD2D6
:109010000D2A63B84A2C976A2BB531326BE6DE66AF
:1090200091171B3F6E0FBD5423166555F1F6E943AA
:1090300099C3F255F9ABBBA1F19484E1FA5C7120BC
:10904000B604EAAAA33B322A2AED01DE2A7DA31A3E
:10905000884AA000466BA731BA643C6FF9C2CEE1E2
:109060009E19ABBA6038DC4D9ACFB8F632288365CA
:10907000BFF07B67E63FEC258257590304C2674087
:109080001559B179B9EE80615E5250DABCABD07D32
:10909000B633679DEB23FDBA6E2EC1A608518E2C08
:1090A0005555F02E3B581632D50E4645F439BB7C4B
:1090B000B966CA9DFFBB2E5E796C24899E29CCC4FB
:1090C00065AD76FC392E44ACAB285030E0728FAAE7
:1090D000BECFD29483C96C2637352421F21BE324FA
:1090E00044EE68022F9FDF9CD08343F0BB5A368E3C
:1090F000DC69DD265C24BB90D004658665405E7526
:1091000086A30EBB07478FC43932712602F2B4DF43
:109110003EA4AF2D40BD04E484805F79D56B431C31
:10912000449E5CA6D1207B7F44EF3A92724300C6F6
:1091300062F703A4BEBDF7D7B25FE1586C236F0599
:1091400045679EC99D9FD5E4828C5D62571C5786FA
:1091500008069183F5C33C9489C221B3B0AEEE8C6E
:10916000E2E27F7A9DCBFECD62EB9B929A60714AE0
:10917000AF3ABD50D9EB4969B0A700B45EF18F4555
:109180003D6CF4B439A51C091F9A4439494E907AB4
:1091900098CB12C8E51B818530BBBDAB9594134CB1
:1091A000EA85C63B05D9EDB3B90C21173D2F99A12E
:1091B0002B0D3983222497BB79C17BBDC121ECE201
:1091C000D44019AB1289F73CD46F72628DD94AC46E
:1091D000E0324C571FBF80EBC5CB61E0803467B2F3
:1091E000E39B66D945DE5C415CB9EBD08F82780D9C
:1091F0009CD10DFB3A2A97911769C640F7E9768210
:109200000064AF3D0E625B6F998E601DE00B7F22A4
:10921000B800C61F1356440F41A2566B87192B691D
:10922000D714F73A467EE51EB547B23C78A9096DDA
:109230003A4129995E3EB5198A208414391081ACCF
:109240003976DEAA0B3E7739B7810625A52BE40EC9
:10925000118A483C7FB6DC7FBC46186BFB25F607BD
:109260000A7D6A3647B893E3B5AFDA531F44A59831
:10927000AEA6B93E4FA2FAECCDE0749AC45891C3A1
:109280001189A9E6DA8CE8E6DE6B45BCD7E9DA8419
:109290006A680BB4F1E377FE0B5EEB43F9E73477D2
:1092A000D6A683DA34ADF6098C1A65FA321DDD4193
:1092B0009144A198E1F1C1B67A2F9D77F644C9F99E
:1092C000FF0CC64B253F6EFC904E2F240A3AFF3F01
:1092D000DF49F9AC81D368755E619A751EE0E820BC
:1092E00093464A9F924F77BB6F8E09287965FF920C
:1092F0003121EA0B5BEF3B6EF8A1F840D181617E32
:109300006AEA66BA900A70BE02CF8CA37C418BF3E6
:10931000A1518BD0157F77629AC3CD5E9AD76154E5
:1093200039B7A99D8E30C82E28B2A24E4D40822852
:10933000467095BD9AB8C8DB9A5F5C54AF5E32ED5B
:10934000EDABDB3E99B33E6842505C720087F4BDE2
:109350001B7E32D179D68D3D6781C913140F1C82D3
:10936000474E8DE6BAF209D6DC5BEDA0899F5DC25F
:10937000EAF5EF1A2CD359440E7F0BDC48A883542E
:10938000052CE677D0B4B7C1144C0F75D467778B32
:10939000B20533D93758316BEE2E2B95D068513149
:1093A00008104AE448D3AE7115B36E2DE564C32EA0
:1093B000F1F317558974BB228243EA1EA63F49493F
:1093C00065C5263CA2B5E38BC5DD752DBBA87766C8
:1093D0001B6AC70ECD1A411C0D11C75BE8CFF9D52A
:1093E0000E91D3E886AD2682E69B9F3C60C2CAE61A
:1093F000D52433AA960DF3A2AA9F4DF50BBE15AD49
:10940000194D3584E4A93019472D37B81B6419F874
:1094100003E90EEF10AD88FD86CD3DD1A61393E292
:1094200096E139DA08D819454C67EC9F81653C74A0
:109430009C180ED65D87EF71D88A8791E090AAA11B
:109440003C90FCA94D912BD5E1F753297FF87CD7AF
:109450006445B7D731EE6CADDCCE67EC3A5A3034A8
:109460003090D75FBEEBF35CDC80E64059926674C7
:1094700050B6948C48A9633A3FF907D6CB4348C607
:1094800038CEFBAE1316DC37D9943DDE012086CBF7
:109490009BBE253876D4E0FA4DE2D88D04A7800132
:1094A0007CB96ACF87F0D399D0718DAFDD592EC9C1
:1094B000DC68393998564F91DB1D004A074480E734
:1094C0007F5716614636FF861A9F76EFCB3B3B12DD
:1094D000E672E0DD9EC1C343C33173E61C8047BC26
:1094E00019F930046E5C2C352C06164C863CA7AD61
:1094F0006E84B8E84D2DA56A566C5EF84E8EC0D5C8
:109500008DFDF614542907635E215009AB8A91D072
:109510004EE61C480A60187013751108B7AD29C4CF
:10952000020FBC4C79F23F13E592B18B41897A2549
:10953000DE3449673D993142D4DE1ED698A50A3AF9
:109540009947721AE47D2906142B587D5E7E0B1311
:10955000D3BAD7BAFBC4DA17A96B7612D0FDC4749C
:10956000837B5B1F44092EB0304CAE2615CEB97CF0
:10957000CDFADCC4FD1DD45CBCCA59AD2CEA6C56D6
:10958000F1DDFC8B012003A5EC326849632D511BF2
:109590005FBFC7936C3AEA46B029768CBC6B3B76CA
:1095A0008254D70ADA229270697383482E68FCAB22
:1095B000AD1E973645DD46FCEB92A3E1A7D69E3B58
:1095C000146ED2D0ED843BA56DCD9FB9B58B55B847
:1095D000875D37AD7340EB5792082ACCC67A8A472D
:1095E000F43D490DF4F79F4D2B29FD1BC92215268B
:1095F000BE632921BBF2BE015221BA26AFF6CB775A
:109600005450D14899B7E602FC2317679ACCE86119
:10961000999BBB1852206A1897EA3983B00091A130
:10962000E7FA7C5DCC1C027E500A5FA374BF99668A
:109630002FE1E8C64FEE5C482F6FD2E0E0958C7EBC
:10964000CD86CD2EE6EB9D1A1C646807E83B85C0ED
:10965000F174EAB0D70DC7F217C03AA3CD3FCAC71D
:10966000D4DB11F27D2AA6CF5359D2A8F289817C8E
:1096700000F91FA65BE5383B4094E4B67CCC532A46
:109680006763422AC5F15FA121655CDB792FB3884E
:10969000623DB7CFC5765D3482D287F805BAE5580A
:1096A0003BE29CB05F507160F2C4EF2364E67995B1
:1096B0002F9BCE54CCEA5D73CB30D39E03225A53FA
:1096C00031A6C78C2642639E399325C1DC2062C532
:1096D0009C769225D8EA221AADC365B284DA086076
:1096E00082AEA289617F0AC2D9EC2E4D2280DDEEC6
:1096F000CADA4DE87A276850BCD2F0F81569F9DC6F
:10970000EE52216178CB40D922B1CC31BB57908445
:1097100065D67CB23325187A4906B2A21C5C043A9D
:10972000032E4BF1C7B72037C944EFDFB2D361BB7B
:109730001623BC27E4D62393F7DA71A954C0EC238F
:109740002C0DF548BD90A7593753F72E6E74FEAB1C
:109750002EC60CECB4EC20781DA087D78280C851AF
:1097600017523D5E7C1844B98D0DCE7AC0912147C9
:10977000154EFB1C19392193F567DB5308EA3F149A
:109780007FAC38BBA5F9D2B58D8ED587AB245731C8
:109790000B61C1587EAD2751AAED540848A225EBB4
:1097A0006CFD86AB1AD4F119D6FE171B280224894A
:1097B000BEE76B24B2D5F347D62F1F923DA5D456F2
:1097C00050D0DB0F1DA28C9E90E62109F52EA2F74A
:1097D0001B6764C13DEDFBF22DB98DF3BF609E9711
:1097E00014BCAE9FA09427C63A35CC739A850F3629
:1097F000E7D8DB9DBD6165A8D88432680C6F2C1852
:10980000A010715C4B3D23F3A0FFFFB84302F53A73
:109810008854D8F348FAC66C1D0B22CBB8768CD08E
:10982000BC3A58675A2517593B4D15590BF3DDFEC5
:109830001BA560DDB4D976F899B52EBC3087D7B2B8
:10984000FE433FA84A3897B18829A78991A7A2CBA0
:1098500017F2A08A56B47A4AFAFB1175D853E1CAB6
:109860004D178AB5184E071A617AFC7C3332EBCE5D
:10987000C18BAA7389363D46ADEEE479BABDEF0DD2
:10988000E09A181474232ED26921B7DE433CB271DA
:10989000D1BBA9215649C40171825A170705B6B038
:1098A000C3168DC4BC9F22015093A6DC2E03B06A60
:1098B000FD0B25ACC10435939D3B423E8D1C9BDDC9
:1098C000D43179DDC7D082451C3F907DFA3F34A664
:1098D000AD0EC3B43F73FD8F50052DA5CF51268B20
:1098E00056AA27BBC4B72174F7727C95402A12563A
:1098F00078D43E540EF179D4AA97391E2A50BF8FDE
:10990000E3BC97E12165F911FCDE73DD3EFF3BE826
:10991000EB843C6E37C651F05D83E813932FCCE6A1
:109920005E06781097024F42491E3495E6E6B60867
:10993000D3B545431AD199AE10B37C040338F5076B
:109940009629D39367703C7EF22E926BB3FB02672D
:10995000982842DCDB0780809C94AC30C0D54294D0
:10996000802A439334E2F7DAB0B013481246DEF7A8
:10997000792C930214C430399FCB0E9AD1951EAB2B
:109980006A601B5BB86E232A22AAB3DE669E0E8134
:10999000ED4DC1C560EEC99ACBDD2134C212E29310
:1099A000055A72AF2817DF74424EA832D97C526232
:1099B000635A13E21F59FFB5A97C35059F31CFF9D2
:1099C000C03C17361C00D61A48EA442D67DB4CB55C
:1099D000795D84EC789475A5C442438A504304C8E9
:1099E0001EB90D26003BA6AEF5510CF33C3F16EC1C
:1099F000FC5DCA2D33C549BB0FFE0CD5CBA0A950C9
:109A0000D546B1557C764BC29630F18C08086D1066
:109A100002D1FE8A5A38478D9AC6CAE4C2A96C227E
:109A2000A00F27261F017887891B10C87224E45DC8
:109A3000DF2B71DEFD2F1BA59192EF91894B64E323
:109A40003BB8BDEBDEBA46E5779028253BB27CC536
:109A50005D553C4717053B13CA0A8C1C2C7D62DF01
:109A60008C29C269341FAFCA13C944B80F4799562D
:109A7000C5611D0CE6FCAC16DB223B159822948CCC
:109A800023F77514B9363E5A9B40BBBAD272ED34F7
:109A90000A0D253D576E5ED30E0150F93C96A5BACE
:109AA000931131286C63F29CB29DF51E56619DFBAB
:109AB000929789B6FB4B18CEA1377BF9ED04A7B37B
:109AC000CB24974AAA2CF66833EBFBE6F1850F838B
:109AD0004B466807FE1647D5B89131D5492B250965
:109AE00016C1776D5063A89C6612DC554BDC088369
:109AF000FA9027C693044C7805A5B02C3F275A51FD
:109B00005D8AEA92E4B1C0331F434D9A8AA923D9F2
:109B1000C3A0D5827A02F77E0C848CDF03E609FBB2
:109B20001067E88FC338764FD12273D10A9D6B66D8
:109B3000BEB9B62F7CB2574E40B1293FE1DE9F9DA2
:109B400017CA341693986D675D3DA4F90846CE4A4E
:109B5000C17E15121AB0A60A85731CA5BA241AED87
:109B60008397EF548D64692F959ED7A78DD56C018F
:109B7000AF2470EB23BED4127E5D3B339B4E8E41EF
:109B800058A090E021D7E1A466FF6E84AE52F11494
:109B9000CA3E887B9F5C8846EE8E05909E9F871C00
:109BA0004F7E77371D8AC8EB0CEFC63A191B598CCC
:109BB000F09912F47C82FF54848F1797576ABE374E
:109BC000F7E9D2E9F51ADA10A27FB7D29CD23CDBD2
:109BD0007BAD3DD820F0422C633245EA1AF0B50E39
:109BE0006A09C59DB99E7436266B37CF93688F6915
:109BF000505264BD66C3320B55C78A612C40EDC418
:109C0000C5635B0FCC134454C037934D430F7E168E
:109C1000B59B1F9D6B56EC4AB04F7382CE29993E7F
:109C2000A1E78D99656060152957FB19E937B8D10F
:109C3000E36BDD464AD461E050B95C549B05ACC887
:109C400014F8D8DB71466A5E8BFF0B6B8F3EBD8CC0
:109C5000AAAF545147C23BB3CF3B8E377E71431BF3
:109C600069F9F6DE137CDBB97D89A19F0D46238956
:109C7000973047099A621434E1975E393F90FA4C65
:109C8000F40BD676D22F9ECB107DBB5FBD03756FD4
:109C9000A810F07C9EAFCB2BFA67255BF68F42EFC6
:109CA0005E611F93C83FA48BF3A8948FBC67547563
:109CB0004A42D0883478DC0FF47521A209176691E6
:109CC000EAAA05CB2F452E8877EB51FA9F366C8A8E
:109CD0005BA15B06017417D625C873CC736A196D36
:109CE000E6E0CB08E3F7E96B81FE97B7BC26064BAD
:109CF000FC741B7851D59563D6DC25E1EF6A0A2BFD
:109D0000FE3D831319612C79070C09454BBB27F9DC
:109D10007BB26393C1324E764D473842D4122875D8
:109D200070EDB1F97B3A2DF54FD1265E9F3B1A2994
:109D300068B789D6EAB7123C9B52A7ECEB56EAD13A
:109D40005DA3CEE5A6321C0BFA25FA835BEF07CAAA
:109D50009FFBC3C258B9F6B5002CD1AB65102FD804
:109D60008858D67EDEF7CFBA41A22AFBC2F7664FEB
:109D7000786F8F228D27CB75B3E7BA7EB231164943
:109D8000E1F31C34CC76FBD6B8857F2359C30C682D
:109D9000BEA600F1E537479A7F4634B32E48414FBF
:109DA0003FD015455B6C7AFB7CCC3015890C0435B3
:109DB000FD61275AF486355CC7EBF595249A8265D8
:109DC00027EBC2DE07DEDBFEA5A361C7F312D39A41
:109DD000384725B0CC17DC2E1BD672CB6FA359A108
:109DE0009AF41C726026A1838A789825C2C68EC810
:109DF00002CFD4FFC0F01CC91B948A5C6196C17D60
:109E00009EC324D4D9E84E2C40619B3D0939672B71
:109E1000F5925FEFCBF124ADCF8CF915113899C6CF
:109E2000D339149C050608D08EBECF9BC736B82DFB
:109E30003F80F1F916D81FD7DB01195E98EC35C7C2
:109E40007D7E86BEFD355A02FD755EA81163F3FC6A
:109E50002015B64FDC82E0F3F0067292141412B4AF
:109E6000B752F633635F56565A3566CE3FCFEDB7DD
:109E70007875BC9DBA2D77C2A68D5DF40BBAFB81B7
:109E8000A09FC5ECF8FF6241BD69EF8126C7393755
:109E900016D8EA16CD832385A703FBB638A82A195E
:109EA000A2EC2BC532F8D5776CAEC64ED23EDBADF8
:109EB00044218F4DD39CA57E8FB61EB31BAA4F9E07
:109EC000F212C23AA5C17220910309904BF30E1908
:109ED000EFE79613888C168D5EC492C853C7A336DD
:109EE00023DEB955097CEA1BE4024E7A217840054D
:109EF000B86CDAA646115C82226E9B794D721B51BA
:109F00005A43A26A11C6EDBB6EC05D6D3590B6C4F2
:109F100089502E20107F06759F35B342C5BD8D69CF
:109F20003C1AA9B73CF0DE37D135245AE4FCECFBEF
:109F300015A005A68542DB03639206AEC122B4AF2D
:109F40008C3E85F1561094B791D867DA7D30CD0CF0
:109F50000D483184D830F4E86934FB0EB1EE91D469
:109F600004CE86EB6C018E81E9322FFE629788B7B2
:109F7000DED9B4151699BB3DD628B2D65057021477
:109F8000A1C132218CD80AEB74085A5C2C1919ED46
:109F9000B930AA95840AA8AC5A6D05795BEBBF81EC
:109FA0004BADE18B23449F4071277C124CDDB5A75C
:109FB000A2A34067F1C9ADFFACDC0946BF4D024D1D
:109FC000872C1775C9101E1E523E698C3592CB2EF8
:109FD000B9DE9CF2BF2C8833CEAABAE36B3A7F0677
:109FE00097CEB1DC976DB445D1A971383FE5566A7B
:109FF00086863CF96ADE6B7323AB26F50F786D3CE1
:10A00000E4C98803E73D7EDE9DE49FC78476F07B4C
:10A01000526EBDE56B57C39E81940BC3DB3884023F
:10A020001DB35B461BDDE7038FF66C4385260C46AC
:10A03000280857DA799219CF2C0496A4F5CB02118F
:10A0400066B949BE8A122CA7A244FE456648005C48
:10A050006FC149581E1865CA187A598B07367C1D7E
:10A06000AE21CDAF5DBBF82AB0FD5FEF77819CC11B
:10A070004398E540FB7BDC1B9BC6E8A3551C1E39BF
:10A08000AD630EAB26EA54A4F4750AB335D18CDF68
:10A090008531477453E8A1019DEDB08EFFD506DBF5
:10A0A0001E60BA13D8FD0A166A51D0427A8D76F432
:10A0B0009A055A40D97A8C190EB9435D6126F56329
:10A0C00031372B7FA90B201258BC71020E6DFCD3C7
:10A0D000BDEB04965F73BD2FB04EFF1B5FC920B070
:10A0E000EB6C9DDA7D6A0220886B75C2111345EE18
:10A0F00061010A27CD21B0DA523A42947B766EB5DF
:10A10000FABB56EFDA0442E1D3614FE0517AF749E6
:10A11000A5F61A55B033224C2F53C549651BB058CC
:10A1200007363E44E049C412085A81EE036A63CC04
:10A130008788A20B45D7F83ED3E7F6DCF0109901EB
:10A140008B7DCBCF7A360C3AC265A2C0834256963D
:10A150004ACE6318FDD707BEB166F31F50FDAFA806
:10A160006A423C123BA0F66BBCCE88B8D16F31D5A9
:10A17000A1D144C52A2035610DF20C5379728FC9E3
:10A18000C7DE950E701FD01E14324C7C0FFDF929CE
:10A190004AF1C971CA01C83BD03431F656C4914066
:10A1A000AAF079BB80FCAD290827865D142D80A517
:10A1B000DE3104B59D1A57BAD46363E352EE2A1711
:10A1C000BA7D8DC48A52FA83399BEDC6C44CA5DB97
:10A1D000D2AE2C96E14FB466C0AB70B7215E949BB3
:10A1E0008E9AB08D8596E1C3577A41871756440EF3
:10A1F000059E48D7287F5ED8E5BECAC163705EC998
:10A20000FC2D79F8401F30497B05A4EB036CC0AAF4
:10A21000E366B9B5FC0135C3877D1CB56B58EA13FD
:10A22000BFFBF1CD1FADFD7C95130225AB9AA62097
:10A23000A7E4183DCE9758ED37D781F15DEEDF0EDC
:10A24000541A24DF9E45833EA5C6DC75519C1852E6
:10A250007963C5B0DA741C86DCAF88E06DF83C1D0C
:10A260000F52EE3739C43736C42DC4A0CEA1882092
:10A27000CD62EDCFC91CB71F03905EF4A538F13352
:10A28000E817262F468245DE71530486D2C758BF91
:10A2900000BE6796A0DCD664704C1D45CD4A602692
:10A2A0006E8C04CD70B9C3C208DA9F915BE4491D7E
:10A2B000174DD7B9072D8F9F41F11B7F1F4E48CCFB
:10A2C0004520D63FCC225CAED50AB8751950CD9446
:10A2D00031430EC3A2EAF196E7A070EEA67EA5FE7A
:10A2E00047FC14808E618EF04EAB5FBE21C3ADFF84
:10A2F000AAC7FD71A3BFC8D71ABB7953D0FA700B98
:10A30000873C686678EC25B8C42C523180CC27B0E5
:10A31000BD44964A9941CDC4DC0B7390B1BF9733CD
:10A320009251616CD0D3CCC433965A58FBC4838409
:10A33000122FB868B15BA5CD210C7813C76B170F2E
:10A34000E5A20B92ECDBEFE678D4AD4E69264D50DA
:10A350009C7709EF31E06C4182C94B6E62938BCCE4
:10A36000A0797C8D00FAE1A5AD5BF09EAAFD91215C
:10A37000597C2E4A003CB1EB8F86B4D2EBF1DB6600
:10A3800077C92234E699DD56A05C5706C34B0D7F92
:10A39000AC8C0504FB8DA2E2C2D0DC23035D8F35BB
:10A3A000CED4BAD5E01E826961709A5F9A77693718
:10A3B000EF3F7BDBD5D2ACFAA9DDFB95AE1F0527BD
:10A3C000E4E32B527FF8E15FECA4EF67643A2EE7F9
:10A3D0001596D042F7610821543F15FF0BF0403C21
:10A3E0007FF308CDE13F5A497BBCA6BFDC70185211
:10A3F000A7826C10469504D58DAA628EF0FF561880
:10A4000029F32511DC028993F975A79749DAB5B7C5
:10A41000E974E8A521312C82231CCD3950D03EC6E9
:10A42000E85D20B5E05590FB772BB38E62C84FAE48
:10A43000FCEB7472B9C8824767E3F6C6F1E12ACF34
:10A44000801EE79D657A24EF6D09824DD3013B475D
:10A450000B6B449EFE4505252951EE343A0D5CB345
:10A46000B08F24268A37CC428678FFB2C68C286FFC
:10A4700045B1C452323BC05C688C9B4B46D2E90666
:10A48000E5A01478B2E9564824FB092DE21E80C5E8
:10A490002739A06E24A217F6D2A46BDFDA5AA2BC29
:10A4A000E4D3E8B451A202B8EEF546073F024327D1
:10A4B00088918116DCF3A03FA3167F80232306201A
:10A4C00072D87F6E31BA04B72F0FCF871C07894827
:10A4D00052C2E57E0EA9666CEC7BF39337B3A09273
:10A4E000B7362FBFD81D8221854EAD66BE6564A5E7
:10A4F000A2E64E8C91B7DD40F2E29481CE000F428D
:10A5000026CA4997121AE85B6AA75FF2F1189B4ABC
:10A510009441D052844F2A6EF2C0A8B32F9A42F2CF
:10A52000A35789EAAA6201954D801B56C1887A2FEC
:10A5300046BD0A44EF3979C76D58AD285570EFEC28
:10A54000FA481BA9501BBDBC1836367C5CAA148E79
:10A5500038E29F8EFCAD62854B8E341915B91871A7
:10A56000B6D558BC35CD7915E276A43736C530F46A
:10A57000A1C71AF9B757313B07ACB05FB8883B4663
:10A580000CFF94B2BC27B9C27C9D744418FCBEEA8F
:10A590000342F1C36380D7E29DF74AE15D30734F18
:10A5A000CE1083ED561FD4CA882603D8A4F91A36D4
:10A5B00015BFF8D8D7FC73944EF8A00EC48BCB2EE1
:10A5C0001ACF9E4CEA746BA19039950F82046D39B5
:10A5D000BC3FAAAAB558A8E10A289A15A33C796CF1
:10A5E000EDFCDBC52484B223D42DD213844DBA52A2
:10A5F0000A3A89E51B65FBE21DC777C210BC842FB0
:10A60000DEA639A5E2C36BD389A2378A3FC653B30E
:10A610007FD52BF1E97AEBAF72820E4EF5F8CE8240
:10A62000EBDE1A5665CB00F197EBE43378CB5F4C49
:10A6300074004E9936AB19CE3FFCD4F8B8D7E6E09B
:10A64000A23E3CF1B0AEC790546EEDB0740B73A750
:10A6500043D2038656CEF231871967518653FCBA2E
:10A660003561A15DB4E5A23D3B1B8687635EA7F81B
:10A6700074A9C73CE0A240636044BEFC797EDEF86A
:10A6800037FCD7ADCE4455615B34C0E31966C5D203
:10A69000C1E63F1644C497F4B7E342A72B57FBD655
:10A6A0004272003CC8658BF63B1AE98194FEBBEC14
:10A6B00043EBB7C9AC415426E347744F0A005D87AA
:10A6C00062BABA45F8F06E363096590FE75B54AA75
:10A6D000B9998B654FC9DE18E66DE36B8F98D3EFA0
:10A6E000F1C213BD0FD1770BC0DA402290890E87DB
:10A6F0003D2B184DD33C2C7AB036BCC5FF9A82EF67
:10A70000FC279C59015CEFF01D2A93C24A6A7ADD4E
:10A710000360B8440B1D91B09D56903386231EEB09
:10A7200030335ADE6CDDA16BC7865BAB50F68968AF
:10A7300034120B800ACA4AAF16B616742891F71065
:10A74000E56D8D3F6A25645EA99C273665AB648301
:10A750002E63BFF83EF8232B1CD23AE7C0FCD1355C
:10A7600076535417EB65482D8B5FD1EDAEFF004853
:10A77000D158DFB07271AC3FA050E713BE3664A36E
:10A7800058C1373FB3D3FFBC2ACF98D10CBFA668BE
:10A7900012936F029B3115CC56A64033C2577CD919
:10A7A0007663BD44D9D7C4DFABFFF2F8BD5D21D0DD
:10A7B00022D83968AB6F26443BD47A34925DEE726E
:10A7C00063279DB88CBB6ABAC91B64521D9596CA93
:10A7D0009F9D258F88D59D7384E8699FC63FB18F63
:10A7E000A733524DBD34524B2BF6937B665E719767
:10A7F0007D12BD587E07FAF1FFD8E33B553A8D7FB5
:10A8000058743B518E289A67CBA86BA40A232D223B
:10A81000776885F0A8230E7E8D4B097014892D5A18
:10A82000A898810203539D3F86CCE06BAE72A3F2E1
:10A83000483572E27250C9587DCAB4171F1880FBA0
:10A84000DEFD506BE9B0D8F168DF1336A6ADFDA987
:10A8500076C516A9D39B051C8112CD540B4E3F46DD
:10A860005E9E5A86FE558610090C96048BABF1B29B
:10A870009834A0F88B99A2CA68CAE6663DA923CC91
:10A88000B7B850C0DA19FC64F61CE8019E38DB4208
:10A890001DED9145D106633E5BB0DD4A95F01D216B
:10A8A000A4B3AC87DA6C9601F871414C5F9AF62D2F
:10A8B000155BA010CEDD291AAD6CA7DA2016337215
:10A8C0007128695B8C525FB7A5A71A33A002B80B39
:10A8D00042F7AB07B756D028B5D7148D3639E613F3
:10A8E0006BCDE53E9650E21CA6234214F70409DB2B
:10A8F0000A8628395AFED2085C00B5DCA253DE8FE6
:10A90000885F25F9A6F8958ED60CB91C45E0750D23
:10A91000B75D2AC7EA3AE2519CF240272F7947F601
:10A9200026D1AD04B48F5993CB4B278A8FF3243CA7
:10A93000DDFE981C4F97F175B9A04F5EAD1DFE8CE2
:10A94000C90E7239B78F4DDF9E95FDE7997262137C
:10A95000F7CDDF6E1DB396654FF808646F4DDFD6F7
:10A960005CD7F7BD6D9B137FFC163F919393E52E4B
:10A9700016C6940D63FB34A7A03E9405986782D554
:10A98000ADCBD28C53FCEBED4A75B065DB83DC2C90
:10A99000866369165F457E43D331906D32E2D9A25A
:10A9A000FC3EB14174D1336EDE27964D0503E3C8FA
:10A9B000FDC0251F84043EE1CCEE389AD2B5B29595
:10A9C00041C828B91B776E16AF795BF588F46B0424
:10A9D000C9500F42FD8299CECE412283E66F524587
:10A9E000CBB1940F14238F233B8483EE40CE113BD5
:10A9F000BF99463D2671E831E079F06DB9001790B6
:10AA000021DCD7806228F8DD175D3F9E7193966345
:10AA10006E2834E6748B8031355943598A9FA28160
:10AA20006187FDE6D9CABEB23DFAEC43636B6E3373
:10AA30007BC842CE8EA0BEB6A55D98DF7D53D7FA07
:10AA400063D45E5E6D1BBC6A3187E583E087C6B860
:10AA500090C2999F0F13455CC7742BC5848624B59B
:10AA6000E019A2EF57FE7C051F1E120E4AB0DD480A
:10AA70007FE8B657A19CB8C73BA1A3062D309E76B0
:10AA8000AAB76580537656F363F6486AFCF35F4CC9
:10AA900052AC803D6B01DFF8F72AAF168796891D0F
:10AAA0005EA55548DF028274819487F36BC41191CF
:10AAB0000AC903AB8C1D8C040B4C6B92C45CF7D59C
:10AAC00030817E80432C65D4138590510BDF8096B6
:10AAD000B29CDCC4F840B176FA91FB2D00FF17F36D
:10AAE000EDB7EC12383DFC581C5D09290C94A737D2
:10AAF0008CFAED161A748D39854F764DA9CC272B1B
:10AB000083960CBC9F0B156D3AB93BC8C126FC3B24
:10AB100052F6A1FE767B9F84012ED0B035CD301445
:10AB20008FE9BDCC1CEC283912017A414191F25ECB
:10AB30004C883635410A50FFF2C8FC6BC0E2763BC8
:10AB400061EF0A1EF0DADBCB35762D253933447AF6
:10AB5000089E0F79446C1D0243FF79A26A76AC4CC3
:10AB60006756D006252B5FA6E19CC6E529A894C6AA
:10AB700006606022E9AFC45F952BB27C4B3D7E56E8
:10AB80009D039E737388B5C7D030DCBFD2879D9973
:10AB900097404CCE65558DB74ECCD7494E7C9574B9
:10ABA000C9B7EF33F78B4403E5EF6C24A218F1D05B
:10ABB000D0AF1A74745EAFC5CB33129558F19EA511
:10ABC0009E9F61626248BC4948C8B9D09166EA4B11
:10ABD000B2781EF53FFB975D0E3DCDD9805C370204
:10ABE000463358A768FC4046A0AD028AD50D4FE613
:10ABF00029C5FD858AF55A3129E2B32634F6CD13ED
:10AC0000CD00E01648BBE864709A1A2E044C4168E7
:10AC100051C55F8514973EE9DAE991AEA0AF961170
:10AC2000D3711A653247DDD7D8E6AAE772332BC352
:10AC3000918C186C60628851D3B1595B1F4971BC0B
:10AC40002048BDCA2C4DE05D0AC68F7CC0EED4B250
:10AC500003825C563947F590CE9368FF7750E6E85B
:10AC6000F33CF3AA831CC4A0076FA1CAB60E1981D6
:10AC7000D3E5350611E992ADBDF94632012722D25E
:10AC8000FFBF92248EC4E9F184FBF798BD78A03A07
:10AC90009FA1DF742C363BBAE972382992255FFCFC
:10ACA00098BC411772C68490B0D8BF06232FDEAF80
:10ACB0001E5CCCB8007F6CE587DAB50DC87AC92F69
:10ACC000C63A9420C6E7F2E98B2F6EC3197170D68D
:10ACD0000B4964C998D9C977AA1B5FB7401863F8B4
:10ACE00046DE89E883ABD06D9DA0FC2C09CB2C758A
:10ACF000516B532760591B1DD1DE2CBC9E64E7DDD0
:10AD000028F0E5758FA98E406741EC1E752644FC3E
:10AD1000D33D41FBA3F921BDFEA1FA854DA73A7CA5
:10AD2000844733BF585862FA781952DA10E825FC84
:10AD3000CF97532DB077A74FDBE07933FB32ABB41D
:10AD40004524E99B5273A160111A7CAB8947D61D3B
:10AD5000EE4EE2FE5C726753D4A308FB92CF7AEF0B
:10AD6000BC7BEC65552B042215DB698273A4E3E4FC
:10AD7000A3280E08E98E878A31E62ACF03FF2293A3
:10AD80005118B020280EC47321BC47EC13D1E22225
:10AD90007A7A580C12020CA49A160CA6B0C81F1C82
:10ADA000C318DFFDE3F7A5A97BFF0E24342417F5B4
:10ADB000C3D2B69FE8183E71C86DDA887EB7EFB18E
:10ADC0007AFCF62C69318668C90B25F18C79065618
:10ADD000EC8E35990A96B690D1224C2D48747C7928
:10ADE0005075819834862382A5D05AFCFA279EEDAF
:10ADF00021739E47828D602499F6441E9BDAD540CC
:10AE000037213CE61549E965121822CB3B36042D63
:10AE1000AE193CADA66CD68830DDDA925B568A5FFF
:10AE20007823C2167AB346F62E6EFF835778C2F4A3
:10AE30005BD624DFC6E7F34766E5C2469B8C4EAB84
:10AE400046874A0D03D55A18E436077BFE0FC40D1A
:10AE5000D8B1550C61448DC7AF486910FF7592AEEB
:10AE600093B1E88926A4830CEC03BF4E49A3B835FF
:10AE7000A194A90E487F330A5D75D5EFB49B406E4F
:10AE8000DE25E89B952BF7CD33B18819A3D3A7B066
:10AE90003535BD464FE6487A518C0339EDECFA4919
:10AEA000E12CE4B8FA496D1D30F60304145FBC2DA3
:10AEB0002DB690C5D554D1ECC2EA6A884FC195D958
:10AEC000EF487A8BCD7007A18C32A86F3D6D016F72
:10AED000920CA3EFCBE5AAC0913C5289BCC2A51944
:10AEE0005C6CF022DBAE2E3AB07C16F395FD656B00
:10AEF000F73D65AC8A709A77D6473216C4C6A73A32
:10AF000070B9DF5E9168384DB683D53E59D71B6B5B
:10AF1000F06ED087ED48B153BEEAD643EC3EA6446E
:10AF2000271046355760CDC354140A4A809A614FA2
:10AF3000AA20FD6E6BC971C375B723C34D6C44570E
:10AF4000158B9B919775043DA47F9AEE7FAD4FFDC5
:10AF5000C8A9413EC28246F50EB78430D87F5CB6A0
:10AF60006157F25DA705D9C5B7E04359142FDD65D8
:10AF7000F208016D48EC3AACBF14EC779E6BAD2D36
:10AF8000BF7317119894702C68B692E8DB8CAE6989
:10AF900086A61E8CF7EFFFF61765026F4F54461E0C
:10AFA000A66DC93F18E202D17DF649E4302BEF27A8
:10AFB00081888108D3D6E2AC09EE9D5F9021DB2326
:10AFC000760D013C8046B8775990568D15CA4901D7
:10AFD000641E2104841C6EEC784610466208C97F0A
:10AFE00013E8BA34778B1BF03C1F282EAC944B2A05
:10AFF0005EBC8710EDD758013AE353AB33C783ECFF
:10B000007A2FA2087B66BAF19642AB2A6C8FB37591
:10B010004A1E4ABD96C4F36CA4B6B914D85A34F982
:10B02000455BF9728BF2CF246D496F6B91D0288C00
:10B03000FFD42398AB627E3318EB608A53C065223D
:10B040006A41B22D4EDD8F853A091777002B7A576A
:10B050004AAC1AC56DAFC98B5608CCBF13E479EC66
:10B060002E70BF1A2C2F745DBE3D66456225C453F9
:10B0700050086130B71F20EDB30F313E48D1ADA36A
:10B080008D24AC2B9D8CB851B545CDDADB53878B25
:10B09000BCEB53E62A5B746CEB4D3E35835B98D773
:10B0A000AAC8E932F459DF24B68476B7C47162FEC7
:10B0B0009C8A716B33DDACE35DB4A1ED4D33FD0AC9
:10B0C000B1BE58325A2B3836B771987C818B28E73D
:10B0D0008015185265DC05D8850C152F3A349B8CE9
:10B0E00031D8BE29E154456DCBC633FA52DA8A1302
:10B0F000658DBDFBE485076CE7CCD4D461F34823B0
:10B1000048B3E9B0DC4D346B60F99AD48C4B5CF5F4
:10B1100065AC1685BA7AD2BBC7506138C9B08FBE4C
:10B12000EF49AFD5047A607DCDEBDB274CF376DDBC
:10B1300089665D74C1E9FB0450440263F18F648445
:10B140002F33D4361662DBBA132A26E3E825A38907
:10B15000AAF643686373E24E977F0C5C8036A6E4E0
:10B160004AFCCFA0D37DE8570AF75805942C1196D6
:10B17000FE78F03AE15982CF46C215310887E313D1
:10B180004C13ED17AA0CF794A9CB2EF9D824E69D01
:10B19000AB1D383FD76D4D72A5EFF412555E0CED27
:10B1A00048548427ECAC2F9C92909B1CED0F781791
:10B1B0002DA6F5F51EB7FEDD4B6A879F88D204A940
:10B1C000114FC973A48FA1E7DEAE7C7D710EE82517
:10B1D000BECBE184E43F4DD0D6F621EA65B90092BA
:10B1E00088B62A1EF8CC4992E62437F781261F52EA
:10B1F000632AE5A9BB0676E3CFC958C5D913F893EE
:10B20000336C616B3DA17BC26CD98E050A948F7E35
:10B2100031B66EC019D969C6A1F444054E7ED3E893
:10B22000ED95522A14C8A923DF18A34543A7FD634F
:10B23000AFDDEFDD97238453BD7A91FD9AD3665A33
:10B24000640239A68B7B8B84AF4F56BFB6492AC3A5
:10B25000246775989FE25861C3DC415EAA985D0C33
:10B260004AFCD7089CACBBDFA466AE38CC6AAEDA29
:10B27000BF5FC86660E6154D8085979E62A1F0E6C7
:10B28000BD47F9132837267FE694825AA919A5F6F7
:10B29000ED904B925958B2838CEE624A89C8606730
:10B2A000DC9DEB9F6CB9C890808044049107351FEA
:10B2B0004EA49BE7F4F730588D37C81F954BAD402F
:10B2C000E05F859FCEFDC4E73AF1D53803FDA9B014
:10B2D000F48024B84918AA825A0C22BC184C6FF684
:10B2E0008F09E6C1E110E0C50820072DCA89604931
:10B2F0007E3727C0F893F5DF76ED15D06E02253244
:10B300006DE6224AEBA60ED6521517587CDAA9ED47
:10B3100061DA28A4A52F01ED44F2881D4D47915113
:10B320006D2929A3B44459F3C95067B54A968D4A8B
:10B33000BFCDA7185C9D134D4A29C413A448A87813
:10B3400015E8E93128960E92111E6EA2A823F3602B
:10B35000CBC18761B7A4D3E6BC05999BA632AB509D
:10B36000A308C14922555D79A2C05CC787FAA9111B
:10B370003CE876BCE3FEAACAA9CE3F2961ADFB2119
:10B38000621327643A848D3481F973A4E1632D98A4
:10B3900062841D29C585061802E500A2C2DDE2F41B
:10B3A0006353ACFBA94750C5F4DB4DE30E79B62CD3
:10B3B000EFF518D0AFB500FA844C5075AF7EC300DE
:10B3C0009CEA1ABE0D0CA70D7CBC2D2EAEA865EB19
:10B3D000B574E57C5D8A7143C53EF6194393096FE8
:10B3E00066E00A151F94A4CD54E3652413E101120D
:10B3F000875B199CAFF05FF4E0E3A1432731AEF522
:10B40000E3EA81E0667F4B9B8A414162B36124A8F5
:10B410001F79A7A8924859842583038CEC21368B89
:10B4200026F01BA31B0579B2DF6479E0198C1AAFF3
:10B430007C8C629BCFCB07A2A4D1107F92A18DAB55
:10B440007EBA366F6B95BDB669C36ED520ABA29937
:10B45000E9B459A2F9B86FCCD98F4DDD0B63DF4940
:10B46000F948B0809D5CD1274EF8F58C41579D017D
:10B47000B638AC17615722990C24CAFA065CD283FD
:10B48000A7C70E061F982D64D336264FBC837C7247
:10B4900046D26ECB7EFDEBC5369BBA0FE1CE6398EC
:10B4A0007EA5557759360D31F03012C39185F72EB0
:10B4B00029138FD2066CFDC952576D50F33C689228
:10B4C000D9BAFEFF0389D49DD2B03A78655C1224C4
:10B4D000DBE6C320BFC291E8EEF38BB465A57AC961
:10B4E000B636FD244363F13519ED9B0494B3E1FBBB
:10B4F0007912D1AE2B5779C4777DB7E0456863D117
:10B50000A86E105685C4E20A4CD9FD12EC94FFB423
:10B5100034652390F93A1734D00CFA770C0F81D3A5
:10B52000CA036D6699D1B082320D7FBC671BDFE71D
:10B530001647514F541C2DA99E0BFEDCE3B5623912
:10B540002484AC10DB43A4278F7790776BFECC2745
:10B55000BF2D21DFBEFBD68CAA20FF3EF68EFC104D
:10B56000E716C8D17B7BF4BD7ADE5E0565F9291B41
:10B5700032B55B569C70474BD960FD76933471753C
:10B580008CD2A46CA5ECBE1E63157D5F318830F8AB
:10B59000C14DDD829A78DCE3316F521968393EA9DA
:10B5A000C0579D9EC9C1862D7864745430C95177A7
:10B5B0009DB6766A755F27CB8BC9312BD258EB6C61
:10B5C0005EF8AB9C0E783DF0F8842A8D9ED243063F
:10B5D000883039E333663A3AFB2FED1765EDE05BCF
:10B5E0003E8DE38B04A170BE345DFE185EA606E4BA
:10B5F000BD4D7A8582CEBA1FF872085CE33146A54C
:10B60000E9F68281A7EB94C04C0C86F315CF033189
:10B610004D555FC9334964F80B2819B9D145DB385A
:10B6200010D50EF31BB45BA6E806D76B21FBAC0765
:10B63000164ED816D5CDAD27A9E70383DE9018F0B6
:10B64000D716E05B2826B0B128BFB969FE790FC6CE
:10B6500013449CE2190F6C0C91BBE8269BF8EB3568
:10B660007F8A33AB0E2EA732E2176D9434B1C2A796
:10B67000F753780281B240EB9289C4E2B4F76F10BD
:10B680003B7CBD7980D8351CC5B15A1B3EB3930BAA
:10B69000C8E539885DDF5E8FF30087971542E2ECDD
:10B6A0003AEEDAC586D94C4634E9A09194DDD5D876
:10B6B000C7E4893615336C0FB450856522E83773BB
:10B6C00099B330BBAFF3B0B165C75B8F3997C24256
:10B6D000038E63A01DCE0DF03B3ED80F882D0EA526
:10B6E000FBAE5CF7F1EEF462EE8BE2E39C074262A4
:10B6F0004DB09F93D6FCE0AED6320950D015ED6424
:10B700007B5F75AC87BFDF350F05AFFA28FD2801D9
:10B710000A7AC94F937751A95E05E0B8EBA5A8F165
:10B72000D835EC89EC35502EC7E382ED34ADE5BE5B
:10B7300041BBF5B940B20E5764E6B6530EED388CF6
:10B74000A38F7E07E1ABBBADA4DB00FD145F0476E5
:10B7500047D39D6F78C7783DE3C3C9B41B00875CAE
:10B760001AC8DCFEC666D4C04EC2C43077D70955AD
:10B77000F0D64A3AA276745EB58E87B0FF4A5D6015
:10B780005A1BE2388CA0EA3E1CC509EFCD75A11EFC
:10B79000F728419B619A7470BC89935ED06DBC3C64
:10B7A000CF6D5937FDA1EAB7EC42EA9CDDBC61756B
:10B7B000C3E21762E9374986C101EEBF11193F1490
:10B7C000ABB65806E502E589F20EB6F40A8B51379E
:10B7D00033C9DD8282E47A2929AD60F915020FE5CB
:10B7E00053C6CCADCDB9B2E2A5437AA0024B1AB391
:10B7F000446A8FBFE8BFC9ED431837F119358CE6AD
:10B8000029323631442BA9AA9193BB7A6BF8B05EEA
:10B81000A0CB333799EA351975EE7C0A89B2600BF3
:10B820004FB86B1BAD943E1C98B9A740A86B8E46D1
:10B8300026C3A8199659066858A79B0F3E53245B48
:10B84000937757B6ECBEBAC5E159215003F10232E5
:10B8500070D103971612D77028627861BE334412F4
:10B86000FB382F5B338AFF2BA8D77CFC9C038BBA59
:10B870004102DB737FA293CD360F1099B8C164DF0C
:10B88000729914BF70C6CF3B00740626B17D15189F
:10B89000E430D167523F15F35CE4C95AA96AB56A2E
:10B8A000B2229A54CF52CD0FEE4163AE429904BCFE
:10B8B000F33500F58BF8227DE2F31F93436D759805
:10B8C000F50391B16100CDEF4B75C11B2FAF06772A
:10B8D000BB8B71C876EA85C234B99C7004010DBE79
:10B8E0009BCC7B3D7566271A38F15AF2CDC3729016
:10B8F00087D3DD8A69E8BB620D2026518734CB15DA
:10B900007E26A41F1589586189203342F2E240B493
:10B91000F3BE6FEDB48636F7F04491F91690C5FA90
:10B92000704902708CEA3D86A2D5E49977F91C6AC9
:10B9300016B97E956C19D700BD8B8F3E4AB12B4E40
:10B940005AD9C33844D43D5898976473A55F0BC245
:10B95000ABEFAED36D523B228DDAE58BC582B89644
:10B96000280FB88C14B57A84C3EEEDAB3D0C2FBC18
:10B97000AEDC3A47E3FFCCBB31B872DE719F1E48A4
:10B980009182151CE90D54975547937173C1F5A029
:10B99000ED684E79AD1E0A28C94548CCCB6EFEBF76
:10B9A0006BB77AE512B91889999B3A68C2A6015318
:10B9B0003867E242C23F638B46D66CC383FEB5163E
:10B9C00054F7170107C436D08A4CB56ECF9CD13CD2
:10B9D00074B664E594AE054A401ECAB0591B8E95F4
:10B9E000E8ED6559B5733505375D053F4CB4C69C28
:10B9F000C34BE01EA6227196F702E5FF6A1189E6A5
:10BA0000F73688B37C30CFE47C48AC9CBAF027EBA7
:10BA10002F4D346F7A81548D045A3BC044F5B8C21F
:10BA2000558A21194750CC81EED0B81706A5BF130F
:10BA3000FE233EF8D2D626269B625114DAA036ADFC
:10BA4000ED77203E4DDD7EA67E23F10B924245F23E
:10BA50000135BB346862B33D7A2204E5A8D538A924
:10BA600064947BEFFCC0767BDA5B192FE8A1CE9D56
:10BA7000385F189BE2B914640D86C9832EEFEFD2AC
:10BA8000313D3ADE8D6A758E81B0E2C79BAE8DD7AF
:10BA9000CBBB8614AC7C4E6488DA35EFB8DBF0BCE7
:10BAA00007255D2972A1D10F474FEAB6B1C71E80A5
:10BAB000656FF5C419CC112105D817525DEBC64846
:10BAC0007F67948A2AFEC9A19F5481F2FAD2C4F8F2
:10BAD0004D8F033D0A3F2E2B379D803CBA4D699117
:10BAE000EDFDE784C032AFEAFEC1B68476563D551F
:10BAF00095CFC8F1FCED3E75E06351377DC3695BBE
:10BB000065F89440BF45A0E7D1DBF50186E2A021AE
:10BB100021B93CCB801FC949B8236EFDAE7791BDDA
:10BB200051CD71D33D7ECEF8D8B2FF480C8DDC618B
:10BB30009EE28C5415D4F1D9AEDDA6AA1FA2C9503D
:10BB4000B04BB0F50DECA99EAFB4DDE04B9D33A634
:10BB5000A8678D259EA6CA2480BE8B438010FB4E0D
:10BB60003B1AB9AA2DD6212773EE6393206AD56EAE
:10BB70004B99CD3AC79123247427C3F3F9606478B5
:10BB80008CC60246B2CE929C813EF9295880DB3B9E
:10BB9000744E51891B781296A31BDC9DC762C4EDBD
:10BBA000E1C2144FFE19B0E1F04780C517C96AC65B
:10BBB000F5A40954A3E11495798FB700D51E48DA8E
:10BBC0007499202C37412608FD60EA5743DB67490A
:10BBD0001B74047B46E8491A56254065803E6FE792
:10BBE0004B854A2E233A9B5523A876482B9A5CBE58
:10BBF0001CA706FF2ABA9EADD4B7FBDF2532D6EDCF
:10BC0000AB5A54E334D5E0E2A3AAD21CDF152BB71C
:10BC1000F001776F3D81B591DB7D8DEC457E500E57
:10BC200089E9A721F003AC5E3A852E211B562EDB55
:10BC3000B029B1B53067459BA5F3897A0DA46FDFB4
:10BC4000734E0D406AD994F1792BA30C65E4074437
:10BC5000A824CE061B83760BAA6162E9579EA8F141
:10BC600027888BBC51B2B177267A58F075CCE2F2B6
:10BC7000F788FAC92FBEC31BCD15182702D3B830D9
:10BC8000E6C1C10F200642F2B5D7FC08EA4975CAE1
:10BC9000FA22D34FE83BCA75F53216CB134A7248E5
:10BCA000F2E7EB69F024E1021C2502D8A381492ABE
:10BCB000DA687696E2E62D3F15D8EA1F65C88DE76B
:10BCC000CFFC6EA9FDEAEF362321D96F0D5210A0EB
:10BCD000DE1A7547D734E2346B830644501D168252
:10BCE0007692C7CD4EEBC5E08D4FB8278478D182D0
:10BCF0003ABAE94D8A8632E0A109B07A3DD410C83B
:10BD0000A4E3036F9AA6563E27BF2BD2E255857D4A
:10BD1000E38BB127F7D33DB33389D74F93547C845A
:10BD2000310CA18D2853EC87E722002641252EEF08
:10BD3000A567FCD812F0E18CBBE572EAC50D337F34
:10BD4000978B0588426295DCAF29EEF4CA245D9793
:10BD5000BB631325A907CAE2B33D6A6B2BDC0CA0B9
:10BD600093341A282F73BE2DAB29FF77FAB12A100E
:10BD7000C83F40EAA0A89B0AE1C44CB0BDACCEBD10
:10BD80006B6C0F87368BDF72D41862A0E50A3EBE5B
:10BD9000FC43B8E0EFA36BBA4035D0A85126A235DA
:10BDA0008AEBFFDD940FD37C80EFE802BE1D0641D5
:10BDB00050CD1380332AED75C277B910423BD4C4FD
:10BDC000554757517280C6742D8CC64C3EA84D976E
:10BDD00011716169AAC27A9EE6C1B4A980D0AA2471
:10BDE00016B7808EDE65A0B580B7EF3578B0A9763E
:10BDF0002368C99CE06FC33AC4C7B1E9B78EE05568
:10BE00001FC23D47016AA608CF78DF1CABB298A5D8
:10BE100064CE27C2012F8B33021DEC866AED725768
:10BE20003B101C2D52DF28178FFF7EC1D08EEC5E99
:10BE3000E92121C4DF7E1901F7B9AD0B4AE01DFFEE
:10BE4000A563B0F6EEAC134544C0E75288AC4AC4D3
:10BE50000B21D5D959D008510A92EC1713DB23CF07
:10BE6000687D6664CD2B37DFCE23DB76D2B0912799
:10BE700045F08430BBFFD3C7FF9549281649A690EB
:10BE80001DD8DE30D55C540C0F771D3A2C395B651C
:10BE900081EAA29ADA128CB51A0D1F422B6F829496
:10BEA000CC2AB520AA62F7E18EF1A18780B2C480C6
:10BEB000DF3CA01BE5EEC9BAF05B8F1636DBECBAAF
:10BEC0009257C2642054FFB7A5EA0BC374900E0DBD
:10BED000E2D1F33D80F0857C0896DA7728D27DE4C4
:10BEE00037040278C95B74340F8C82DBFEBB913956
:10BEF000E450670331D38CBAE82889BC9EB94F2738
:10BF0000CCE7BF90B3C260A57E972F0BD1F449E177
:10BF100040E225F55973A9CF3D47DFF683A07F4462
:10BF2000C0D44D98BB5720FAFC3CA5F0EACCA799A9
:10BF30000FF41FC89211EB0B77B145DC5EEFD3080D
:10BF4000E2B8DDBDF53AF82F2211D0AD46A2C98482
:10BF50007B96193DDF01043FA8D29A1F68F15A5120
:10BF60002F0031CB93665FB2BD2196F1D721561ACF
:10BF700049B011D77524A4E484399CD226E9C0CAFB
:10BF800009030C6A296CD304958DE6F11CCF79283E
:10BF9000F321ADA70DE5BF20A22334CACAF3009F49
:10BFA00079C93171154F7DD2C9C6C75AB6A68E1848
:10BFB000ED2F5E0CA95F92C5E90375E1A896513992
:10BFC0004374AB3D449BD2C21BA5AA2D56661611E5
:10BFD0007EDFF6E3C31E15DB9B0DAF17561A7A40C2
:10BFE000D0BD84DACC9E0DEF0CEB03D7AE880A5A95
:10BFF000CF90B40D3B21F70B390643D96DBE69FBD9
:10C000009A4F5125ECF04B3CD1F035C319AE83B4B7
:10C01000B35EBCD9208A2A6A6540989CA9B5169857
:10C020001EE44A9B94ED83FA8ABF9D0C335C5C72DC
:10C03000B6F83914041BACE25EC82AAAAAA6DA181C
:10C04000BB56B575750A6815E9D0331D5482633443
:10C050000860AC4F81CE2D0C3D5FF114039BE6329E
:10C060002A9B40355FF52F4BB200C90A301C0AE706
:10C070007AE4B51C432AAC69E660F33335267B9F2E
:10C08000D4A21FA80B7DF670AF83FF10CB944C6A2F
:10C09000E52359E23733E27B969295D5794EACDDB4
:10C0A000576B7E7D4DA307C339814740536C75B9EB
:10C0B000DD04FB50BD4558B865B482352048D6FE36
:10C0C00043076AA8539BCD9F82EC6B12729C934EE0
:10C0D0000881AD5B138CB5677D479EAB1A10A7A690
:10C0E00067E2A97DBAAAC5556FC32FEDFD322A9626
:10C0F000E3260B81C6A07A5C80E290E159D0A75A72
:10C100002B3A53A362831936AB6D1221A35C56F50B
:10C1100009182501A6E6702EFB5DE79DADA7196104
:10C12000872F173EA4D13A3CF6C39ABC474A4A012E
:10C13000329051EE4AC468393416170F7F704F524F
:10C14000093D8AF0F757F0A4FD8C6A2176248246D7
:10C1500017168E93A29D0FBCB3A840FA818DC634EA
:10C16000D6014BFCF763832A7242472E20A77EC676
:10C170003E2AF33D8AFF8BA656604BE7C1C9A74B09
:10C1800010C7299B6582F5F90771B0D9AB0FA014D0
:10C190001190BC3067DAE5BE1232DA315DE834174F
:10C1A000EB7FD21EA9574CD0F24BF600C0F86D0AB7
:10C1B00062C4CF522DB1D94DC220811DEC33CE7651
:10C1C0005CBFE07F1AC16145246FDF6F50288B860A
:10C1D00095E199E4C565D7A803F5A5AD2C533F6754
:10C1E00014D158F93514601C4AAEA4F8B247FF3C8C
:10C1F000A7E294E386DF97545BE7CC2FDC80B95746
:10C20000CCD088044105EC5CE30C915FD280CB9EDE
:10C210007CD4FF93CA39F8150904812DA06B919441
:10C22000D14CBBB198A522BB2A9E70718340D22607
:10C2300092A4AC66396EC92E2D5E45C10252E891BA
:10C24000458AE1E37A17A803DFFDB4E07667147C42
:10C25000F10DD62486F92D50138EEDA6CAFE722E4E
:10C2600016A7AA6D864E52961CEE1B713074EF1500
:10C27000FC3CCBCA003CAFC7EDAF6F9F6365BEDE31
:10C280003CA5DF15CBF25A2FF349455CABC346887A
:10C2900016D66C400BA781C9CB975D7BA24BB8D655
:10C2A0005D5D13FB2C4C3DA33BC2638F3571A2989F
:10C2B000952D7CFC27407AACC626438EC2B7AD6D67
:10C2C000D795DA420B5EACFEC4AB168C3E2F767A65
:10C2D000C3A3C1E3A8C840E9219CA79F303C8E9A24
:10C2E0006D3CEEBBFD2815C56ED4A21212280C08B9
:10C2F00089BF3AB7152BEC83CFA792A66712AA7C09
:10C300004A5113E7C3FF3DDD6C62B881EE17AF47BA
:10C31000C375BE3604A8EC7516DCBB3AD9AC9F8950
:10C320000D371268BAAE24C1DF692B5D873918B9A1
:10C33000E2D5F74F6EB191F07C367E7B77E05F619E
:10C34000FAF30C9058609BB7D2764CB6DEEBA6445D
:10C3500086D8BE0F0E7E0643DCD3E7A53D956A0561
:10C360008584006EDD19D80E8358FCD314449A3EA0
:10C37000D573348555A74EEB10FCDE15448CB21EE8
:10C38000A055B3E0939FE15C8F8181116FFD963AD8
:10C3900048A4E8DE7744BCD112D84E3A7AF6360685
:10C3A000FF99CDEC552959B7096FB63DC8A30ADBF3
:10C3B000C585BBE893FBB4683ABD201678C1223F1F
:10C3C000DA1FDF0B7E09DEE16B18CCB9B142AD2D6F
:10C3D00055B273C528B976233C6995194C306E9EC9
:10C3E00061351C4B21D13265F3983B48B6D157C813
:10C3F0006186AED91E484D1D9A461B20972874545D
:10C40000668CBF4DDA07EDA328EE4C37F8D8FA2139
:10C410000DB40D1634FF7FC9D3CD56D22E7DE3F275
:10C420000F0CA28C90538589E1D171982F1E643C2A
:10C430005E8D4FFC1806799B911B329C9F60AF521A
:10C440005D144B7733F5A3410A73D079C4C8C9BDD5
:10C45000E47091440299296171B6D6A45F48415CA9
:10C4600073BF3AB84700087A564B669C1D5BF9FBD0
:10C4700072328416EACEA122A74BB9B2FA1963FE32
:10C48000567F08A11BE8E3B5195FC65C4604773EFA
:10C49000140A7E0A3ED0FAA945F9AE3726770DA4D4
:10C4A00033535FDCCE290976037927C2643F84C603
:10C4B0008CA5C7A20AC0C4E4D2F729EDB71CC03CC2
:10C4C000CDDB083E55561DA7F2C671ADE77305C614
:10C4D000B6E3A53E58706C2B3363A96171C7AA15EA
:10C4E0009BC48AE0A408E81D91956B47264DCC8833
:10C4F000B5DB47B6EA8398898B504EA1EC4133A255
:10C50000B137D8AB8F4F1C667D19EDA6C5A06174FD
:10C51000E316DD418FF2B65D52C2CD708AE8A30802
:10C52000CCC85C0E940BE861843B1CB32AB0351573
:10C5300015F89F86E4A4D74040FA04EDEAFD8DA7E4
:10C540001C4B52B9946EEE5F11D5E20F29BEA7C104
:10C55000960D13D89A0235BCBEDE234D0F576CD111
:10C56000E187A0F4EB4B74EEDFEAEC4B03ACBA7E50
:10C570008FBC0385F267AF0C5D1EB42D5E8B53DC60
:10C58000C77A47782B3373D31A9DB7CC7DC41088F4
:10C5900012ACA2B0675B02ABD06E67E7C997194ACD
:10C5A0003D0E586E5C1D8D42568CE14D508B6DB624
:10C5B000F0BB9B022AED51FDAFA0DA6E206677ED4D
:10C5C0002DE8DA591133584A9A7C07494638CF1575
:10C5D000E0523E88708B37B21AF874D37F1A685FC6
:10C5E000B4BA5279B2699399E6D6B75233A1D2C49C
:10C5F000FF1FBF0DB3F15400761A5ACB1EAD68D29F
:10C6000026FCB468522F674673A85CDBE5CEB18D7B
:10C61000AC337762DD9382D76A7027225A372EE4D3
:10C620005A868FCD5352B7ADE030CD3D73AC928C6E
:10C63000F51DF11BBCACF1345AF52122B7400CD9E1
:10C64000B27AD3D27355F0C9172F92F2C234C840D0
:10C6500091FC5E41D8E1CAE4E92EEC7F8C2821EF01
:10C66000421F6059BF9B6EFF9521996047576E33FB
:10C67000D3B3BD7440326735BEBAA7A6FB3516C327
:10C68000D399C4B00C3903D553C33EDBA0A3324EBB
:10C69000543763EFA82CBCC0C4005C98E240819082
:10C6A0002CA5532D47F35D59E93EC5E5E93E5B9F57
:10C6B00033DB3FC5942456A0521BE68C7404C3A5FB
:10C6C000B5CAE5C6129839FF02F67C619DE4FA7698
:10C6D000A7DA037D4E469E3AEEE1F1C9548B484EEF
:10C6E000CE4A29CE3B38E88C46353E595543B06793
:10C6F000CA81F09C687B5933AE91897EAFCF45816A
:10C700008C9B01925A9CEB51B90AE2167A5228C7C7
:10C71000981C7ED513667536E29213C58BBF5AA559
:10C72000A4371EAA0A00B7743DAE8B8732ED62BAF9
:10C73000268C5943EE87D215381B8E9ABAA36EEB1E
:10C7400024461A7B1FED0BD985A89272F7A14542AA
:10C750009536173743C9E101354E37FA5A6B447D98
:10C7600080C4A943996580C60DB21C04E567485E84
:10C7700011EF95235D3DC4C113C4506AE28523C502
:10C780008803BC6F95E9353669648BE117DA30FEB2
:10C790003BADA4E576E716FDFE30CAE0F0CDB75715
:10C7A00095A745E26BF1446148FFD38FE2B3E4F70C
:10C7B000A6FCEE33E111D06286A120034D55A98E6F
:10C7C0002E5EB7FEB3716F3B974BDF7F3C1145B7D1
:10C7D000D10D108453178AFEBF5B71C7504F7D7314
:10C7E000AFF02B81BBB2C677B2072765FC23463278
:10C7F000C16E00032FFEFBE40B1425BE78FAA9B42A
:10C800008BBC57C533AAF93A4BA4FFCD6439EF5F0F
:10C810009FF39A6BF691A1DB850FA01D4BEEB25DE5
:10C8200015607DC1BD2347CB7BB0FB4C2995F5F846
:10C83000D7FB5D0CCD4913AF6ECEDAE650EB8E58C8
:10C840003BB7ACD1B4923DCAC26955924F10CFB636
:10C850006368DAE8840780589FE64D826ED7D98CEA
:10C86000FB7F77F97E526A3D4A89A139C9CA5A4E7F
:10C87000E1BEC6A0B8C4431F53DA1EFEF86594D8C3
:10C88000A51D89ABA8CD53BED1A555CA841428BE19
:10C89000972C4096EC4A0461A1370D01A86D359F95
:10C8A0008A2B54A9DF2815A326A7F570921DC8E38B
:10C8B000BC625E46CCFAC258EB427FACE3FA464813
:10C8C000813B5D7F3C649FBA38C20C1CAE405898D7
:10C8D000FEB37C7ECAFABD281C77AA41724F4F77FF
:10C8E000C675772DE215EA184507AD21E133D1D1A0
:10C8F0008DE69026F7B058D1F399DC9019F639CB34
:10C90000581B4B98A23AEB4BBDC8D21A157B95F237
:10C9100026ADBF9B9E66098B11ED2BAB191DA7CDD4
:10C92000082B3E07632FF07A52DEB3DC60B1187536
:10C930004E1CAF69B3629953D7F03385FD73E69E01
:10C94000CEF9F193810DA74EC4FD0444F2CA5C6C8C
:10C95000FF08E93458E4BB674A5A076475E44C861B
:10C960005DD3D443C945F8459D624C83C3C7E32FCB
:10C9700094A92B9A40DACBEC9F60407B8AFC841E02
:10C98000FD6274B3618EAE4F26C4A5FCF1F77A82C6
:10C9900086D5A3EA59A9BF3E430858A5D1DA100F9E
:10C9A00002138D9A17A19BDCA18A5CB36B93492279
:10C9B000253B44357C84D5DB0F663972EAC9E657DE
:10C9C000E5B5A5C6CDA0C9AF358E2384B10ACB721B
:10C9D000C8022D98FD35217BF649D1979BE67EC98B
:10C9E000388E19E0E4E74D5F6DBE5AE5E1E404528C
:10C9F0004CE38E2DE95BCF34DFEF162CCF232AFEDC
:10CA000017A1FCAF49BF290630D9DE6FC1461F8D83
:10CA1000152E488F70B350625326A4FCFFA9054C15
:10CA20003DF0F79426D84793EC563054759EB47B6E
:10CA3000BCEFD473E1D7E3ED67A43B3B821AFB2F35
:10CA4000A363285FD083CAF49F9A6AAEE98774848F
:10CA50003253414DEFE6E7E33742FFD86B0038A58C
:10CA6000CC3ED2BB15394DC615DD5DEA1D534BA337
:10CA70002DB5DC53580BB11231F1C13885209D65BD
:10CA80000CC4296F9532F768DF192FC102C8E41D65
:10CA9000F37BD3F6DD94D630E2F2F4547A255E2EA1
:10CAA0005E00F174103532205A6B2D362D26593C1C
:10CAB00008E418D340FC6C83221BB76E26BB2827E2
:10CAC0009F28D389487BB5E8AC671618F3BADF36E0
:10CAD0005F6B92D570E46D32605CCBBDF67FF34B3B
:10CAE00028993E741BD65848E005A09C64CB61FD94
:10CAF0008FD7E714CC0C3A945788FEC80E44726A5C
:10CB00002FE163F145EBFF767166712FD33880F723
:10CB10006538B11BAAC17A0C3BD147D64AD86AC343
:10CB2000C8324F03AAFF2492AD33CBE4DA9108D187
:10CB300055C10D57C0D894AF92C08FF50A5EA65B61
:10CB4000AB5AD392A8F3B39E6EC3C70695D4D8FD53
:10CB5000A59C6166B628DE6D92D9FCF3C684ED858E
:10CB600099645459C0EE2E96E15D139A78CAFC0C74
:10CB700035B4DE641A500422F0EBD0D962CA8D9E1F
:10CB8000BA283EF3425BD793A58103A4784467DFBC
:10CB9000F8F5D0F03EEFDD6A4F06A565E218BCE679
:10CBA000E14081DC820747984C5D5591E37EE7C503
:10CBB000ECDBC2A696329A0DDA0D33F3C0B435160B
:10CBC0001C6BCA4AC5330261603AFFF4D99E7D9D51
:10CBD000A9FED48EC83774C0307E0EC6E60023DDB1
:10CBE000C89CC63EBFED07F37044A77C8BBA566065
:10CBF000651237C47156C4434E9C5432C6831ECE50
:10CC000086A3FC5914BEA547FB9306B195ED045DC0
:10CC1000BE49E5CB071F30F4081D2438A4D330B13A
:10CC200033CE3BB2D374AAF48A9D76E018F6D99C31
:10CC30009D76A9845FA9E355256CA84E343FE85D35
:10CC4000F1BAB6C4CFDB7B0D50D247EF0112019E83
:10CC5000422695F5CAB5B0829A42ACC7FFC0E7D06C
:10CC6000380B5E976F8C7F07D6BC7C135679FB6EB2
:10CC7000049B6F7C09E146551926E878470A7B2416
:10CC8000F29A381063D67FFFEF6123DCBA503BF98C
:10CC900039CEB2FD8FE57E21776BB877F82B024D48
:10CCA000B5F84358466A0CE6E831ACE9503C598780
:10CCB000D0294C8B3FB81E6963F7332693AA69D0FD
:10CCC000D08B739CA22BC9D904B54D63A116BC04AB
:10CCD00011D623651EFDC188825FD70F47F9AFD7F4
:10CCE00021578459F11ECD65F583BF595F721BB082
:10CCF000DA0B48F1E9BEDD63F67F253B9D7B7BBB0C
:10CD0000AC2558E23CCCA1268A2F41C162B119B9A9
:10CD1000640600CB96EEAB63ABEF8CF74FD3CD5BE5
:10CD200024F0DED031CF6D1422BF7C6E907503B934
:10CD3000595246EC175CCE0EAE3216147B473FE7D5
:10CD40002C93FA73573F9BCBFAC45CB6FF32E7BE15
:10CD50007031199A7B5D88886827684ED0BEB666A8
:10CD6000A3BF54EE6B205F018EF125206E2F1DEDC9
:10CD7000F376B84A1B2CDCE92C3CA4A632E48604EA
:10CD8000ED3E930513B880844FE1BD9345BB917A86
:10CD90005C385D16620F1CF8B47A9BBE470B786650
:10CDA00089839DEC2B0C314F34551E73489D65DAF9
:10CDB0002E6B0181E879580E51FCA1AC2CE8B5F539
:10CDC0006F4889C3D9DEAE5184EED3F6A6FA686007
:10CDD000B4E829EC4C96E4EE429F6B37AA28B67F64
:10CDE000412BB139CD847B23599D81CE442C998828
:10CDF0006E0D98A1BF82F73AC29266E7512934407E
:10CE000015747B3BAD689F187371C67FC2C5C4A300
:10CE100096FD956536E4B5BDF9F24CF352806C9AF7
:10CE2000768399725380D8EBEF3A983AF36CEB24FF
:10CE3000D86380D694429B889151276AD16C5593D0
:10CE4000C78F73C1137BB59A097DBFAE7EECBE97C9
:10CE5000A1A5D5FAA7E45CDC97F75C8C82A8E91859
:10CE6000134900E806B8127EAE2BA085D2DDE1FDA5
:10CE70008571299310E23ACF03D6B48E164EAAC01C
:10CE8000405846AE24F351D0B7C4F34943B1B6E994
:10CE900053A72949D9E1322804F5741B0A0C99E6F5
:10CEA0000A0C62B2655EADE86559A1E77314F5B08E
:10CEB000859E24BF8C05AA10B1A2DB785F0931C81A
:10CEC000EAE97407BEDE2C4EAF4F6970CCA7BDDE19
:10CED000B7E86A3BEFDCF17A39AE48D64E61EB63D6
:10CEE00077CFAC4F22EDF845D758171938038F6329
:10CEF0006212D4F1A86062A3344034A1E5F7FA6A63
:10CF00005AD0705774552C4CBBC30FF8B8C4588F07
:10CF10003298B57369FDAAA0070C136F612A19A393
:10CF2000AA49E1FEDEBE866839513CF05009C77659
:10CF30005C65CB36BAEEDA802E5AB9BB338C5639E3
:10CF4000462AF6A1276503A73F0A852DF0AC07C541
:10CF50006FD9B4B26D10809DFA31F022C9A1A2DE62
:10CF60007DF034A6FD4F0FAA72209217E323D0A3C1
:10CF7000C060059C8F6506025743C9F1555BBF4DE4
:10CF80004B673992949FA2B44B86650AB86B8A4B63
:10CF90005F4A70CCBB8F1DC6FB2EF84F25CF7A2D74
:10CFA000FA8F48FCD64227A877502D8D04DD299AA8
:10CFB000555D8470A432B2274039CA20505B077691
:10CFC0004FA67F48E8701B82C4785D14885E66694E
:10CFD00091832678CCA246BFC3F0965D8D12057E64
:10CFE000BDF62C6266177443266FCBCB50BF31134E
:10CFF00024405602EFC575EA0FDE13B40ED995DE54
:10D00000E94682C653BACDDAD4D964BAAA9C16EDE1
:10D010006C7AD5B8BE3D06AAF796DE241ADF518E8B
:10D02000A6D8C5B7D9CCBBE587A52DB34626C02A5F
:10D03000065199B84BE8AAA17C3DF989A7C859CDFA
:10D0400054270C907E2868F642585334465CAB2631
:10D05000F39C37FB417F53DA62F7E5C769F6F6A622
:10D0600023DB8BE53331C2A7214EB996203E76965D
:10D07000905EC1C13F7E7EC1C74B01C121B5A0D02A
:10D08000C57FAF42CB008A3D5B92B8CA34F5F3B19D
:10D09000169B64B1DDE78AB9036CCD221EE6E03C45
:10D0A0008ABC9695DD7AD6BA550B0F08DD7E2355DE
:10D0B00079F469356B531F76C5AE3CA6FB51B6F0CB
:10D0C000529632231096C277003C545B9CFC590464
:10D0D000AB406FF8AAF5586B81B77C884FD03F32D0
:10D0E000B2D79523D40C66C324169D149A34E8BC99
:10D0F000B3282B5A579E4ACAA2A9D7BD451BC7B110
:10D1000089FE2489C3A77F70B37816C197656CD256
:10D11000F3BCAC02C601C09729525DDA5D8996392D
:10D120000D30CFC7101054CCE2DE90494A62EFC5F3
:10D13000E4B82C81FDAD8E121E2EBB8DAC9C09E98E
:10D14000BD4C737C46661F50DD0F1AC6C0FD747C53
:10D15000A59DA25A60C0BF98753FE1E3A5A122B08A
:10D16000DB68E3EC69F5CF04C75D6A99C05E2FFD0B
:10D1700013DBB924F7F2CC3BFA44A5AB78D123D129
:10D180009DE97D8B026AEF4AA06EF08B28342ABF9E
:10D190000A48274E1FE55C875F1521E68207576620
:10D1A00094AFCD1F7E3D9E76F10863C5395DED2FAE
:10D1B00032E53A69D5BDC42536B66C7846486C6A06
:10D1C000CBB3ECD49E016E69A3D937743336CE3E0F
:10D1D0001B130456444132D99AF1C61ED4EF10B441
:10D1E0008BADAD28372031E81C88CFF56C4778A38C
:10D1F0002822ABA8C738EEA4CAE18BEB73DB171A61
:10D20000655561ED6E63CB545E65F20D613A4AE996
:10D21000580002984349EB9331E4A410049FBCA446
:10D22000285D92022ACE26D451974EECD28DEF85FE
:10D23000DF12992F03DCEBDB82F159C54FA61C4EA0
:10D24000C13333DE386927B99C3AC7A9623390FCF1
:10D250005A755F0839DA9F5AD344279FAA515FABAA
:10D26000EAA6F0EED473DE52F8B8C290D403973633
:10D270001EF9FD1F84E293F6F1A66386FE02EE28F6
:10D28000F68E4EAF71D31E4D7E47AA01DA3A28EDD5
:10D290003DC5C88538D85A16337D5D935EB5A8FC68
:10D2A00041FFB19E1991E15FFF13EE7AA1C261BE09
:10D2B000C07F49EFE63E5FA1006FB6B52A6009A9BD
:10D2C000394B6DA5333AD6119492F7554B24E77834
:10D2D0002F5E9475EEA51235DFEB879A636132ED10
:10D2E0009AF36133FAE523FC94B4F9E078632303FD
:10D2F00048225AB647A82B27BFC7849D2CEFF3C0FE
:10D30000DD33FD281E02CD015FE1E22075EA266BC8
:10D3100049CC7BD16F2DEDBD8926E52369093DF709
:10D32000D56974CA2CC69DC2246C0A980AEF133CB6
:10D33000A11BED82BDC07D6BB1EAD4F5D51A5D01AC
:10D340005DEB6D23023C72E09BEAEDC1CE5AF24BDD
:10D350007C22D5A5CB84E0EC8D10CA6ABB41465532
:10D360001A8736C5F2270122CC6C138C614766E818
:10D370009DEEAF2F0D9E88CDBE85F85BFC4F5C0FF8
:10D3800081ED45B56266CC85EA3669C239F52F4A2A
:10D39000296F24C4D8D44607AE2FF993498FADC462
:10D3A0001914E328936CAABCC0BE7574F58AEB34DB
:10D3B000FD73CD9B82D88EF45779D20332E674BCCC
:10D3C0006758B1DF12F8F3A3F851D4D166B5D6404F
:10D3D0006284CDBB664755B5DAC82E5699AAC99561
:10D3E00055AC2BD7B027F278D355383F0AE8460D15
:10D3F000DEE995FFEFAA1FC4EAF76C386421A6EABC
:10D40000101B83B0FF969A013FE27E979F08F0DFE2
:10D41000211648612DF507F54811A5DF0C177D2E63
:10D4200088ABEF9AEE246C85E44892B1D0DB061C01
:10D43000D1A9B34D4CFAA5BAE4A9467B458CAC09F9
:10D44000AC932868BD8A8E712378536C1A828A2C1B
:10D45000D92D454E5656871670F3F93900141E988B
:10D46000C62ADEC34F1BC54B63A4286DAC7C9BC48E
:10D47000C643B7F5E2FC95068C2F8D440D93F1F071
:10D48000600486111BCC7E7B3DDEA3E2C9296E12AF
:10D49000AD4D892317C452B3A177288977B78ED1B0
:10D4A0002F43F20EF906CB3DE5CE728CFEC5FEC4CD
:10D4B0006A555CA8DC194906E49F470FC86ACB5D32
:10D4C0003858C9F0B1F5D79B752D3968BC18DB52B7
:10D4D0006B8EF7C14C84596E1B3F0C65346D9C7F7D
:10D4E000456EDDBA384E720E4C0F6A75A57042D487
:10D4F00076564BFBB6FC8A6C6F52B9953FF498A9EF
:10D50000C01D93394D8617A003893A9B42F8BA098A
:10D51000E6441D7DE007EE7E47A28CA277E41DF86D
:10D52000C599A1DBC5A5A13FD026E0389FF242F006
:10D5300072F5EE74B1C7E6ED9C821FDB2356B2AFE5
:10D5400090F24A773CF280F41E1309EB51B29EDB55
:10D550001350A9A7AE9198DA20B9052627FC1DE241
:10D56000ACCCE85C939EB9ED11F0304D0E802BC928
:10D570001CE6A5F7F3867B7358BDABE761B902E201
:10D58000DA45A4F7EF463A6A71E3B59DEA0F2ED665
:10D5900045615116C43984B7A78567D919AFB68ECE
:10D5A000B81C398954704B0C3C1E5677FAD7C62AE2
:10D5B000467DC00EF859240C7A7C0BF391F4EA46B0
:10D5C000491E0ECD9CDE498B056EACA1053E844400
:10D5D000CE61FA3546454EA4E62F040DA7A65A970C
:10D5E00090F507BDF802E06D9C033E618EB9DE54F4
:10D5F0002DBD5E69CE6E6615F3E3DA30F38D52D43D
:10D6000022FBB7B52623C59F048F2E85BB05BC2BF7
:10D61000ACD88993B373A9DFF1050594958A1B6F84
:10D62000C64FF17B0945F13C52C50896A0D0695A16
:10D630003641379F1CC4B1BCC17F82DAB43999200E
:10D640000194DC0DB84F7F7FC188941ED56239F2FA
:10D6500075CF01E899C5070D237FB78BACBBD2CA44
:10D660009F9B467464A7321ED6C405ED6C30D00F64
:10D670008BA61B2CF657FCC6216EADBE352FB77797
:10D68000217F1EEB71D4E83DC3840DA118B55B1654
:10D69000290384BFEA9BEE367E1060B516B7078279
:10D6A000FB054E2A4281A8C7BF7E52905658666D30
:10D6B000EB562321D9BAA3A157497AB3B3C925D0D0
:10D6C0000018B19A3F470CBF08FEC90DCAF2BF0847
:10D6D00075729628D4767BDC256DA5DE89E6DD2083
:10D6E000CDCAC4036F5BBB842E76CEF441201A3CB6
:10D6F0009FD8D06168FCDC86B108EFFCD2E8589175
:10D7000056646C003610E6584448FC3881D6AF3475
:10D71000CC7E002F9EBD40BC02E94A7EB5FFE643A9
:10D7200086D7760EE0DC087D5B612D2D8F4048C0EA
:10D73000ABDAC3FD2EC04C27E0727D47687847D432
:10D74000799D80C0A9125F82811C00EBD5AE257542
:10D750009EDB266CC0907D92E267BE75E426E37284
:10D760000D18BD2AF4AA35B19BE6393CFD1B562D98
:10D770005252DE9D514124488B9FF2F7C58F256B95
:10D78000E5FA3809CE6E4BD3311C80A02731BCB3EB
:10D790007301B205441EFD0C1A0DFDFFF7FFFF0AD1
:10D7A000B1F35BCBDBCB6D45F1585BA57D6A507C5B
:10D7B0006EF7AB6805FF686C83E5799652A0DFC908
:10D7C000C844B031DBCF3494298A1ECA4E1C031AD8
:10D7D000A27EAAD370A8CA62BF6743D69329CDC1DF
:10D7E00043B6FBCD6EA3C7915013318F41A1F924ED
:10D7F0005D965D70DC5FC9D28AD500E5B090BF252B
:10D80000267D2BB6E8A87CE80C1BC74F69D2056AB9
:10D810002AD5F20536A135A3618E7B8CDAB6881144
:10D82000E134E8A60DD860472AF2310553AA0787EC
:10D830009C6103E0B87D5381D139787C0052ED8B37
:10D840008E78D8A2D1037745A9CF094FE2F00A65B7
:10D85000C0C14F5E306C8C1FDC7CC11D25F29C4921
:10D86000F673DE6CF255703A0433F026522F888B33
:10D87000420317339B460E9F22BB4B3E2901A04912
:10D88000BD3F86648623DFAC75322ADA48952D0CBD
:10D8900016A98D3ACA4AB65D36BC47226CBDCC1675
:10D8A00007CD2586F54B67A28D92BEE8785B97720F
:10D8B00038DD61AAF75C254728614E384B37666B27
:10D8C0002710F8E62A19029600319D7F915ED45BFD
:10D8D000E1B36CFA8BB6FC1C39974929740A260B04
:10D8E000A033DFA9E76263B78D223D48A10F3AC09C
:10D8F000C1A6CAE9B5C5B04E9DE8A412EAA64F0973
:10D90000C2DDC31215351F25F90DDB733F4C9DD7C2
:10D91000C29B5A050C3457F53B18101DE3A6ED3F8A
:10D9200073ADE9D1B52922616BA2AAD4299439E15A
:10D93000FA31C8F1375F01526C4AC8E83E45E42E1F
:10D94000F6B163596A26C1770A5F5661103DE54E0C
:10D950009780DA1339C1200AA270F08A511B467EE3
:10D9600024E1EA97567D9372D55D54037A70CA918B
:10D97000DDA3596EFD072E050DB7E0DBE857CD910D
:10D98000EB901B56329159147A4D7A90B6336AD97E
:10D99000F32AAAE809C6E7C35FB3ED3CA3FEC4EED1
:10D9A00059985C17AA7E7EB00D9316909E9DCB125F
:10D9B000751DB4A19AB6B609D85D5E138A1B565D73
:10D9C0009095EC3D8E4EA1C9B9728623C925559319
:10D9D000E17F81524AF7FBD209586BF18213401D57
:10D9E0006CB73CB9AFFFF6050B6C868548628BA41B
:10D9F000A52F6C3981249F476A54FF1C3A92EEB6DA
:10DA00007C35AD229E46123A6763BBDB52D715C008
:10DA1000A8222D35EC9302C2508ED96F0B857EFC67
:10DA2000629E95C9D2DA7BF86EDEAF91AC75B09389
:10DA3000689412695A7EA33E5ACCBB4DFF28B6CCDF
:10DA4000A5F53FA854E69AC0803C4E2436035F5BA0
:10DA5000344F51C5616DBFCC2C7ED349AA8AE3E90E
:10DA60000D4688E00A6D68AA53AA526D0545E5F592
:10DA7000456A58E21B6E83EEEC6B397838FA8EB348
:10DA8000D0BF34DF08B2A02EA75173AF53C991B6EF
:10DA90000468B1CFD198F39270EBBAB5EDC4DFB79B
:10DAA0003B237347219E5ACDA10D2C56AAACE98782
:10DAB000B0462032075636D7D9F6FF80CF1C8241B8
:10DAC00043007581EACB7C2C60827C30D6516EFCA1
:10DAD00043B25DEFFFAC709BD5B0F87EAC714A717C
:10DAE000181FDB53091ED92D82BFAABF4B7D3259A7
:10DAF00018245F1B96F007F5EC34369775B8140CB4
:10DB0000BF3CC0609540C5BBC524F160685034D1AE
:10DB100016DDCC343B7AE9CAC571AC1E596C58B5D8
:10DB2000562213D326A163F5E2A1978F4012D35555
:10DB300089F5202D46EFED960B711B82D349548C4D
:10DB40005C6D12341F2F284E5A9D34509E062BCCEC
:10DB500027C8C413B22A89DB724C334C8D4DF4882C
:10DB60007B8B0B938211F184E3FFE7620EC401A665
:10DB70008E3B42498E279AF3324E487026E65AC9A8
:10DB80008260B15A06EBA6D11D67C4BC0B3FC287A9
:10DB9000510D97F3545B4C9DFA3BC3A2216549E4B8
:10DBA000AF2DD061CE88DE5DC4C2E42E89EB3B216F
:10DBB000A2C3E8F1DC60168C21E42A149FAAE12FAD
:10DBC000B2DED6D3B3672122CABF40B0BC5FDAD67B
:10DBD00093DB388774F2D33C505C7B29D9AE9FE449
:10DBE00002DCC237903C140201DD358A654C89ECB9
:10DBF0004F05674657F56294F060D1D1275E68FF04
:10DC000076C03A05BFC5328480A3AB66E185F03F9C
:10DC1000504872C49CB13CCA63B2BD8D9230C10BF6
:10DC200070ECC58EC4792ECD188E9C50F25CC395D5
:10DC30008CA4881D3503FACD9335A4793BCAB5A1D0
:10DC4000FB157CB6C4DD28BAD60604C180C7F05DDA
:10DC50004FCE0735B589167812974995D942D33AF0
:10DC6000EC733254B4EBF2D2D94153E9341987A79B
:10DC70002D0DF6CC6D47313EC5C6C353956B8EF066
:10DC8000448653D48EE1E86BF349AAA9E548731999
:10DC90005FEBB6A5744224F961F60C49869D8C238E
:10DCA0005F9CDB02376FC3F82523D90EDF230423E3
:10DCB00052F771FCF66266374842AF304516A4BF92
:10DCC000D68A4AEEA6AF4A0AA21F850817599D6D4B
:10DCD0002F2BBA6E65521C995078F7EE62B036DE83
:10DCE0007CA1DFDACB3036023BD923A85A65B128B4
:10DCF00027EC5E51306FF6B87010E87CF96BE8B72E
:10DD0000132DC72C37F290945D348426D32D15AA99
:10DD1000902B236D95805C77CE058445E0FC544EB6
:10DD20000630BA900AD233D1F2DBF84BB73500DBBC
:10DD300022C79AB91D8EEEBF0255F9949F54DD6E2D
:10DD4000D7AA1E8CABC45D20890AC61941FDBBA6AB
:10DD50003A033BE175BAEBB8BE39BA51B0EADCAD73
:10DD6000946D7B81D69840EEC5667985CC95D65367
:10DD7000873A8C6323C9AC8357B41548475ABA8C89
:10DD800022900CB55CEF51815941806B931B710857
:10DD9000AAC7C06AD85D393B09BA567D03A8BE78C8
:10DDA000D469C4194F7DC7559AA3E17B1D1B0A4155
:10DDB0006E5EB9F8B69D65A6A6C37B1FADCDE42AFD
:10DDC0008D23660D4168BBF9B3DE94AEFCBEB2682C
:10DDD000AE983C1716C0C293F75CAD787CB456453C
:10DDE00048A605788CDE7C37639D29B1725E78FE8B
:10DDF000B3E1D845C5FAF8695987F48D483C722BD0
:10DE0000F79D0A2268F21ED23880594F247AC087C3
:10DE1000DF72FD253A09A08357478DB150B31BC46B
:10DE2000F60AFB8A32A40247FC7CB1DC4D787FBE47
:10DE3000139C7CD24A30C2CDC1CCE50681DEA6540B
:10DE4000B6722FF8572A2A05FB8FACAF1E7300AFAE
:10DE5000E7996711EB474A7814D28B45B45B146A93
:10DE60003FADFFD0C963A49FA70B5BB93075B90D57
:10DE70005B3628F96049665C9BB655DBE176ECD1F0
:10DE80004E96F6C93437C698E882C6EFD855204B6F
:10DE9000B4213599DB2DE0F5666683957DDB1A5A52
:10DEA000442D153087401A4E5B35BCA449CE6F1304
:10DEB000F41F1BD8C3455530DE37D856905DF0753A
:10DEC0007B2CDDA09AD73CF9AEC225802B0A3FC936
:10DED000465AEE11532235C07960F75E1CE3EF21FC
:10DEE00041C03B5272A2F159F2AE29BE3F35BB4050
:10DEF000A80FCB329D321377AA5A5F042BDF4F292C
:10DF000086487DF9A5F5952CBB023E376D48A02FBC
:10DF10006553F0C93F98316DF4C89094C3CD6354F4
:10DF2000E8D01799337042EDC41B21723E3AEC04DD
:10DF3000C6F650ACFBC3714CCE2E468A9E793CCFC0
:10DF400081C38358E84EF77BB7798DF71571BEF220
:10DF50005226298FCAA24DDD82039CED95C8978178
:10DF6000CC4F0FAF00971D423787E0738AE19005D1
:10DF7000CC027162DD97AD6841846FEBAAD6194E71
:10DF800097FCD7835CDC15A83C5941843E7657A4A6
:10DF9000D8FB900A314653CC90754A870ED80020A2
:10DFA000AC14591E4399543C8117B22D1ACBE3D9B6
:10DFB000830CB945CDEB29A5DD51163A568319B826
:10DFC00074899E2085E269BB4EF287441FDE135A96
:10DFD0001EDEFEF97D466D9845A13DABAF215BEDA0
:10DFE000E03C81FBB57520E970409A77CEF0892F2F
:10DFF0008F31608D36445D6942865AC7CAFA979A56
:10E00000CFA52A1B03B143B8EB2316BF441F0F1142
:10E010003E10D37AEB7BDA7BB0B24F834521A371FC
:10E02000836E9FB331AE8FB347927F3D4B6DDE441D
:10E0300012891617FD5798AA2A150EEF6735EFEAD1
:10E040002B5B3435D93F6A32175CC0B05F5DEEA8F8
:10E0500079726C6CD06B3FF22C073BD5E32C202BF4
:10E0600086CC1A10E258566ADE079517CF3F9F8577
:10E0700084858DBF6256455523EF82E08CDE7D6836
:10E08000324AC8C2EFA5E57828443976CE1D5E2F06
:10E09000155311324B2DA9D7220778EBA6B79AA3B7
:10E0A000F9938D03AF12B1A2DDC53DB2BF221FDBD4
:10E0B000669029B11CF1FE9A6CFF8C611490F43BC0
:10E0C000CB9C8C979EB399716C58F93AC78CA7F585
:10E0D000E27838ED01B42018093DC2B2763C37FE33
:10E0E0007A797CBDAD4741BBFA16B69692BF4033F4
:10E0F0003E6E8864A4F21FF5113B856E10E2BC579A
:10E10000369FC7701B6F0C56BE2C5C31B984DE1273
:10E110002D0F05A10AF9F9C62AB61B213A9B2FDC5F
:10E12000B300FEEA376DFB00BC8033DECC6D48BF28
:10E13000333485641B8A4D2975D6BE8EB1A7A59A46
:10E14000DAB08D4579CB71093E4528342F8831D31B
:10E1500020203A32412BBC350EB430EB5E43012710
:10E16000CDCF24AF3EE53DB1C037DC3EDCFD26021D
:10E1700036B0B72B3699EA5097BB5AB54030E4C059
:10E180005589FC05B348FDB2037F62D1A3A14EBD02
:10E1900046E8118E2AB43CC9882507896E50A6A589
:10E1A00019E5C9FA1497371D8EA4CAB777FE563CF5
:10E1B000ED001E9F55A34CCEDDAB5D9419A3A528A1
:10E1C0007E72D2D2E7FAE6B4A9CF13F903DE5EC6B7
:10E1D0003436E59AE8DBF3989B0981FC84DB67F62B
:10E1E000A500BB2B0FCA2FAD75E858A574C04972A6
:10E1F00043F1FF1882A6B61879ACE2A944AD3C926F
:10E20000BC96A1B81A36F9E4213DBB1DDD9D8A11EB
:10E21000348F0F53AAD43986AE3546740685539C85
:10E22000BFC2092CE587D7F97B89CECB0E2ECFCE86
:10E23000E2A0A301D289B85666A8FE60E90480670F
:10E2400093C8950E303C5E371875FF025B91B2B1F2
:10E2500038B2515D26B0DF6FE4167861B2A2183F84
:10E26000E75FFF59738DD883684C827326781B83D0
:10E270006E8CF646C576BEA57693CCD7D01C662BA1
:10E28000A77BE5A8D29555EB5F4C2CE942B580F809
:10E29000466607D69ECC319968FC1B5BCC541CA209
:10E2A0009C7D97A60751734E275AA4218E4664027F
:10E2B000E5A0959C93B491DD002BEADE2FFB89D17C
:10E2C0004A7E10F14D6AD80025A55A26BDCBD0351F
:10E2D0000CBAB8D897F1D8347CB1EB3CF7ADA2D1E9
:10E2E0007E0094733552847AE4618FC2E63F0AE778
:10E2F000BECCCCE4F22C8B5054C4B7784863B79DA5
:10E30000CD7F8B68F1DBA6573B05F4821EB415CF99
:10E310007CB29C006B68B495B5F109824C7ACA5600
:10E3200082EE7133C3ACDD599561FD96343DFFCE6D
:10E33000F9BC3DC2AC3F8D41795A4F1039ADD8631D
:10E340007647CC5C2882833D580ACBD324E113F96D
:10E3500022CA02F2FB44BF69A9CB98E4704D15AE06
:10E36000E7D26039A704C905E22F523CC08EAAC883
:10E37000820C5DF0E00B31995FAB3F2132C6AD5EA0
:10E3800072F8477BE1D5FA2A189149242153F56B9D
:10E390000726383650389F88E6967F2D1465B95F7A
:10E3A000286CCDF73644D6B65E377F342322FC5630
:10E3B0001F9A3214364E58FABFE3DDA95C70881BF1
:10E3C00096827A75512FC8061EC3E9A38D3E5F0D54
:10E3D000A3404C4E7672AA9E6C967862DABF0B29E7
:10E3E000777DD2C5839BA53C2ACFEEF3BAC3094FF4
:10E3F00030C4BD01F2DA467A09839A1EAB58811304
:10E400008CBB0A93C4A69658161DF7E4E47389D30F
:10E410002F7758146D74BBED7A829B8CB9C148BAC2
:10E4200006A842F99AAD9C5F33433C141DCFD15EE0
:10E430006D60BFE1B54EA1D292F37DA9431CD028F7
:10E4400058EE5D9434A5501222BD28DCA7F309BC18
:10E45000871C6C24D4252056010D2154C22F013B6A
:10E46000C30CFEAE1FAAC6866C75BC7EA4A4955ACA
:10E470009A6F05E2BC7FAA900F89CE2099FAA28AF2
:10E48000E71612779DB68C92DD0EB7142F9D8894F7
:10E490000E4C6893F738CCC2ADBDEF4DD4B3728B40
:10E4A0000F1AEEE6877980F02F0B8D667418E6E37D
:10E4B0006EE0D528A23A7A9E23CB4200588DC7E55C
:10E4C000B872C9FD1CACBFEFEA818612D583B99141
:10E4D0000318CEE75E93E1BE4C1B810AD099BD3094
:10E4E000B0380971EB754C9C2AC3D15D933FE1D6DE
:10E4F0004C837154FA43F59AB84F88CD920BC5C737
:10E50000FC929D3D51A995B74923ADE6B0560C55F7
:10E51000A4CA5B5E1143FDC4F99B4AC474A42C04D5
:10E52000B62F761F75EBACA89201E5BDAEAD0F1B03
:10E53000072B6B1DD1FAE34314E18E7BEAB8F1C8D7
:10E54000351EA2277E6780030D37E11CCB23AFFF6A
:10E55000EACF9290585FAC2B524E9F6A224529BF5A
:10E560009120427C4D1E41F101663C6C16F408E49A
:10E57000D7406DC88C39AF38AD6F4D06858A546968
:10E58000ED7E5B3BC0C530BC7C147F580C22C6D9E5
:10E59000C018A2BED2BDCC6D56AE1480D8EDCC91C1
:10E5A000FEA581AF4CFBF317D3B098AD1FDC91DF14
:10E5B000783E8C1BD2CFD6FEBB1907987BAF4E0B93
:10E5C000BD2F0D6DF6D7D7E9D2F9248000FD447B2D
:10E5D000906250F8C0F1A3738C7C88C7F431381B6B
:10E5E0009E50C5EFB4D3FA03C013D6551A1DCA18EE
:10E5F000CD6FEB3AF74A3BC7D144CD39FF3273FFB9
:10E60000CD2D8E71DE1FB8E6ABF46B11749D32B860
:10E61000D8D3D01BA021914461C75B5475D3361E5B
:10E620005935C358C07DF10E5E5E833DB2E01931AD
:10E6300039318862F178874798515C5EEF894F5C89
:10E64000C6CE7ECBEB9048CAD7CBBC44635881A6DC
:10E6500061C5FA55D1FF10E710EC28A8F7573EC462
:10E660003399633F4428C6C581CF47CBA1C79AFEE3
:10E6700010452D4D0F8D8B345B61C6BA7B8A294FB7
:10E6800007E4CF299993A240F43E997AABE89BFF27
:10E690006EDA788E7168B134E8E90650A966238A8B
:10E6A000694A73F171F18C0A81A60BCE79F7E4B94E
:10E6B000EA146E2EDBC939FDBA1E05D1D62C81872E
:10E6C0000E6124E277AE95675256E40F8699848EE8
:10E6D000192604883A48C0D520B4A9DC3051C5EBCE
:10E6E00029B34137ADADB06BB974D96D2559DE088A
:10E6F0007948C1EC7F8C7F9F40CE600BB07E07963F
:10E70000FA1FC7406965891C01BE39DF92C64BDD1F
:10E71000BC867DFAF1A440338E07B28E4C42091DAF
:10E720002F6021CA7A3BA652916827F575BBE37921
:10E730002523EB4BCE49E7F46B05DD14C43ABEBB91
:10E7400016E3929E4749ECC07AE59D9C99A6636FBB
:10E75000CA8211CEA260F0BFC01ED2A7A563310D40
:10E760004C76D6BF42C0A451BCB706DC2D1A356D1D
:10E77000B52B2CECA8D2E9CE4C9C0D8CC976E314B9
:10E7800059B7ED8C173121B6745B80C19A4B66A2E4
:10E790000149A2C9C244F72E09EB365045FE87272E
:10E7A0003D9A2DE467767244FE7892710B61799EF2
:10E7B000E133F4C30F41E675885F7F0E4D7EDE6F57
:10E7C000AA40327AF39492608C12368EC6720C7123
:10E7D00006E402852AC908152FF8C1071EF4BE2BCE
:10E7E0002CBBFCD45296B80E1EF69AFCD4AF8D9971
:10E7F0003D3FFED1A1F636B087F3859B70E6F09CD5
:10E80000864BE1AAE5E432888709AE67AF1720CFCF
:10E81000EAADA916B76D0DC92F658A6593F47A170D
:10E8200063FEBFD7131BB8911BECF55341B1137CAA
:10E830008637348EAE11185886A77387827AF4DB38
:10E840004B44D7936F5F04A21ADA5AD62862EE8D32
:10E850000B3D64F9ABC0E430FE4F447B9397589D69
:10E86000FD6588C7C588FCEF1E9679BABA0C4A7C4C
:10E87000AD584657FBC3C3667B4BFD46C1F41C7DB8
:10E880007F23090BDA9CD5624AB9C43C355D5E939F
:10E89000B921180AE156021D10809620B91F75B4DF
:10E8A000C00A134DB8D15F04D864E49FD4C842EACB
:10E8B000B422EAD4AD31DFC4845FA67FDC4CEAA386
:10E8C0002173BD74E84CA3BE28A9A88ED560F64973
:10E8D00018DD1D23A21329A54BD67F06968EBE0BED
:10E8E0006609F37A6D6BE1E5FD64E003350F59A12C
:10E8F000D468268EDB549DDB014E126A34C4926FBD
:10E900005E273BADEEFFE59F48365471D047AD081A
:10E910009016AA61836E449507AD34F95AB85FFC2E
:10E92000AECBD4FA7E5A24D50F399DBA7FC6A36EDA
:10E930006B9B38CE62C5EA4162C7A81DBEBB648F1F
:10E940008E4BB4A8D2B8D785FAD96A3411F8FC50E6
:10E95000BF02E01688B4F398682F5314EA9EAF50B4
:10E96000D855DDA5F92D3C3D16CC1F330290E5DAD4
:10E97000E4B7F66825DC577B7394F60E1A41B2B8FB
:10E980005E0480987B3A56539F21E500CC3928A03D
:10E99000724569938FCB1995D83563A04DF1B34F6C
:10E9A00083E5031F94DA05663F153E679515DE0A79
:10E9B000520FAFCB21E0CB175462284FD76EE9340A
:10E9C000380A3F1F50B35F7050A66BAB563965884D
:10E9D000A0C167DD2A25104ADF66D4E6B6A272C65A
:10E9E000513EBD471078B7C271D6657FA19F884759
:10E9F000445CFBE318B75273B723A432344ADCA457
:10EA0000EFB6037FADD4788BB2FF5B4653F5E0D908
:10EA10004C7BE71CBCBF177EFB7B79ECE9108C6B51
:10EA2000798B6DBFCB746E7AE3E133BF3FBF8E1D30
:10EA3000FC69933A7589234019FD11C760E785C7C2
:10EA4000E4C3B4D0F5ADFF961AB62565681360A28D
:10EA5000A5B4306A381D671D9192C0BAF5BBF96440
:10EA6000B1324A13531A0AF9AA18CD8E432E18B69A
:10EA7000700C375B4E79483C540EB123B8460610F3
:10EA800097AED7BA412E162F75C034B42B4F6047BE
:10EA9000EA52750144C0367ECA5C3011F4A21E42AF
:10EAA000CF5E8CE66E8F529A1FA1CF9AE91822D7BB
:10EAB0002876CAA5D9F69B891FC296C77DC27DBBA1
:10EAC0003038AF74912DF790A73BC97C0955559507
:10EAD000A92A36891BC11EE15FFCC899DC004A06E1
:10EAE00092F8153F2FBDD1CE2FC82542FB455E7051
:10EAF0003DE2AED32B61D2891C0B7CCE6CE9742332
:10EB0000443CC92D56076AC61CEA0807E56F587DC4
:10EB1000FF76AFD5BFF1F9C611DC9FA94A5A6A0545
:10EB20006A9EA8DF5C60AE0671066912CF3C64CCB9
:10EB30004653A5D66421198643064F38D5042E0ABC
:10EB4000B5DE6055F13A008BB79A381ED2518D77F9
:10EB5000111A022DA77A6F566A5E37487287ABC1C9
:10EB6000C2D67645545091F2611AAB17722DFBB59F
:10EB7000ECE52B8EED6666E62E2FB80A80012E0A94
:10EB80006529963C21B420581B633EBDAC4208D495
:10EB9000029D68B16218110CF7B3742A969403D4DD
:10EBA0009ED25C4C109ACE357B2A8139ED41F673AA
:10EBB00052041ACCDA72F6E82EB4DC728177AE42D7
:10EBC000CB8FB39E5E51FD89240A727D92863A15E1
:10EBD000B14FE83E479DD7384D81BDD432FB24D498
:10EBE000F0488CFEACA265CDCDBCAEC1195389ED09
:10EBF000A3DB70BA485AE1327E0C4CBFB661A8E57F
:10EC0000C5CF4B98E79E4E62B18D91FB5A04BF2C45
:10EC100071937913B8FE7A3BE32973E7919AA59132
:10EC20003E268DBE612C6DE9D2E9303EC89959402F
:10EC3000A6E717E2AF402636FB3910CD1D599CFBE5
:10EC40003F2C7DDD1A3788D198C14E9511F5EDDE48
:10EC500085818502A0EE20E7D6B74E9F5B0AFE783D
:10EC6000FCE5F01A95502427DF6D88A7ADBC8F37DF
:10EC700037C0914CE1AF69304E05CF5806D45C09DE
:10EC80006C06D2FA12BEBAE38C30E1BF9A502A6306
:10EC900028EA9F6DAC6F0882DBD794184A20E5C440
:10ECA0000B75BF4AE02583CA970E04BC9B5EEFC577
:10ECB0006D51B3B8563229BE1494FEFE863CE9B7B6
:10ECC0005DF8630AFDB8A4C0B1EDA89B1D7D37991E
:10ECD00066EA2A7ECD69D899D93DDA46780F9E0535
:10ECE0004BD797AD891096C99A6E7B36A0937799CA
:10ECF000164454236EAE5DE5D2A15E9412B56ABC93
:10ED00004D2A076EE323713D35146630975325C1B4
:10ED10005BF7DC65825C4C38B54800270727C91FC4
:10ED200040B029DD2EAF2B9CE0901949A3F093DF72
:10ED3000E3E0AD7B39744951712B8440A217A70CD5
:10ED40003414C2610C07DBE7F281618110CD07A2A8
:10ED50007F1F7DC675C105FE2501B6391D22A26A39
:10ED6000FE3FC1608AA75185D992AB2C62F6CC7B5D
:10ED7000AE9391A12B2CC76E32EAB5299B97B3377E
:10ED80008B42928F82B888CB5DC1B219D951D4B46D
:10ED9000A8C273CA49B75156666366D4F3CDB09E14
:10EDA000528D44C32D03CC120E1B7FB11BD9ACFB7B
:10EDB000688111EC890E5C5815CEC2668F89F7DD2B
:10EDC0004FB2B151EEDEF5BE4F694B5B3BC828F246
:10EDD000E8244B50A12327908EBDBF5C05877B6242
:10EDE000F236DDB34F8AE811B2A9AE69969545981F
:10EDF0007F22BCF7F8BB89BEFFDB19EF8D50DD46E3
:10EE000089E995F8498BE5DFE44085BBABC48A6BA3
:10EE100078B7699C38C665CB11B826DD1B17A0747E
:10EE2000C6D443EC9CCB073EBDDBF5ED21F1466239
:10EE300088969213DA2FADF7367873B46E832890E4
:10EE4000ABBCE369BD40F770C2FE8D3BE4D5D42E68
:10EE5000964986751E815D167BE622C325D2400544
:10EE600072494632F260D60524F6CC1ECCC8F5B7FE
:10EE7000CF9AF8927851110227CDE5B1B92F5521DB
:10EE8000493508F205EE9A2DEFAF3399E7D356FCDA
:10EE9000088A9B03610D5E915AFC3D03E4DC36F663
:10EEA000594D39DC9A924EF937B362083AF4BBCA2D
:10EEB000FE642F35AA579CCFFEDE8ECE3A349D914C
:10EEC0000B2295FEB02083E3905FD2973879F1E76B
:10EED000E75625E8316282A1C0F090344291920455
:10EEE000BC444C8320D97E3F5CBF011D74ADB33A56
:10EEF0006F5117223BEC71A4FC72BFB1D9E6E9CB8C
:10EF00004C8577496AC71C70E8FFF6E91A595D4FCE
:10EF1000F42DCD7223DAB8153DB208021DA90615ED
:10EF20001DEFEC01212F9FE2BEE63318A2257FDE04
:10EF3000DCE41B88DC934EBC92C86B60E616CB4ABF
:10EF4000BF650D63E5C1922173B339F1F4D17B1F25
:10EF5000BE82CBC1F2D4759082860E738378C7D0FF
:10EF6000E985416F8C0004849DF77DAE6F6442A1FA
:10EF70005DC07090D3F936749635FEE15DA5E798D3
:10EF8000B92908325DAE02FC2BFE98794D4208FC8F
:10EF9000361D3991F2182BB714FA89E8A422E4320D
:10EFA0003FD7D6F87E14712DB848A0558EA1C1D692
:10EFB00026DFA9ED609678B001CD5C528992959AD2
:10EFC000FD574F3359D70D1769FA09B67D97FD6084
:10EFD0004940898B419ED67FC347D5CE726CFAB526
:10EFE0004B0E03A9B5E1CBF726EDCAB466845A7D72
:10EFF000D9C9F7244A1668DFB06506040A94FC31C3
:10F00000B443EDDF4C00445DE308746BBE4F8CE10C
:10F01000513C7D4E9DF282ED54BA825F0EE7713015
:10F020003CCF9B3AA08FD9036807E8E929EFCD9838
:10F0300097F7A59051049A9B83977D927A5F213927
:10F04000964D27B3FB58D0DF3DFB7425E1676F5920
:10F050004E0A0468927AA6ADDA40EB33A273B64248
:10F06000004EFFB30490775684F911B1C2CC929D43
:10F0700034E745F0BF3E7A78E964A5B1A1BE0051FE
:10F0800024D52F0EE23A2F653754DBA79F14F02DBD
:10F090009A42296686DCF46D72C585B0D0EF312ABC
:10F0A000261C41BCCB6D6B5F101E34A49A5EF6D15A
:10F0B000645D3D1152A6E768D0BDD5BFFEBD503F8F
:10F0C000C0704DB58C9E6B1705D25B303E3D19F478
:10F0D00000973E559DC47A739F696AF7A3E300CEFB
:10F0E000F6B8EC0F28C66B85A0D6E5FE5DA4F5B793
:10F0F0005029D07A2278D9D69E7D3B539FBDD249E4
:10F10000164838FBACD843FFDE3549A93342720CB0
:10F110000F51911E4E742D17D32B2A6D4853EE4F6D
:10F12000C6A881185997519AE9586225EE5161FC99
:10F130008AC67A6D466AC28048C3243125F9E6B88A
:10F14000FFE10261A10E4E95AF04C9C9EABBC87DBB
:10F150006365708F9469D84BB3E6317CE15699F4BE
:10F16000DE8041CFBB2A5945F1585D01E0ED4939B8
:10F17000B287F6001F3C0916D823B3B28A4AEB3691
:10F180007EF7F8F396566D48D0125CD9E5BCE618C8
:10F190004C1DBEF0C42C57BFF220FB5937F0313C58
:10F1A0005005B8445CD44370ACF4235D2B17A00A1F
:10F1B00096608070DFF94328F4A2FD14A081514BC2
:10F1C000DAA7B35FA5836F13CDCA75CA1989F7BBD8
:10F1D00003FED82A01B7B9461C41C92628C5706D5F
:10F1E000A181BF3E7D44D4D1FB9EE4C205833FB2E2
:10F1F0006BBDFE602EDB1129DC268326C3A1AB2A62
:10F20000D738B3EDE637B4AA2B732FDD992F6FF7FC
:10F21000AA0F0CAC779042B103467C8B573CF99611
:10F22000DBB86C8B4D34157FAD0D46BDDAC4EA58A2
:10F230001757A9328F03E926CEF727094053588084
:10F240001BA17E10CFFC9303BE6B2299201B6E0B7B
:10F25000C2D147EB9E976C1D97A92DA0055DD737AE
:10F2600061C5EAECFD9AB3BD39C3F6007315CF1141
:10F27000CA83DF8F6DE67AC20946CA266F1E0FA8C1
:10F28000CB6D197E1630B9BBA91B936D0D35622865
:10F2900087BF4D3EEFB5DC288AF266875EADFF8DF5
:10F2A000011DB6118B1DD25F450A23433376136DC2
:10F2B000DAEDC7D552AC7B5D70BFBD35C9B328351B
:10F2C000B321B92873A33B418262EDE07A5EDB5B38
:10F2D0003F3508E388E65B50E41D53F4B4863CB840
:10F2E00086652DA0A327C00CAD95781E4E913330B6
:10F2F000D93D1A669EBFEDF3E55C2663C99C578134
:10F3000018667398516F8574C69E9BBD1C34DFF8D8
:10F3100050AD755A6C19D8E24C65948416A604A6B3
:10F320006442910925DDB9AECC1D040081FC899DA4
:10F330001C4A4493B56BD745769DE07820A36AC9F3
:10F3400008825A8EE8914E9AF64E0A693F495592C4
:10F35000F1C72A23D204E683CC0DD977A2AFB176C8
:10F36000121DC7CF0C50307A94B806E0F4CEEB52A1
:10F3700044A68ECEAB68AF2406BDAA0E12BC12C343
:10F38000392AA69D2500564A4751DCB1246CE98AEA
:10F390006C5C393ECC8F91DAB8E009A21370CB5B7C
:10F3A000BE21BA2E1288744B0AFBFE6CACE8301DED
:10F3B000DA765EE1089BB852EE2C2519E9F3CF31DD
:10F3C000952362BC442AB98414B99A21D0582B30B1
:10F3D000C0BF6701AF4E881036909DFA9C0AB9FFF6
:10F3E000605B0E7017B0C1D60549E1186E2327D6B1
:10F3F000887990BB88F32B92C10D98A12891E5865E
:10F4000008FFA81642D77FC163D3CF4CF16ECF322D
:10F410007EF4134766D6BCC777DFD66A6C02954C7C
:10F42000E7F8DEC8A1B8FE0057361F18FBDA7B27C5
:10F430006186B02FC198A062FD2D96C86EBC106881
:10F44000C8DA834DB6DBF85689DEE68896FE258855
:10F45000770C54FFCDA286FF031E1B791C4630E5B6
:10F46000FC4261164A27FA02AB89D745009A4152FD
:10F47000FB508601E02790D0F7AD83743651A3CFBF
:10F4800097F9A46B4CC99D27CA75960C590F7EC07D
:10F49000606A91D3A83D388F18C8749E54C6D07244
:10F4A000F8F223982090DAB01C7697B6B7A492763B
:10F4B000F45A44BF415C975F5E9D2C7BA9CEB01689
:10F4C000707ACADCF65C8027AA5BA78255EA3E49BF
:10F4D000CFE27C2AE8F4F447F5B6D536389034EA22
:10F4E000ECC43FC085C192C9A58D93CE7DF509AA14
:10F4F000B0BF84B7ABEE7744A158D154BA3005A160
:10F50000683FF4456DCB62AD5D728FBD715C8668FE
:10F51000983F0890188A747AAD5D3174D06EDE0E13
:10F52000CA77D524474AACFE2F321766CF2F5C66C8
:10F53000C18949280BB64D7AB244C235D5273976F0
:10F54000E99BF703A9B2C46E8DE32779D9DA0FE7F7
:10F550006EC69244AE6D5BDB84F0B5463EBFED54A3
:10F560009DBE03F40F1AAD55CD90FBC22415668FD6
:10F570008F730FBB4D59667E563E5A0DC71BC66230
:10F58000C90CBCF3F56ECB68CECF59673BF1AE9793
:10F59000C83C1170F6E9DCA9E9ED21280744026DA9
:10F5A0000ECED978DFE82A1E7BF604D272CCC5993C
:10F5B00093C13B83C7E7928C3143370FA0106E771E
:10F5C000008D0BA9E98B6CF2F9B935CC116F9AD685
:10F5D0001F4A8A478370A6D92DD5A51D3EF5F3BCD9
:10F5E00026F6E8A2E987C8251CD537D6222F8E2714
:10F5F0003BC531424F6E9573D9C074057E0BD277EF
:10F60000A071771D6A1640C835799C5B867FB5234B
:10F61000AED1370D17A0BEEA9E649CA662C76318E0
:10F620007F5F4F1BA4D1120E42260CA158F196C445
:10F630007788BF77BD02F86A7B37CB81A52A48A0BF
:10F64000F2CC37C2C78DE82F79158F61B3F73450EC
:10F65000E0F821D7A2671DC49FB7DA0938006873A4
:10F66000AEC65004D0845D9D1E50CFC6D0089E1DEE
:10F67000F141FCBE59E2062E3AE8651348250E0713
:10F6800091725A4096ED58B5B8A29D7D5E1C27A98F
:10F690007055E0BAFD258914E75E17F1B1C97EAA5D
:10F6A000817265A30F9B251803BDEAE4CD3636A60B
:10F6B000B4F1A1531D211B138FB2E3469FF180E8E3
:10F6C0003E86A7AC81353EE85B2A5578B6201D857D
:10F6D0007DBCF7A10A69A5F25E4AAD3C884BEB649C
:10F6E000CF0CDFA7C1818773043E73B01EE944A12C
:10F6F00025093426ADDA6A2D1FA742FCC5FBC920B7
:10F700000B16097AA52EE9908129BA87F5A314B5BD
:10F710002D66CDB3CDCD7ED89B37F82F5C5A4F7D6B
:10F720008B7402AF26EB800F517C31ED02981C4B9D
:10F7300026205534D22995AB72D8294415FDEC4AC0
:10F7400004D69ADBF98C5FF0E0B981CB3AD9543515
:10F7500096F1CCA93C5704303E093AA5EF96917832
:10F76000D13FFD3BE5D4224FEEB416A22773BB2355
:10F770007C79EDC255D243763C0358721877E6B6D1
:10F78000202CB172AD1425C5E6F734BFFA6A89CED4
:10F79000ADE4352BADEB4780A6C3CB8A7AF5A4D375
:10F7A000DC32BB70B5421C4F3AC167564624226D0D
:10F7B00041AF6D4EF238C782058FB170FFAF933DF8
:10F7C000AFAD4ACF1499D4762ADF635055FC9ECF53
:10F7D0008905A86442BE0C9C4B2793F10A7811F767
:10F7E0002B0138A30057D522208D01F7B566852956
:10F7F000A960223BCB99599FF904EBF866FC5FE3C3
:10F800007E11DA5E54DB56A0FD0F70E7A730584535
:10F81000B5CB563F5521F10D71FF21BB9B4AC0412D
:10F82000CC098B59F63DDF9C532E33EC462E311E0E
:10F83000B0D1313E2895759FB804CF92F63AA3ED2A
:10F84000FAC9D2997B8EDAB29C10AF34799DA02D83
:10F850000A256BCE5CD9551E5C351634A8FC717137
:10F860004F6F00E7ACCA1F120C35F6F09E4E568162
:10F870008DF3DC8BB4DDF0ED58B59FC72701FF3960
:10F88000F5070270A52F441291A0EA9EA01ED34254
:10F890008FEEB79CA33208C39EB2E4C25D57C45832
:10F8A00039471ADB43C1A0A83F0BE0657EE0F28830
:10F8B000A37F345D3F8CD8D3EEB228EF540CE954CB
:10F8C0004C9A24DFD7D94CAC9CD1DDD41811B73C6D
:10F8D000F1FA40FB5C79C5BCF073C096B43E13E20C
:10F8E000E905D32DDA8AD06FD5D60BE31E650881E2
:10F8F000B4869521F92A656FE77ED3122E9A590DA9
:10F9000001B4C1A0A83691B3495950AD9CCD6B024A
:10F91000BDB3F093F9D022C93F65B102130DEC9449
:10F920004B944E90F8400505CC25B13D156F412311
:10F93000CBE10B7523FDE714E6D650B15D5BFCA669
:10F940008BF69E5C4FB5840E069F6693E5AD57BD62
:10F950006170EE8C40157E72649B0448808D1F554B
:10F960005C1594D34F0AF8D52D2EEDC3BC713AAB7C
:10F97000BA5E78F3E370B53A5DBA1436221B082CF0
:10F98000B197EE51F4F0A951586C9B95166AD49436
:10F99000336257A112EF7F41B128AAA6F49CBD2E75
:10F9A00049F47EEEC17B5A9EA8E335C48EC8A88375
:10F9B00049E56EF5A107C424A023A610D0DA27A933
:10F9C000EE6D4CA51427199E6073E3E8EB50C166F9
:10F9D000E8DFDFDB5C621339DFCA468FB90A7A5E83
:10F9E0002224DC47109EC816FD4DEEED7AC3D57675
:10F9F000D2842D74C2FD504B04309FB727A11E4DF9
:10FA000066186DDA370960A86FE2F5A671546818B8
:10FA1000AB69C4EBDD20FEFDA92D188DF53F0F2944
:10FA2000F57BD6F553B836BB0775D32348AB9D9805
:10FA300045C53534AD560F6A51453B9381FEFE26D0
:10FA4000AC5FF4D07F8B7D067D5D576E06F5C5BF3C
:10FA5000354D013E8E9E30E691861381A5BFA2F7FB
:10FA60000C94004ED0F3A2CB7EAF28A5D8E0791B32
:10FA7000DC9EE5550D5015E44DE593696EA01F8899
:10FA8000B4391881F29CAAC08D464F64146B2FE6DE
:10FA9000037C2BAF3CDCB15928DE83156F4F8C18EB
:10FAA00063FB5484AE0E9F083481506B68C6973355
:10FAB000FCE8559347CE74F207C45D45191901B5AA
:10FAC000915D629340FA50E13293984D7047E3BBE9
:10FAD00091F960D34DC0AA2D66BA9415F67D9A723D
:10FAE000DB93503602097667D50BACB29BA2BF0000
:10FAF000126B153BC35C76F605A389ACFAC0D86BD4
:10FB00004204B11F73B755C9FECBB7AA043B632AA1
:10FB10007992A815A508654202BB86F2B161550E1F
:10FB2000A87B3EBF8CCEA97CDC3AA64938C28101B5
:10FB3000C134D20A05BA4A2106309FC6925B05A499
:10FB400099C451EEB9DD35FD3D6ECED9C145931D49
:10FB5000E496EAC673632990D9AC1A560A9DDA86F0
:10FB60005253DBDD53AB7ED8F9756A1D58DEDAC21D
:10FB7000307B886FE45A61E7D3A67C4492C0544935
:10FB8000BB8FB73B90E0F53AAFD86257CDC845443C
:10FB9000FA9613C488F5FD45357C2A9625C2273789
:10FBA000EFC1F95C8B001B925D2BDC5A61ADCB97EA
:10FBB000BED1B42D2552A6B7381488026F7C236BB2
:10FBC000330EE6EEC8F5A856F8589EB0E9EA8974F7
:10FBD0009C9EA681387959C3C6B4EB2DB02AC229A0
:10FBE00096F62AB855FAD60717E7CC19710DBE4E0E
:10FBF000BA498C52C11E725A68CE367461CAB28933
:10FC00009BF4C522C5D36537EE3F8042B8F323236A
:10FC1000362009BA7FA712132871348C07AA36B789
:10FC2000F24026E6F8E3B118DA8B99FB0E7F1B95BC
:10FC3000D4D86029ACF113FAA685E17E7B218B80B4
:10FC4000BA127AB55999B7C777B86129E2F855D190
:10FC50005B13C5A91D92F75A21118725311A287106
:10FC6000D194B7A0B2A2D42E58AB47B5797191C345
:10FC7000F6965AF8F87A628DE230D66960A063B9D8
:10FC800093D890DEA5DD5B1AF0E6DEF72D6D222C11
:10FC9000BAA6EAB026AEAE2791BAEC9D574A9D337C
:10FCA00039EBCFDC2C8F4422B368A4F6F96F97B6FA
:10FCB000ACC8E906F598E631F34321AE11BD6B23DC
:10FCC000C67E25075B4DCA73A9FFD42E0EF66C7C49
:10FCD000D5639A530F203D5ABC557D58242222A348
:10FCE00040F29A85F091E6C3BEC81E52269CAA0730
:10FCF000B2BFF9EC5BB26BB5D739C9E74C40559848
:10FD0000078CD2969ADCC69257427A1C6AB732F3B5
:10FD10000867C264A78AA3EE68166BD081222312FB
:10FD20004B4E4CB1CF729607D6AAF5DBF7AFFA551A
:10FD300062DD82F469520E8329F57B3D962B9EA9E4
:10FD4000DFAC2B83CC042BF851E3630D89F2A24086
:10FD5000E3CFDCED445314D26EB6C18A56B5C1B4BC
:10FD600040B3CFABBB04CA39D9ABB0A636E9898260
:10FD7000D63621F81E8870698298FF40590F656554
:10FD8000B151B04D4C11B421CDF2C47135A35F39DE
:10FD90006B5CCC46774CADBB934C2F591F3ECF7953
:10FDA000F369C2A69F62CBA2C84CFD705CBECAC3F9
:10FDB000466DCD4A60219B03BB4DF04F21FF25B21C
:10FDC000377DEDA32721F3FD81BD8E596CB96DC63A
:10FDD000A55BC888C02AC83B48332235E61EFD60B3
:10FDE00076B7027AD619457C0D73D3311FE7F71524
:10FDF000FB6C74BF30CA80CD8BBCB8EFFDA1AD9653
:10FE0000E36C99035BB7832A3A5670498EE7C8BB07
:10FE1000A8B9534FFBE30FDD8E78CEDD6B70788A87
:10FE20000519D1FF80AA2B6CEA253FEC96668A87DC
:10FE300043F6195B8AA28169F17F8CB5C546C42659
:10FE40001B8CAFD127934208D9FA9D85045E0D889B
:10FE5000DE6DB11B025F5E19DA48C710571692D1EA
:10FE60002F4B42DC3FCB2E28915FA59D41E141AB5A
:10FE7000A46DB57B9C3735DA1BAF7BEF3AE53A29A9
:10FE800091F8964A8FAABA993F6D708BCFF941B914
:10FE9000D907EB38DFDD43590836C123570402E1A7
:10FEA000DB812C5AC3898B9FD6AA9635A1978C42A9
:10FEB0000544A552FE4C4F01FA33EC2A75FA47F778
:10FEC0009301D1D534E1470BE02DED26569669CB51
:10FED0005ABCFFA6704BF8780D022DCEB5130C3A24
:10FEE000B6247CC165CCEF6BBF7B1DC60695FB5964
:10FEF00030C9CF592E8FCF8ED2A259BB3B94A83791
:10FF00003E29FBA8CBF8E4C7917D295A23FA0218B1
:10FF1000126961D9A1F581993545068BBA158227F9
:10FF20001201D6D3619BF803C02C7C65D1FE6B0314
:10FF3000B814299C0B4A5EE64D167D9B3FED91A2BD
:10FF400036340576ACFDC089658797BD4FDA7252AD
:10FF5000B89FD21B05EA70C4A62B4B19D74ECF69A8
:10FF60002ADDAEA9B7272FF488801177C003574C3C
:10FF700091DF9035FBC412826DE0496E45E18470DB
:10FF8000FCD52244868FDBFDB628C6BC13C259E9D6
:10FF900080F5A89E52F874741B4304AA354D1209CB
:10FFA000953B4520EDB5C3012D5996EEDC2F03D5C9
:10FFB00024CDD1DB3E8185001554525AD79A7877EB
:10FFC000956F1CBA25DCFB691181A6CFA1D6C7A30A
:10FFD000299FAC23E943E08B61F698E3BA19CF5D22
:10FFE000BF3A225D7DA5F685A3F4571D2336A5757E
:10FFF0009ED4ACB4DCA5C09169C66A99DB9BB23AC9
:02000004003FBB
:10000000EEED53A4AE721FA1F660A53AFAD2AA3261
:1000100057A2DDCE883A61D9E670BB59761E4E7480
:10002000DFEC34296A5D18DDE3D092EB41B91A3177
:100030000E766D32EAEB3103E898778865ED9538F6
:100040001AAD757C1882BCC594CC84DDBF5B284892
:10005000CB13FD71F396FCCE4E6160FFED9A9BDAF7
:10006000BC4A574C2E7C04C1A58F5F01BF958E877B
:100070002F9BCF26624F155839CA21170954B692C3
:100080004BEFD34C8BC4F7B4157E5FD6BB42D05C2C
:10009000D634CB2CB142F9AA65D2CAFAE1181E5760
:1000A000C1A162A0E21A030B1AA1F140F5382B2876
:1000B0004943BA3136DB673D2EA9B8E999EE35C31D
:1000C000720E2F6C1F217CF798A6B28767C6EFB41B
:1000D000374F599558D86B83E8B29FE7A4226B211C
:1000E000D11439C4B0B8FB59E95B589431219C282C
:1000F000B3508F30B64F5B4E5D2B9A1CE9ADC1B04B
:10010000586709A296E6E9D319C1336429B0A39DC3
:10011000EE2F0738C60F3D26BB5CD95E6F1181D12B
:10012000E5B3C48F46A0D63E96F0EBFB1D67A895BD
:1001300082480382CD30F8A4C487B81DE02D913FDA
:10014000574C319A20644E31B7C6F49F646C2936FF
:10015000192637300A7DB0F2174CDA6B1C798C16F1
:100160001DBA9DCE4A80EFEE0B46134F3E96ED5BD7
:100170001A58D78A0D92C4083E5441CD17897B097D
:100180007C6A9E48B05D3BBA803CA50E03864C1C41
:10019000080BAF331D9C7F2716E5648301257A1772
:1001A00005A8BFB780A57452C0111162A85878077E
:1001B000A487398A54F974254AD9FF7E62C4BB9D4D
:1001C0009B2351D8D983446A319254E1FDD09AC41B
:1001D0005A0F64784E335C0290519F4A74668804CB
:1001E000D55996C3D566F025EAA7789AC81331C5C4
:1001F0009B4BD1CDEFC310A57A82B335E49EA56E9B
:10020000FE6BAF20D57AE03AD5BBCC67C03A0A6A1C
:10021000862DA79C19FE6B6DE98B82CA0687897FA4
:10022000E0F024AA03ADCF480533F1C90E3AD44714
:10023000973AE395C5F301AA1B12A8E86C6AEC7F14
:10024000FA39A88E82B482459466BD310C7FD755A9
:10025000874C2B3D2A87AA996F9A6B4B60341D926D
:10026000156C0F059B954BBC61911B635D97D50782
:10027000D4B0E0F95026E829FB665E53C78444EB0E
:10028000B3144197C146A08E89285468E1BE82A567
:10029000F65D006E1473E67CD18B715292B035120C
:1002A0000A4205E6EE102607B725ACA852DE91708B
:1002B0007F0A20060BD3F5F48A3858BA839694E760
:1002C000F095E15F59E9CBC477E27ED8317F198799
:1002D000E12B7D66FF30DD1332050A272E4A7ED9D9
:1002E000712DE4A31DB8C419F70F7E510778E3E31D
:1002F0003E13D23DC323518CCE9E5EE8BB72427644
:1003000019591F51ADAF06984C982E4DE30A9483AE
:10031000A3B8EBCBD286F007CF1822694CC342C2F8
:100320004BABF4B87AC6417B28F9A31E3E8CB26071
:10033000CD13D0DD46B5E4C3CA871A2D8C22146CC8
:100340003E49E1D34C40D87EE33DBEEB760B010F36
:10035000273BA3BFF2A714C042646659FECF90C4E6
:10036000E94F6F51306A570F42B295B98184C10C81
:100370009861C9F22160FA2A02ED423AD1D28ADFAD
:100380008D57EF187781FEB09A4E97D5C87B8CA514
:10039000E8DE480C46B94CC938B54EC6C81AB1F2A9
:1003A0000D2CD822582B1FC872B7352A4C8C97A415
:1003B00027C959D41F5C130CD6A1451996BD2367D4
:1003C00019ABE98C611927FF16001ADEAEF6C2AD33
:1003D0004BB262D98D8C5C1B6049A5B9B83C99F1D0
:1003E00031EBCB88F1876F3BC01A4C14799585B8F7
:1003F000684A6FD8485C4441BFD813D4120F1CFC24
:100400008F30F497CAA931DC93003C9128E5084964
:10041000E29B6842A4D01EDFC8058366A3F5DD32E7
:10042000AC6987EB0F237E3A61BF917935592E185D
:10043000C1C99CE95A591FFC175ECF6A80C6F23CBD
:10044000AFE1FF1AE40D44C8E15E637A265F910BC9
:1004500052F6B72D44ABABC57425FEFC817F99786D
:100460007AAD0637F0246A6C296802C1882925BB59
:10047000C03793FC3C546CF816399DB181E32DFFD5
:10048000227B23057BE0EFB796E695C3396ADE3F12
:10049000F10018EA0592D4E3AA5E6394AC480E25F5
:1004A0008DC75456B47ADA7A2AE850D857A53A0458
:1004B00022290A8367AFFE9FD3D60030E49B927E49
:1004C0005C441A3FDE37B03C3991CB25B1761DDC58
:1004D000FE0B482F0417DFF4B552CBAC7830DAA509
:1004E00054D113621C8C6AB332F3E5DFEF248F061C
:1004F0003BB3C5CD69600C681F0C896819119FF664
:10050000AFC4C1583A8302968989C2DA3F8531FF68
:1005100092F6DA6671DD5B7976A0D35944CEE8961F
:10052000D563392BB9C897F8DFFB724E9ED0DDDD5D
:10053000875A10637F275195DF28D29248ADEAABE6
:100540006C7554573B6C361DCA3BC74871757407B0
:1005500081C8E609EC61E55932AB3C9D3728301F74
:10056000AD74BD27AE9F80D2A5A6CB4F2A9CDBC021
:10057000997284A372C74FF5FAA50B34CE2143EECE
:10058000155B16F74120A5857ADD4316BB963DDF46
:1005900048C22516FD745B0ECEF8A5646E3EC43FBE
:1005A0001C2FC1509F9235262138F1D999AB7C2B55
:1005B00007DB8E3EC8C4971BEC109901F4E2A0D76C
:1005C0006BB9C1E5F31A1D6F23184430F553F017CA
:1005D00039B61A28A53AC079BF24627633F456B1E9
:1005E000735E5DDF4E95080FCA30A725FC8908228F
:1005F000E027CFA5BA3FED6E7846EC673069A6D10B
:10060000A557921B740104A2CCBB7B1599FF5E5BBE
:1006100015032D41D3EB6E393B5BDC35473E583635
:100620003E59EF1170072DEED25D31380F890B1B4B
:1006300073AA9C82E92AE505300ED88F27E3CF57AD
:100640004E611F552A91C97161B16DF792402F2CEF
:10065000093F2D820E77D79FCFAF21494FA8DF9951
:100660008E3FA1E6324D8CA4E0C5E5C8A9873FE3E3
:10067000B1033A08EC87E7342191022FCD1D9B721C
:100680006DDF7DFEDA0147DF94F269D6854FD75AD8
:10069000691B1AABCB7CE3F838AB13A9BCEB8AA877
:1006A00000DB93C3CE4BC523D2141B23CB8488938A
:1006B0002357B23566055D77569BAA7B1D241C86A1
:1006C0009EB3A5FFBCD292FD1DEDC9A20142B80C9C
:1006D000D7530D85EE31C26090FEC53EFED26BBF92
:1006E0003D890E9804C880B72EB0B3EB940B0A6A0C
:1006F000A624017C872E809897804AC751C2F99121
:100700000A5537FB69E3DDC2265813748BE7716B1A
:1007100069461F0D997AA66EBB64880DC91DEEB39C
:100720006C8FFC0FD3000FE8202B29DC7DC92DB680
:100730001DABA0B3676D7545D26CD5C8CC43B46210
:100740005CECF52D3C061242DB64076F4BA348407E
:10075000DEA1432C69379CD8C2CC5FB6A8DC26D872
:100760009BD9CC09E134B818C05DA6C86E690157A1
:1007700096D70D0BFC62CB97107624D1C3B592D5DA
:1007800079A40266F629856DBFD5436D3AA74E025E
:100790000534DF44969D996DCC07828E761A0A84C3
:1007A00099CAEDD0E1BEF926FC2055A2C158D7D692
:1007B000475B8EE57C90806DCA34B251832ECCE7C6
:1007C000224FE0FE85239D4DDD57BBA77ADC08F75D
:1007D0005A59A079A48A437575D31ED03172D2EBD1
:1007E0009701F754E917AFEEC86A091A06A09F3DB2
:1007F000AB82204E547DF3FF8FD415C6DD747C414F
:10080000AA1E19C032DBB55BCA5098FCD01E37DC7B
:1008100008F8B34C0C49D0B97193259F1B95C008BB
:1008200028EAF871CCD4E93C4C62BC3BCFD0F1450E
:1008300073C15246636587D2E3C8A51C1E63FC34AE
:100840005EE7573716AC9C9B3739DA8C6FE0C92AC4
:1008500063E819969EB476C19229737559F1493EA1
:100860007D04986AC08467191667C0522EB2B426F8
:100870003D02A6C0CAD7A498D1E7419CC93A3D32EF
:1008800097A150E8E85F30F2EE682C14B246980861
:10089000CCB0A93E0EB1E82D67ED79EAC58ADF5DDF
:1008A0003C8F99AB00A69F5136BDA112EC8ADEA306
:1008B0007C8D76E4ECABC386EF2A966246985400B2
:1008C00054C0805B55E8424A890FB7CB7BE98988E1
:1008D000CE897CE95B04E7A476069EDB1C7D8991CA
:1008E000984BC8C2D7D9F9011890043F0200A73429
:1008F0007030FF2E2E5EB88396822FD8426830C0AB
:100900008C45FC5004550564C6996521CB92DA5597
:10091000B48FF8EE837F2AC5B341929F81E919987D
:10092000691C3F2D2C284EF09216B28C077E31EEBA
:1009300074524A3C9B967BEFA92161D148C8CFA84D
:1009400033663E9C94A8CC94B82DD59A6EC8F08D91
:100950007252F1995CA0261FBB0AE7FC11A4E0606B
:10096000D30EB7DF3869F6DF009A0C755B27711973
:100970009424877E20137294D4AB1DC51A533DB7BF
:100980007194FB5A40555BBA01FCEB4851966C9B45
:100990006CC3E7F8A0D59639AD24221DA6FC987A41
:1009A000592F3DCB54BDC31B000054122F5B0B4B82
:1009B0004493DB60CD34DC570978D80AE887B690D9
:1009C00023F9D74F734105A5B8200BCF2E2D24B6A0
:1009D0008A4F518619D2D6690D853DF0E59F01B841
:1009E00006F1C7F0A676D870E7A5B1A44044239CD1
:1009F000177813C9279C1DC85DA8A132B28089CD84
:100A000031D2BC87B7C1BDEF694F568D22A76E9A10
:100A10005DE487CCF3E05DF5093069BD9D48DFFA00
:100A20009011F1633FA5E92759030974C7544B4955
:100A3000E4ED79AE2CB91F17DD8EE7192C1C4E3171
:100A4000A0C2A27DC9C57D74BF98D0B6DF727A946A
:100A5000355DA0999FC5D13E9740507F43A26D055B
:100A60005CD843475538C1413D56595549698E3088
:100A70001567DD3A5E47BD870568FB6F270D1A0BCA
:100A80005E1CF3C6228BDDE6D833DD23F72772AB7D
:100A90000D69E1EDF32D360DCE1D78A3E43339ED6C
:100AA000D8DAF7E773B569CCAA229A287E29F771BC
:100AB0008BC638DAA524422601F4C7BCBF8BBA8E98
:100AC000DB56A7ED745230A36D552B5452F209A991
:100AD0000E5A794CE6DEF3A1EC498BA70D6760B6A0
:100AE000109EB462D823557615923B627243B19A38
:100AF00081E69FA29147DB5363AD9D11DBC18BEE75
:100B0000ED0474A99EB26E867820A5783884F9C465
:100B10002FDF2656BCE3267D67E9A8803A60A02532
:100B20003C164350D0D0C45C8C08194C2B544797CA
:100B30006013DF9E9FA8EDBDBEA73DEE64E0F766A3
:100B40002E207E15E0B8EB93F5BB81476326CC32AF
:100B50006636303667AC31AF0B3C4CB625D275ECFF
:100B6000887802802356043ED1480306722158F447
:100B700094B24B400D21741AED31BEA1F3761E5094
:100B800066D60969E8F5093445A6B244062EB5C310
:100B90008B0C190B9AAC4E2BA33F2F671BDEF3690E
:100BA000F0AB1DC418281E194F7EF07DEBE72136EF
:100BB0004B80BBB3DFE9015A5E9C734B9CE68B8094
:100BC000D741CAB2CB440258A3858D6946EE1E9622
:100BD00014BE811940A466FFE66798EC865C002B82
:100BE0004AF4A253C12F8533AF2271FB3B32D4723A
:100BF0008F692AFA1E4350AAF67F4F948555CCD9A7
:100C000000AA2C842FA267EB155E7535B5CBE842A0
:100C10006688A19B3475305717CA8628AE829FA676
:100C20003FC3679069E13C1880F388684C0A3EEF47
:100C3000891EA3C9D5EE0EB3FFC491BBC79F4A3925
:100C4000B2B8AAA070D41CFF21FD9AA41B37A1A999
:100C5000D72A30D8258233A27540AADC37658ADCD2
:100C600044C613A95834947416E840C8BA477E05A0
:100C70008EA9ABB34CBA7C2562768587193645D1EF
:100C80008FB95E76EF343F49A4E2E9129BB9D925CA
:100C900084445FE2A67E5EAA153A3CEDB9906023DB
:100CA000BD10E58759C202F1B5344750B3DAF359A4
:100CB00087FC3B12A3DD85AAFB271EF1BFD381F67B
:100CC0008EA595C438B3D4628CAA07037A52734AAE
:100CD000914F2218838B46FD1E1AB97A70160112A5
:100CE0005F2ECDB9D553DD0273245A9A7E6998934D
:100CF00035AA5686DB2DBF258BB4BFBD4EDED77619
:100D0000FDCDEACAFF68AD7C877AEDBBA1137E0BEF
:100D10006833DD90325349F58481A63EF3477E4F18
:100D200065BF57C7A83926D32BF30940991184BE54
:100D3000E53D963851D89EA7B3D2D6CB41A3B19EFC
:100D4000C2518E9B29D178D91E09686EAF8F786FFA
:100D5000D9BDE964949B31B7E73195BF33DD2D648C
:100D6000155C7D74622EA684D6B59804C0AB60DC99
:100D70005B4E5D8FDFB0811F1E72AED3B4C5CE0057
:100D8000F041AC50EA5EF823BA5BB0ECE8168DCFC8
:100D90008DF8DF0983D786991CAA60714080E10233
:100DA00015C191F7B2F333BA3F1BEDCBD750832473
:100DB000A1C4A6EE975EB2C02EBEA02BD29F0F5646
:100DC0008BC7BFD35D8562A8571AE7A79485919614
:100DD000B8EB31D4BDE4B6987B7792B8195E26940F
:100DE000B0BE596B228C0E5F827D56E5539AC7F6D2
:100DF00096000B0B9D3DB2F6925C85A7D9E69DC986
:100E000070E1ED8921A6778E6634738158916B9ECF
:100E100033AEA208C521E178F91E15A98F6AE5B69F
:100E200065C4FF1E6CBD1E38F3B53EA98418B477A7
:100E300053A26D6FEC716C25ACA8BA7B6304F1C44E
:100E4000CF5217BC7B8CDE1C9FFC10E1A96B83D7B3
:100E500094BC63288934F0FB10A0C6CBC503555E53
:100E6000387F174542B1C8A01424A30E73E400A72D
:100E7000151385F788C7BED646444DAA92F55FCDB7
:100E80002D56BAA84D64610B9360941C8CBD0D3C2B
:100E9000885B5C6FDC39984453847D1A56E855CDE5
:100EA000B5F16FFDBAE706EC590066EA9572B53800
:100EB0009E797F294A3D0F027D278821953397D35C
:100EC0009AE1BC5931344811AACFECCE643ED9C660
:100ED0007D98CABD7EBF471ECBFC2E2041758FF981
:100EE000E87B461137036C2905EDB65BA83BA146AC
:100EF000F8419D72B7EBA2ABEED03AFD12633F33DF
:100F0000A134B9DFB67F1C4D37108820751AEE2347
:100F1000DBFE35DA3F897B3B4E5EEC667D67E3C3E3
:100F200013B97F569683893F8FF749EF485CA3F04A
:100F300000CFA6843431EE9DE8B5CB9D1BCC47CACB
:100F400092E816FF0D0A6E0EBCAF932F573DF1F0DD
:100F50003F343B4AE3113F0172B46F133DDB122C67
:100F600055D50A6495F87DA9580DAC684F030BC898
:100F7000FA0F9A6BBC637D5A2E975DD791873783A2
:100F8000662C573F9A8DBFDCFA9A512ECCBDB01813
:100F9000D6B872AE5B7F3AF19C06FAD17265E10A6F
:100FA000F68ADC57F92A054FC3A276A97D4E3FC3C6
:100FB00027AB91929373DF7C0DB76D7C4333B014F4
:100FC00019BD706368208E54D1F44EDFA19698103D
:100FD000B61FEFA53D74BB43FAB03D0CEB0F5B7938
:100FE000D367BA880DCD99ADD6DB1F3F89F1F4B236
:100FF000D5C2CEF7703801E19DEB13A433ACEC45BC
:101000002E456B098AE543E9D31C3DE42E5D69D585
:10101000CCBEFF973B6474FF8997340A0D584EC6C7
:1010200081E9F5CF7136210817E31C8677026EB38C
:10103000437E775755A1C05D5B206CFE161FAD8ABD
:10104000A219564C77B008D13ABEFF7020B2CE0E2E
:101050009892244F09DA8C69388F1866F3B241B33D
:101060006E1BD196A6813A6812691635BE30A0F67D
:10107000C7FA3357EC2DE00B9CA35BC0DA751E93C7
:101080002359AF6CD27450EF357056D4A5F7974BF7
:1010900035E08FD96734D53AE2F46C328A70602B30
:1010A00090B2436235840DB9981C6B278986A2AB38
:1010B000DCF56F7349B1EB36089079C702B3883A13
:1010C0008C87227E68BB8BDD2871C5D9E1946D24A5
:1010D0004C41648BABA1B406234CC07FBB5DE323C2
:1010E0001043615CFADCDF669890A3DAF4DBADA70D
:1010F000BC8484F3A4404D6E37EF763F90EA5AB635
:10110000D7F0A64A6830542390EC23E51E63D14EF5
:10111000888C7B61617E5BA949EADAE36E914AAA19
:10112000958388CA6ADBB901B9DDCC5FFFA4195E7B
:10113000EB4E3D6243D3D26C378BEBD91216690F5D
:1011400002AF78B54508E463A2A3CE82515784224A
:10115000CBFCFD830D2F06B2024DF5E9E24B643A5C
:10116000E52AF734899DC1F4757AFFD44F5EDCBA65
:10117000BE51E103F432C875A2567D33BD4A6D916C
:10118000449AFE28C77DF4914C353DE85F82994131
:101190004EFE98217F324C17408C883A1F440591AF
:1011A00071A5037BC0DCAC7A82E43277A9C30B1152
:1011B00046D3A946215479CEF6795E7D4A01634A29
:1011C000079ABB0FD67CA9F9579B81CDD9B983A2C9
:1011D000F1291811107EF8BCD342C285D15FFD30D1
:1011E000A31687833988788E437E2AEABB09F128C3
:1011F000F144DD1B6FA12AE05C0590DBE446529DC3
:10120000823172E347C196C2513D4D6E863F25192A
:10121000F34BE79E400FAB4D4FC0828544EDB8B312
:1012200072FF333233D9948B1AD131EA8E5EE3C028
:1012300061DA00D113B35390FD21CDB39D26426AEC
:1012400071168EA9CA59F4331ACB44DD130FDAC6CE
:1012500003EE8D05FF28DE21CC105D6D53F2226870
:101260004DD0AA673FC5A0BCF168FF9BCC4F06D20A
:101270006B5CBA84B754D418F56717836D84527CBD
:10128000834360033FCB0A896607188953B79828C0
:1012900070D977C23E64B76BC57CD344A7CD7C5E62
:1012A000732B742A482878B4ECFCFB3B808CD45513
:1012B000D2FAF05336333FC1D432B60C91F6244EF5
:1012C000321B7DF7983A6EF26CDF46949EFFFF3238
:1012D0008FF7DF8CE718C6AAFBB27AFF1B1CC0FC95
:1012E0001274B960DBA126495B2A73B39429B4F464
:1012F0000472A494B3B9F57F81C420C921008CA2E3
:1013000047AFAD2CEFA646994237EA2FDF483FF5AD
:10131000893ABCEE9991653E53488A804F62EC66EB
:101320009E7A635A7BE954FBE7A8E1F4A63CEC3DC6
:10133000D759D67D9A4F6BED1F1771E739A52A391A
:101340001A427E7C814A2B9E2572D121D70E04023F
:101350004F25FEB7DE84E18DC406DCFA0786A2FEC7
:101360003D3C261BA899C24C143F6DD8F7B4B23F40
:10137000EFC015F272EC214C45947EB1BA3CF58574
:1013800005D2A51015529CCCD24BEEB8E36BE8E326
:101390006A803ABAA76228E9D4722A40D98A5305EA
:1013A0006CECE42419BA0A13116392073A7FE62819
:1013B0009971F448729581304F3597C83FAE8A884D
:1013C0005628798AB3FDCF72A50E15201461794194
:1013D000E1117F43402EAE2D40ED0CA7C15422C039
:1013E0004FC4540E0E50792EB6B2113A5F9DDE06F0
:1013F0005BE8FF8FBF84109F28A0DFEE227C628F06
:1014000083AA672346179AAE404DE8AD7F7575A94C
:10141000D3FB7A0850AFF6C14F04038BFAB11B1708
:10142000AE303EF5E8BB6B100B5356D31D24D2C330
:101430006EC561CAF3401D59A96B0C2BCD63D5470E
:1014400090A00EC84D9D1E2FA814D12D0EEEDD25A7
:10145000E8A7B1880F3571935A9712C2C362472E1D
:101460007B075B6C6ED43F7DF53A3313BF80FF3151
:10147000C8F53E05284345F27FD536B1F36AB889F1
:1014800014F9278D7FF4BE83823A82B37C8217DA07
:1014900034B18A575B51CFE2F0ACCB65442616E8F5
:1014A000D456CB3508B654F0E9199727CA70D54DF4
:1014B000BE02D851CBB4A4CFEDF61BE385EF382A9A
:1014C0001472444EE2A8F404397653612DEC0DC435
:1014D000C665DB014ED31D3E2BFB2BF41F71E131A2
:1014E000AF7EAF70DD2FAF02269AC983F6418A6CBA
:1014F000908B95C5A161AE371FAD0262F290ACB67C
:10150000E63B49B1CB1A61A97816D5DE120F2774D4
:1015100073F0B41F654D86F1639C5B7527242DE540
:101520005338298913531D103C6DDEE5DCFE4ED97E
:101530003F51CF9E6F807EF088F888E555915759CE
:101540003BC4EC3A496306ABF8ADF2BDD0D841B02C
:10155000BC9831DBCAE1173DE972180163D8D8D3D2
:101560009DC64EF1FD5EFE15869C419EE0F7ABD216
:1015700064783A4BB9E18A22AD3F32879014499D95
:10158000DC4A3378771979452C84C616C7115ED8A2
:101590002CCA20F06E7A5BB08C6EFC5E140A670D6C
:1015A000C63290BD11001EAB416FFB2DCB286535B7
:1015B0003F82DF9E88A3A3FC61149AEF10BA8603D2
:1015C000FCA561586D24A264FA9AD91C3863702175
:1015D0008C00B8EAAD86BB382204DAFB6AA1AABF48
:1015E000981D45CE276AF899BA96F0EA63FA6541E4
:1015F0009810C6F492459683B309853916EB61D0ED
:10160000A2B9E4F7D34DAF09612C56F0AE4F28C410
:10161000E7509C8D081B6CB43A0EA61DACB1E82BAC
:101620004C93B43652AFB01A942C2B3164C6814C13
:1016300084A0EC68C833D9F7A209CF2C434C2AE820
:10164000F1EA6C458751A861BAD5E5824F558AFE0B
:10165000ED76570AB63EF5A9F90FE05D447DA23C50
:10166000028E27B8AA0258A7F445A00CB5BDD99997
:10167000A474A31F38BC54D8D0E101B03073F7264E
:10168000BD0C0DC62EEE88227DEA047A11635867E0
:101690006AE69748FF81140105928097AB04457C68
:1016A000B2566580B2ABE99816AB4B97845982432A
:1016B000463AA2995442972E7D6555BA78BB0932B5
:1016C0003539B212E6AE916919EE1768D4B3ACEDB4
:1016D000481943BAA2FF5DE1F6D7A74DA8EB09125E
:1016E000C47C95FA9027B53F18A50C0197824863F2
:1016F0002B539DCFB63D0BCFBC88B22F2E58C34580
:10170000364FAE294C247D49CC358412D82AE35D6E
:10171000FD4129A21ACC70E9061C5F7F880638DAE1
:101720004DD890E5166651432251AC884161AB9A81
:101730001E78EF2AF2B918246E5E5DED1394A1DFD6
:101740009DADBAACD40BE1B21C4196BE156872EAED
:1017500092CB05481694570E329D53841AE1495690
:10176000D5D052A637CC83ACD1B324648DF7B4AEB8
:10177000AFD616C9524A2420B179B06D51B353C0C7
:10178000CF28EBF01969A2E74DCBF0F3A112347525
:1017900029565D9DF3F2B8C46564F1EF346819E031
:1017A0003F006A983E3102F8974F76546F941E348A
:1017B00073887F7AD4AF33DD601F575DAC37933BBE
:1017C000F891AEE9CBBC6DCF0D2F9043DC80B4EB2C
:1017D000A829D653C034EFC7DB92B584231DD1842A
:1017E000894FD7838017B88FC4DB5A75B1C28BCCB1
:1017F000B204E6561910771665E6D5922BBB16197A
:1018000027DA2792CA323D04A6D4369F6AB73B1422
:10181000573EA93E54F00C3EFB9587725D0C92E357
:101820002B2CFE0F83F023B4F03E6195F7113C752D
:10183000B68E24E1F1A183642860E649894B162025
:10184000439B7399660F54A9672BE2461905E96B10
:10185000EBE40E1F73D6CB2A03F28E497692DB6C33
:10186000598389D1D822ACD91E1BF6AD26002BDABC
:1018700015DF7A0F04A4362BD0031702D06BFB625E
:10188000E09A09E3E22706F48E085289FEBCD5856A
:1018900078D03B7A23ABB78EDA9553F916ACA7F321
:1018A000EBA1B4632B81C52041F32C4A7C33E4784F
:1018B00097D5518168D2FDEAFF83DB7CC11A25717F
:1018C00026DB151BB566A3A51066D16692D3CD4065
:1018D000D04F9A89BE16B666BA8FCC7755439846D4
:1018E000F0F1F5FD492C2EF688AA2D87A47159EE4A
:1018F000E1B6794AC34F17E5A8D3FF566065FCF1FE
:10190000EBF11E1C5EDCE8F49B7355D72825F2D65C
:10191000B624EB7E59A9AB9D91E55E3F345ED7D9E5
:10192000EF678857BB10AC716B714D8AE79ABCDDCD
:10193000F8FABCA46CBC3166F9D282E1FF4F666D47
:10194000271E4C989BF8832A31FE292BCC955F11DA
:10195000CC28B2120AE8116365DEF19209E6EB5079
:1019600002D0234E43C02B76E1A34551856B04186A
:101970002A2A7B74D3B840E38E0DB25D0B6A0BD973
:1019800017352814DA4A61520F4A96A8655F733DED
:10199000C576E9C7B2A5C2873634A279A570BF5112
:1019A000EC9A5B2DEEB8AFDAD6575FEAB4B5DEF944
:1019B000D6F3B58F67FC1F0C55EF5A0B57F8A16390
:1019C00048EA8FE22DA208A2D46176D2AB98A5A4F2
:1019D0007C97923EB71A91761C7FC1C6B4B5442C51
:1019E0008CE8299498A9815125E8DBE0CBBADDF792
:1019F000A91F57DDB7486EFE494D5F33A4A6BB391A
:101A00005AD11676DE149FD443B518C53436CF327A
:101A10003067EC39A6A7CB59752CBD41AE17F8A39A
:101A2000C0D4467BDACEF5AFD6733331044282DDC3
:101A30005DD454DF3CDC37D27C0EAC3EF8CFB3FB38
:101A40001B18C121D709C4DAABAAE210A3D3A15D48
:101A5000A7FFFED15332DC9411B442893DAD7AA187
:101A600024DB1E13B92A4772181317DB0E0CEA3653
:101A7000548089713F6FF77D52B8605B6BD79D1EB4
:101A800069110476EB4155F3AD324EA3DE06F09FAB
:101A9000BB6A48A90A41324EF40EAC5DFA684D1D8E
:101AA0009EF2DD3AA099CCA2FBBE0630363CA2A144
:101AB000B5D998DB4A1F8610F575D8C0F5D2736F7B
:101AC000CC88EB74DB729BBB4DF1FCF2AFD46E693A
:101AD0004F507D4677C89A917874993D45FA4D3CB0
:101AE000DFA67C22B635FDAB0F2748F70CA02505F5
:101AF000E8D7CC71611DC5F69CCA58A345A38E4991
:101B0000575969EFBC425CBDBB35731CD0DA187203
:101B1000955418835F84FC1564E5300C1E2CD62583
:101B2000018D7BA118ACB9728466BCCC77D589DAFB
:101B3000667CCFAFD9CF66300D7E02FCAF91FF1D22
:101B40003D9EECB09B8A879D5931BE590FE3D65F0D
:101B500098BADAFD6E4AC0651A4BA4BC78C1085029
:101B6000E7991DD940A02C488098EEA3BF500A7970
:101B700012C87C4AE3D5F57DA027E8D389D938BCC3
:101B8000D765403B3F684110C240CF390BCB8E6DCB
:101B900020A31B0BEB70C9F608BB6F062421839AA8
:101BA00070F3C353E24947538FD18C55F508C80FE2
:101BB0009F74CC0F50C5F97A8F672A4DB497F8E01F
:101BC000DFE9043A316C52F8A3CCDC959FE47E4403
:101BD000CE04C5E19734FA2CC8556ABBA2023B5823
:101BE000FB6811897180D4DB4A740436D81BB77A3C
:101BF0003EB7CA9F389C5421D3B07D84CD0202EFFA
:101C00005424E4E191C2540E063817A9774ACC3423
:101C10006A1E6B7D0D289EA63D11903102A84C21B5
:101C2000D82C74675008761985193664FE50B1A017
:101C3000ECF81DD0443420CBAEE6BB839C6C1B89F2
:101C4000F12E1041FF55B16DD8443B08C8C412B005
:101C5000944A57F31824869B9B7A6C382E4D45077F
:101C600009538481EB89D6024FB72288B5F360AE61
:101C7000653E0CDCE0C8B496A970E34DDBBBE769B8
:101C8000F6CB50CCCD268C5D8A65AD78D3F05D81E6
:101C9000CE9FBEDE8B99512B84D4F5D6372155309B
:101CA000EFC04B5728BE11123746F7139974C62858
:101CB0005706363DFC3C5756417340D66169528009
:101CC000FDBFE6729976718295F9BF592D872D95E2
:101CD0008A922B8906479BAFCD4680707E03670DA5
:101CE00041E44F5BDE8D5F757812EAD82ED38FFB0F
:101CF000AACB32C1D330163E2CB555473375289C3C
:101D00008996390588C13B5F01A1096DF070F4F235
:101D1000BDF64074B0041C82A793DDB77A48DDB2EB
:101D2000B610B860388E46E53A956C8FB326F77CCE
:101D3000953C76D5F3E8AE219DEF1BACDDA938E7E5
:101D4000E206439576B5FAF4621AFAB56B8E47DF70
:101D500009E66530700A26B29D969E940425C7D682
:101D6000357E0049D02D772055FE258064139917C4
:101D700097428257F3451B0E64FDFCEE0898800BDA
:101D8000A5FCE8561C73D54AD23B45208D62F92844
:101D9000AC939EB9497EFB34498BDCBB1A2B59FDB1
:101DA000E7835975F2EE4F44A3F080578236343002
:101DB0008AF693BD78F3BE852326E1D63F3D0C1FFE
:101DC00017B88475564CE5FA81D7B812651D4E4F89
:101DD000C5C3ACDB3EFD52B7A172007841C099B6D5
:101DE000B71D8A5424FB11CEACF590DE33B059AB4D
:101DF00059166C5DF7B6AF22BADEC1CA1FE4E3B173
:101E00009BFCAE47764CBC2B42CFB5CD0EAEB50F8A
:101E100014A86A7ACD8B979DAB2018C886F318401A
:101E20003639175FC23014407DA372E193CC1D2F69
:101E30005745AFCEE538CA33D50C10CE9103FE5FBF
:101E4000E12318F9EDE861711246E02D8F709BE7F0
:101E500096987A851D2B3164C34AF8C14EEE6AF517
:101E6000987CB8975F608A62B88D871EFC7A8C91E7
:101E7000F7A3E9F45E8AC79C75ED134145E21C198E
:101E800050109E5E03B5C80653DC4C358AACB0DEFC
:101E900064E0A2C30DC1BF7BF80D53991F2DDA1D5D
:101EA000CA20870EE729265D69F927DADA3D95E72A
:101EB000C858F2B327B64FF42F29E245DAB8E3B396
:101EC000B641F5CC44C6BABD22A272D04FDFE76658
:101ED000017BB8C74BECA48DCDE43B48C2A0FE53B8
:101EE0005C328BBED0A322C532C1BCAF7BF069CCC3
:101EF0008499DCF1536670B921A572D227E3F83AD0
:101F00000F4B3D03A62FF26326199CA64072A03406
:101F10000AACDCCBBD05DF5A1D44AA0894FCCDBB3E
:101F2000F70C4948C931A5F165CAD74EB8AFC4E12D
:101F30006C071C5614CBB09FCB1E15840CD94EA831
:101F4000C612BC0F3E19C395FA7A661A9F0C4565F6
:101F500023D0C830ADEBB268FF43585644514FC44C
:101F6000E7B2AEC142784554434CB0706310483F6D
:101F7000AB904C1122B4BEA9448CBDEC0162257B10
:101F80008AB948ABB60E5B3A843BB3791880AFFF91
:101F9000C39AC5AFAA446C43AD717A7FEE5E568C8E
:101FA0002DEAEC2DDAD23D8CA96945A62741EE99A0
:101FB00042F9BD788671509CC1304BF583A3680807
:101FC000832B31D325F9E94FF3D2D54BD02AA90180
:101FD000156B79BE0C2FAF073E9E9A59BAC20A53B1
:101FE000C11E7DEA93F165027BCCC0B3854F3854A6
:101FF000BA03C97F909D94BA375340D8D2EB17FAF1
:10200000B0CBC0326F5EE3058512A8651AD7FC2FEE
:102010009E3C2B8B0F6F883DA3357BEC4F7BC90D0E
:10202000B5A21563CD42C6B2FF2B67F029BC2D01C6
:10203000257715E282BC06BDDBDC874396C5F62317
:1020400009BE72E87811C806A36FA0A1AF85311A46
:102050005960B074B95CE9E84664800E3887CCB446
:1020600048C789D0790581DE8422205128D6818B0A
:102070005AAAD5AA8558412C2B2FA3001DAC6F78E6
:10208000D5A4BC305E6639E193AD4F6CDE22F1F62B
:102090009EB4C70B8467B08D8F8562AF9D8754282F
:1020A00004D882919AA4BBD1C3CA9E3A74CCA5929B
:1020B00021461210A193BB5CC9FBD35A6BFA96421E
:1020C000559434AC2B96B0610EA500A1D704336CA7
:1020D000CCEDEBECED9ACDE27EDE0FAAF91B8D384C
:1020E000C8AB95612939F35013196C77841724B262
:1020F0003190645EE44F5B038126487A90C531726B
:102100004E34695CDE38E0A7F8FF62B42117723CF8
:10211000D014801235DC60689CC3990AFDFE4375BB
:1021200063955F192BD44DA46F777F8D80E6A79DB3
:102130008A80DB659932DE4D3498CF6445E0428376
:102140003B8F6FD88BC5F8A8E8264CB03BD740DE54
:10215000F86825CFAA2449E260AF67DA9CBD80ED1C
:1021600017576A97252A3E3E1CCA59FA4CC6401B8F
:10217000CFC69B398A1BC082FD504C947D85353D6E
:10218000D841B32FD175E6D1770B885907BD64B418
:1021900086781F11664FB60F3A8D64F14937438731
:1021A000A736F7F84F3BC213E7C3B8328D2CC7648C
:1021B0008F9FD3C38961353D281BBC79E1E64E185A
:1021C000D792F15FDBB85593C6C57AFFA3B038E16B
:1021D000B9CE8B623BF1111144A01CB7C35AB8D4DD
:1021E00019429FD20694413C652274B3948D8304B6
:1021F000D83B76E81B71DF7123B8AA8679499FDA4C
:10220000CA52CADBFB5365881DCAC1DE7B3D82BB57
:102210009FE0D0BB320D0070BC567C9173AC6B2933
:102220001BFD0E03B993D8D3D3CAA2FBF9C3D11EA9
:10223000310171341F888B3FE524E0E340072358C8
:1022400093E0010FFA0404258E049D28CBC2206F71
:10225000FA939A1078964A761B128A60437EEE6D46
:10226000F87FBEB3B2581EF6A73EAE8F6EECFC5A96
:10227000FBD8A0AF402C9314E6016B6DA8C487FA7D
:10228000EA14EA408D7B670DB351EB6B01F1823F9D
:1022900029D6A627E394CD0A02C0D96B710A210E74
:1022A000BB2AADD86BF3AC20A58B167FF09DBD9AF1
:1022B000465D8F7171D1E04D7DDAC3FC5797E8859B
:1022C000DEDAC614FFE1B028E367B1047A6FD9BA49
:1022D0001D148A3E39D76A84C17382B4B18D1A0F36
:1022E00091920372391BCD468A0587E9B7B52D0255
:1022F00053CFA350AC188715224934E2CB4009488C
:10230000550A6B1D5DA441D9D7622515C758D3DA8C
:102310000CBFD545824D7FB2E63796E0AF669EF39F
:10232000DE07E11BBD51F26033C171CB19BAC3F7AF
:10233000EA4D99651792FE765A6F08578DFF12F88D
:1023400017A8205949FD3A3181E7303F2407287307
:10235000C9B8155BFA4425FF57B4F84EEBC1615478
:10236000FC074EC8E7F60268D34D9C6FF5E590D2A6
:10237000E41B83445FB33DAC2E4D36D97BC9312776
:10238000F70F314F6082CF77F712CFB2E276AF37D7
:10239000F49E5808FEEF6E74B2C1AA7A9BCC4472C8
:1023A0007BBD1FD4AB84F623CDEA3ED99EBD7456C7
:1023B000AC3E93ADDBF01272861A643DB79CFA45D1
:1023C00002BCE6EC0CA6D44563D17AA8891DC7ED02
:1023D000047E90645E59411CDA64BB6FDC217BAEE5
:1023E0008A407E0E1F02F3CB6E33144533CA492850
:1023F0005C347461D2C7C114BDD15964B71ABD131E
:1024000026614DE8956A62EAB03F04D368CCB458BF
:1024100075317071E9066E620550022928EBACD463
:10242000307FBF231E5D18298E33CDA3F849C9051F
:102430001DC71A83D7D026DA1D5F8E609D7CD569B3
:102440002B2D906B119FF5212AE9507950B86FDC44
:10245000DDD4B59999BB9E52E502E7EE4E91015C41
:102460008538A5A36349EABA19A62EF2D2D4954AB3
:102470008FD31E47FDC35EE5B8D66421C5607229BF
:10248000F9EFF83131D023C0C9057C183D5D775F85
:102490008E474FE5273AB2C25B36097402869A101E
:1024A0000B386B3CA7813C5D303ABE5E138E25AB8A
:1024B000C4573D55C33E602C4A27370BF7422A3C90
:1024C000B5A996206C39A58F809B98974F18A9BC09
:1024D000BC144AD573C83B81737AFDA9A962DA534B
:1024E000A4361120A0FA3C5471E0B5DF547FAFD080
:1024F000F80301DFD7D82E3CBEA5FEEE5CD7B9218C
:102500006ADAB818D48B7CEB9B29351D66FA464DE8
:102510009B85DC1C7D5C0A9E30F27F46B47108B15D
:10252000F50E67E5D97DF8835FB46C245F708794FE
:102530004A05B9401624CB4D5650B744A0608B785D
:102540001D547A1C82EB187EEBDA365316398A4416
:1025500069162AB31073429F98FAC2457127663BE9
:10256000339C03D50346E295F8CA50C48178D49EC3
:10257000DBB410BE7DD35C1ED69AC8D2E803D82D3A
:10258000E834286C1B3FBC0B0C62585BE6E81CFA75
:10259000E1CBE3FC5D8E924F433810E84043BF939C
:1025A000978C208C00AB02DDF151E7AA3987BC85FE
:1025B00051A0F31902D8026605B5C62F427FC84D57
:1025C0009F7E57CFBDEDE190C3B4C37A43DE80A4B4
:1025D000E2CB23D686A2BBFC48AAB26E24DFD7F298
:1025E000D6D124B890A6360620B6DAA9360BD42E5A
:1025F0000F853DBEAEDE81B40027984747ECE0254D
:10260000873FC6B56D2355806476EE184ED770535C
:102610004EDBA49456805DE3B20821BD683FF1BD56
:1026200062A37409BD7F473403A271F8ACB4439729
:1026300011F7E095928EF20E6106A4EA072561AFCC
:10264000FEA41C0ED27329027B909555D5541E21F1
:102650001A32D21AE79C43463E3146052C3A730E95
:10266000E02A4D08519E271E663731831689A893AC
:10267000FAA6AD188D64E1712EC6A699538E38F175
:102680007832E7824FE2A3B3ECFB3EC88D419DC98F
:102690001A21275212ADF69917641F823DC04211CC
:1026A00087486991A50B9EE26CFDD6ACC0565E7F53
:1026B000CD36147EB70D5C104906732FB5AA38FCD1
:1026C000D417FAE083EEFDE621499E5CEFB35A424F
:1026D000B843918E189D7FDC72C27DC0B5A4737B18
:1026E000A9985BEB2E28C9E6C25821A895DE50FFB9
:1026F00011AFC86160EB9D9C677D4164C3BF6B3FB8
:102700004AAA746BA974398331F7376FC1A4B2B682
:10271000F9849B8E3FA3145001FDF00A487AAF76EE
:10272000209BDFB091EA9E6C70689CC5F793BB5705
:1027300027E138F16D788296E4E82BEB1C7ACE9194
:102740004CC3D66A1D752C37B0F9E538E73C8BC809
:1027500084B1650B043847DD203BB7C9E259DDBAC7
:1027600000C25BED714DCDD54ACA17EA3E130B5539
:102770003EB7057B2160E78952FCE73B707403722A
:1027800016E3EE7FC4B6A64BCB690025B203A0C604
:1027900065D96637C1B614E4B82E49007B9E5E93B6
:1027A0007A42DA9BE99FF6FCDD68475A01273EF43E
:1027B0007F4930EBA3A60EBA9C40070F4D20641151
:1027C000A4ACC26B671CE1DB72F71C0B27EC46EB79
:1027D000C40BC725B50D987478012022A03F53D2B1
:1027E00091A37058B5FCF41A13D49C16573D231AC4
:1027F000846EA96F269B48633F3C2DBCEC7F69BF6C
:102800003F1B1B7A9F26F2709002BFCC03E2B03DC3
:102810001FEA5AA4722C92E67EE3BE2A579FA05567
:1028200012DB3EA0C56CA8337529650F319C1D22B3
:10283000ECEA10E5A65EA790CCE8648C4075DD0557
:10284000F73C4F5007402EE2AE23EEAE252F8D51C0
:102850008379BCFC4861801728D747A113A56E1760
:102860003EC8049593A25AD818AF2BF671F854AD10
:10287000B5E490477EAEB4203D259FE3C713494E93
:10288000D2CE43334476B6C317EC2674DF1F61B053
:10289000FA0166A0DAF0A8FB0B92B9571D1D707AF9
:1028A0000E892FFBB2256AA729EA8BA9EDC0C83C87
:1028B000E462183B0EE8AE5744AA8A4FA3CF74A235
:1028C00089FF94CA7E79C2142C058C6305BDBBD5E3
:1028D0001C7A51D0DEFD2C17968172E8EAB6744658
:1028E000213705793CE56DF5BC034ED730A9126C54
:1028F000EFFDBF660149C079D28D3F1C2F6731378C
:10290000F07283C93534DE099FF9266A37A37071E6
:10291000F6C9EE9C4ADE7CB7DC094DD89E2CAED0C1
:102920006A80D0BEBBA8EBA55796467234E68C0FE2
:1029300059854139495B963D12E7951F704772A54D
:10294000970BE391DB3A32830330A9E0220F0D2786
:1029500072DCE00DFD9AEC04565586DE2C9FC8E62D
:1029600073E834C5D35AF2DDD6F0A91777EC4B3EA5
:10297000CE5891CE7292A4723C4F966782F5F4BC09
:1029800024B1D12B66D3E1619D02B422833EB725E9
:10299000823F371E483F22F16EC2222EBFCB807687
:1029A000DE258E23E3C07D84DC26E28904502543A6
:1029B0002DF966CE611FCEF0797E590497DB7EDC5F
:1029C000E24EA6AF0CFACD5A51707CC04BF75124A1
:1029D000A575E7CE0DDF5020E0A42D772A53DE4801
:1029E000E1469CB5E14F53945D629DB9C6CD091691
:1029F0000DBADF7E4A5FA74C0595404437F8BDCC41
:102A00009CAA1B14D1FDACC0075522A9624903370B
:102A1000E77857592616876ED0C571002827735C52
:102A2000C08640CA790CCFA88FB866B752285C4DD3
:102A3000965357B8FBEED88600785D088E8AEB6A0D
:102A40009718F9FAC3B22785DB8EF85B3B3462BF77
:102A5000698BC211881BE29C4224DB020857422B7F
:102A60003259F0F7EC9867C024296DF6D490D7540A
:102A7000225C2EAE61A8CCF1CE4300138DDAAB06FA
:102A8000D4D520D4438A12F3B933D71BC5CF23F34F
:102A9000CBDE440A1CDBE476082CD964C0AB6E5153
:102AA0007C81EE804D63FA20BA810804452D7E4179
:102AB00026D488D2BE15D8686782828B8266116A56
:102AC0000788156AE1573A9759B2BFBD7C298243FE
:102AD00015700D19B1EAA4F9F1302FABDF7A21217D
:102AE000F9FF75113FBFBAEE856C777150E348303E
:102AF000546019BE9B5EB702E268E90DADC115F2E4
:102B0000AF799BD8FA7058691AED7DCC6CF236AF6C
:102B1000180079855DACA3B27A2FBFC9473901EAA5
:102B2000E1CCA1A34321D7ACD1BED9D8FF6A52C80A
:102B3000AA07B57481F05EEC209C0DBE45013541BD
:102B40009835975EA7153E09E4019ED6422B28CA08
:102B500096CAAA4BB84F18FE134F2C25305F5D5410
:102B60003CFF87305262393A64E7B2FDCB79752673
:102B70004B741A62A3ECC3F84A1D4F9675061A06E9
:102B8000AA88DC236CE88958085EB18E92EC27ECA9
:102B9000D6D678C9EEFB3195580D4DA48EAFD364CF
:102BA000BC6E72D289C974566D3BB5A9B5DC22AB37
:102BB000366B75E9F160E1823B5AAF8F58745AFE6B
:102BC000894E1D991C86486126E3D53E7F6FC34D13
:102BD000BA68FD68758089CB83E8F7F81B987FAFEA
:102BE0003BBBB06803B95605BC83E34307DAD11198
:102BF000E94B6D6D015E8E771A155290A6A763861C
:102C00005DB2E658ED05F153F068DC0F81BCF7C208
:102C10004AB24A97D9B2A2DC1827A9F9531EAD2EA1
:102C20003E648D646B60757D4B22AF6D7072820463
:102C300070262C78BC696A63B99E53163D9F202389
:102C40005E004C12EE462243C800A5F0D3DBDF9FA6
:102C5000028784563604540C2F89BACFA4A9469E05
:102C60005CFDDC7BF2DAA6DA75214D34FA8D8592B3
:102C70008802BFA1431D19939D59D51D68E45DDEEF
:102C8000137CFA2A1145A3780AF4E787DA014F206A
:102C9000A145A016648C857685231A74CCF9A5C746
:102CA000F9CCAC9F03B4C3AA947C15717E0877A1BC
:102CB000CAF58DFC08B609FBBA645B7505629D26F2
:102CC000CB8550D02D06E105C667E76838A063C6FE
:102CD0003EF43E9B1F44E3FA40E70570D52FDBD25C
:102CE0006E12B6F4F644339B22B55D0DFB74F715F6
:102CF00064C6C9B2EBBCEA2B929AC2949C1C8C8D20
:102D000028A0080611EC332C2156EF6820F469E165
:102D1000E0486FAFAF953F1454D07E04A11114EA80
:102D200052FF76D735C65758B35671BFD49ADF9B3A
:102D300004B10254BC6241873D6EE736DBF16EC3DD
:102D4000EF21CBDF8A9366935245FE222BEDE823D9
:102D5000BC7F060F40F1C6083E826EE3DA48D135EB
:102D600022718D59AC9AAFCFE5138C2538DDD37D18
:102D7000B770857733FC797A72EAB18567B078EFFE
:102D80009D4C2B2DCB7E719ACA0DE05C94F425935B
:102D90008DD2356F6FF8382222472106604CC75319
:102DA000F0B011D236BD935AB1D2030D113E7393D8
:102DB000FB52CBCD69F3C1D4E399A4B12B0A5CEDEE
:102DC0005A46B48C893463064C177E3741682F927B
:102DD000C596A2C59BC66774E25D3DC5DE618CA742
:102DE00056223E97FF2991ECB0D5A65427A8B3F000
:102DF000185049BBFB82E4E8611CC24EC36183B733
:102E000021701E7FD18181569EE937D07D9C8B3EFB
:102E1000E7E1FB399BB0FD532270AE64BBF9801D26
:102E20004DF835884B6E4B06EB0A03F139D0277B02
:102E3000B228B86446F342622B660021BF7450F09A
:102E40005680C5F3FD580C0E33A8685D609AAB112F
:102E50005631E6C379E0B4F5E0E5AFD61B9A9EBEE5
:102E6000AE83C1E4DF0544B3C4DD1DF5FEBE588A60
:102E70005ADEAB07FBCA092D17F465686C3573532E
:102E800055C9D8F9BDED7F03BB61050EF255D8F9E0
:102E9000F73790072FE80098C840D27C20C2144B27
:102EA000B5F040F2F93982ED28C2C31798AA40E381
:102EB000DCCAF1E1BBC82D6F4332E0B0EA1091BF2C
:102EC000110FF5F2653539032247D53780859B61AF
:102ED000B20AB8E0DA451C47EE90A04E9767201D75
:102EE000BA57AECF3076ABC54DC8B773CD41CD0A1A
:102EF000AC052E9521F7A17D5B3B5183436981068B
:102F000045B09C2B4D366B0DE918EB7780607D3B0F
:102F10005A07006CF5E0DA161BED1B21E5BDDAD986
:102F20006B069A6582E86564E25255722F3550B49B
:102F30003D6920C9B0E106BAF2223878B92E377857
:102F4000B58540F8D6BEF93AFC0C80DB323720F567
:102F5000A4D9D8A2047BAA48FD674C0E1C9EFBEAAC
:102F6000B165AD046D50F60DBD6861348266007CBC
:102F7000C356FD8BCBA7A46D104BBCBB0BED5F0004
:102F8000C820804006562EC3B2595F32C5A96F00D3
:102F9000868674ED8248274FB94329B78D0C0D7F83
:102FA000B25365C1CFA4D7AA4903C61A29D5D120E7
:102FB000C6C7B7C66123D0DB8AE279D042D2A92F37
:102FC00024505B2D486FF939429FCE92FD30614B02
:102FD000968415A88A5DC7B3A40278803BA0943E6E
:102FE0003CF33C662A7F1CA12C89B715DAF7D37510
:102FF000FF7B0529E7399ED91D692C028B69F2AC4C
:10300000FEC0BFE870E7A9C4795BDC71AB9B2F18E9
:103010007E05EF865DB2063FDA3963AA4961281C56
:10302000D801A88447E526AB44ED85874B3F8D2327
:10303000B34E3BDB42AD541EE76161D4696DCA15E6
:103040002D28089588033432AE58C5214A0A2EFC33
:10305000A335E51C29A5D9B8F61157E08EB9AC7A8D
:10306000F831A5D3150C8BECAD93ECA6101D46FCE6
:103070006EC8FE082BEF85B272A4D8FFC536377A2A
:10308000CC568244C1F5B5B612D9F076E4D81FFD0E
:103090005D970AD89AA4731E2F6EEFB2CC43E7C295
:1030A000CF8A4E6479A97B645FDB88D399D94BEFD3
:1030B00050F647976B4F6D9784CB72C54F65BD2D0A
:1030C00096224B9DF57780F0CA3E3FBE934336F57E
:1030D000097431C785079CE25CD9CE0711FD8CF7D6
:1030E000638344110838255522578D947DAECA1943
:1030F000E0DB6B3DFF538BC0E3B937EA632D3774D8
:10310000367278E34A296CF1CB6CD7A8D4A3356B1F
:1031100098E6E94670FD81AC6FB4F12A234CBBDC24
:103120001293511240567ED7D33A04D794B9E27A1B
:1031300019DAAA86F7669AB8A8370DF284122F9684
:103140009D2D0A5D7565A96BEFDA418F0A2DA8A93F
:10315000D230AE7E588B2037A5277C9BE07CD98C63
:103160009BFD535FE0B64BE78A5363BE34CA47E129
:103170006F3FB20B9516F457CBD55A150E53DB455E
:10318000B3C32C0366ADE1A47A4DCA5A633436CF7B
:10319000E3121BB2BF911F96544CB56572936F4BEF
:1031A000C7C4C562CA8579D67A69B34C7AC4CFA739
:1031B000AA69BA27FBD1C6FB7F213A4539D19B9139
:1031C000514FFD3CE78E0411F8A49C75B0751902AF
:1031D0007CC7452135FB605F13296DBA0F2611FEB0
:1031E000C148FCBD69F70A0C65E68D4A88D2C9C59D
:1031F000E78A512981BED4F14A04C9E2912EB8EE82
:10320000002E70C96382171DD08B10B7A20FFAB4BD
:10321000BD43A0A12A08DFC5DC65F29BFA013A1084
:10322000C4BD3061C23E1D00F0E347D0BE8F651BB8
:1032300029C64A772B4172302416F9C2F2E86FBBD7
:10324000E64DE199B8EB7613DDB59D2F167F465B11
:10325000134109D111933B7E9063FB00A07BBCD34B
:10326000D2D707FF16D6E4D43C3668D2778D0E2E1F
:103270008882073D530779215F83487553CE7518BF
:103280001421750F8B432188BF6606A3DECE35431C
:10329000D9671E4CF16F6932FB7E5D57F1534EAF1B
:1032A000CD177D97B003EE85EC131404E477412E1F
:1032B0007EE1ED92C9E0EE9B97ACF85BE580B5E866
:1032C000F72C7999F154E2829B30072DCE52867308
:1032D000AF06B811FFD91FD8B65A73483895A9025E
:1032E00023BB383A20496A48F472A713420EDB1810
:1032F000BD01FB4B330B9975A0EC01B1A9C12B7833
:103300001F584FBA01BB90DAF9FBD92C6F0ED224AB
:10331000D742A7D7404A861623C37D7B7357FF2E1B
:103320007CF2F067EE6C69BBEDBEE78EAA7F99B3C5
:1033300021E71054251698B32DE5DD13B7B350B827
:1033400044931F45F73DB8F8201BE79ECCAF3B34B4
:1033500083DDB7190B261522A13FB34FFAED317467
:103360002F7AC680C40AFE7AC78D5EB266270A68C5
:103370004CE0D6A29B5D08C675F17EB04A598EC757
:1033800052B401E7639CA0021ADBF474D863A0B8BE
:103390003367E12FBF3A475ACB66FDEF332C60E627
:1033A000A8B3F966BF9770A2530C0CDC6A0364885B
:1033B000AFB6960D66502666B59B20BFC69856C31D
:1033C000A649E14DE10CDAB8686017973B5D54C639
:1033D000595E0E1C66AC5A10BAA5BA639A1FCC90FF
:1033E000772554878E19EF085B9959DEB4478A45D3
:1033F0006FD54DEB924C34B2C84DF5D4C52B1E673A
:10340000BEA47AF49757D300FB93FA2E591ACA5BDD
:103410001208D96B9339EAF8FC1699C56D2B697AB5
:10342000488E8D9534A23B746B37354324A3E26AF2
:10343000E71C7D00FCFC8A836AC41B54D11C81B349
:103440001A8C7E81FC38B79EB6C3CBE87D61584D9F
:103450005B56EC6DD3BCA3B81047493DA1C787416B
:10346000968D22149572B31E77E49271C0F53E508A
:10347000A610687138FA28030D7B12D596B7D1BC17
:103480003FD27AFD2D3368A0AD806932C0C962BBDE
:103490003797C0C57E3A940F046F6F88D40F9C0D88
:1034A000185DBAED320CE33CDA3BED3C6D3B620655
:1034B000DF25E97C443DDD15B9813E3CCC24DF5A53
:1034C000333B4DC807634FACE2855F6E57862CA433
:1034D0006ED08F7CF0EE6068D6BBD2E25EFA3FBD64
:1034E0000D423ADCF4310BF89F4065341E573B6FB8
:1034F00045225D079D66B8090603CF115C0D20A625
:10350000B5BE178BDAD62BF00E31E2EA1D1AA9BD33
:10351000B0342D9CD1479B743B43F031305A97C552
:10352000CC6C394454B195D1929930474D645411C3
:10353000DE175E94C049D923B5F6C1C3EC31F64815
:103540001565642FB1E3EFCE41C66D1EA46EC80CA5
:103550002F9A4BEE14A79CE13BEDE092FA098B6C9D
:10356000803F195B3A07E991E86EA365BA6E3FA9FF
:103570008966DB5158F83A57678183345CAA8A011F
:1035800021D0309C6244108C3810D4D72F402D07A6
:1035900011A1D18CA7D09B3CC771905EC01D9FB577
:1035A0003BB2EE028BE56DA91C1EEB0BEB34096AF6
:1035B0003C7CC13716F228EC8F6A6FCAE0011537E0
:1035C00070B10D1BF134C10E007C57A4E34947ECE8
:1035D000866812A496A1D16D1B5B4EADDAB20AA12A
:1035E00004B0EF1DF2793A404D3DA17412069DDC06
:1035F000F9A5888CD840379576EF16B1AB7E4C583C
:10360000FBC1B318B07AB90DD11B72DAD942E9DF28
:10361000FA1A42F659E3187CCA53E6164CED48995B
:10362000893A7626D998AFCCBDDC352E7B94DE4F17
:103630004F0A0FA271921F4F1C9E9C4943AC898375
:1036400022E05DB458E41ACA87D3C6696537BF9DC6
:10365000081D407E5E604C2D76E79D8C4FC78055DF
:103660009D028B011543E34B1F6B35425B44FD54B8
:10367000027C13C663F8644A466784E9D8FAAAF85C
:103680001D4E21C6745A8C6A50D4520DA8B017AB87
:10369000C0029A36810200DF45557B4DADA09E14D5
:1036A00074E528174D38CBE41392A544DA3FA6EE13
:1036B0004D3598752A92AD084C8DC31E95EAC9E226
:1036C0007B5BA67CB2148CE6DC76754356154125EF
:1036D00037C19ACD6F784B44A72FDFFFFECA067E15
:1036E000DCE110402E07D24AFB3DED329EEB603507
:1036F0006A74FBC8B822C5A80483DC9E5EDDEA605C
:10370000CD98997AF188DFF4857CF3FC2C7501D390
:1037100010032048DADD1D52CEE1B2A9770F49A18E
:10372000BBBA9680ADB1163FD2906C7FF23F100EBF
:1037300068887603602B406F2215A033C624CDFC29
:10374000DA1DD6A38C17F271872B6054F392DE1E1C
:103750000198B478E6924283CEFB2BB63A37AE2C72
:1037600075D70CD69693314F96E51850E8376EBB57
:103770006E5509F30AF2D81162ABC20F7F550642AB
:10378000EA23A5AB1FA048444B4FD184FC91EA7EAD
:1037900056F8FA565946775B2F04F75E67E9F00151
:1037A000C32AB91E22974EBAE5A01F77DEB92AAE0A
:1037B000E71C8C206910A25D6C11E2247ECE995525
:1037C0003290A21844EB2A3F53A20588230803191C
:1037D000C451DC36AB1F394175867F3CA5DC22B273
:1037E00034047D8EB9F23C5DE51637374DB7F1EB09
:1037F000B0CEC7A6659A62BA9C9157C2E7E4C2B937
:10380000314928C79527BC23E54D4C3551CD798FDB
:10381000F3C1A3049260DF1BA8115DAE65124EE1F7
:10382000CBEA145D4F6DAAEA02237E2B3AD3785B74
:1038300017C6F0B4E99EBAEF5A340A1703753B4A2B
:10384000BCFDCF654316EEC88B7ADDFB4CEB7223D3
:10385000289D157D95FD80E773A03385F02C058AA2
:103860000558D195F79387198787E779A287C54AC5
:103870006F117B81744FAC087E88B87515F2B56303
:103880006A643A02027F6097FA3528A5039BECE749
:10389000B1552D4E253AF862AB041EB1BD1D187FFF
:1038A000F02BCBD664BB4B06E2C7FD1C118EFCCAC5
:1038B0003A82528246BB6322F15798D2F37B12CFF1
:1038C000EB4E3BA4BA615A0169D7114A9D90B3D11E
:1038D000E6DACE431D6DA042E625C2BCE747F96893
:1038E00019B478DC1418B0DFBCB2B01D011C2B98E1
:1038F00075B24595487F61585088523024E49259FA
:1039000062E4DD45C53E65FF8AA31B1A3A2FE9D55F
:10391000EB39A86E7AAADEE142F9E58ADB56230F7D
:10392000993290FCF1CBB3BEC44535EEB151ADD266
:103930006F422EBFF5ACD6BC33465625720B2C5CBD
:1039400000EC8704E0B58BB5334EA0142179121D2D
:10395000CD6ECF454BF14A293A4BDA1F81C5CB0BCF
:103960000AE78941B192DFCDCA9FAF5937826E0A0B
:103970005671DD7AD69ED4631C141635C5BC84EF0F
:1039800073893A1965EEA925AA34874E198A8DEFF5
:10399000EA6731316CD9285A32DF81300BDA36EBE5
:1039A000C61091B260A7253CFAABE183B0A71F6FA8
:1039B000A90AB6C3032AEACF750DE35829FB93E59C
:1039C000314DD2340E67BBFAAC5A82251FB57E3E0C
:1039D000EC24E3BA5F8E49B13112C1B0B5093109A7
:1039E00001CEC312DA8FB0BCE12E150E4613883B10
:1039F0004A259664D1C6E88C86FE12FFEFF4F0BB30
:103A000063101BAD7493B4A74281C5824236B3C222
:103A10003C620842624835D2C69C54F0B0C047B6FA
:103A2000CA329785C9858DCBC4BE8F607A3D03AA03
:103A3000128D1AF09611F8B80C72FC10EC603388F5
:103A4000BFB7FDF0230838924386715180526B4412
:103A50003980917E5828972E88D0C2E55FB28B5668
:103A6000923CDF3DD6F26B55D4F4D121CB24E7BF95
:103A700020E3B185C40EE216A95559AD767CF290CB
:103A80005DDDCA08626E89416637FCB8808077DDEB
:103A9000F7406F274F7EF21CC240DB2F99C4647140
:103AA0006C284B9115B24B97054C3FD7065A39B548
:103AB000EF8CD978500E5C3AE081C44ED93B215747
:103AC000626FCDF118444CAE0E4A66B66807931388
:103AD0006297161CF462DE60C36A5F307A9EC3CCC4
:103AE0005A8670107ED128D1CF48D242DD3A9A331F
:103AF000EB50BAD61C3320441E851452C42053C741
:103B0000A58921C5B1E65321C1DD4DC72266B8D6CE
:103B10007C01DB78599672052E5E090D3B74F040EE
:103B200070554C0FC798A3FFA3E6D76B57E614F860
:103B300011314EEEC959B006E16388D2E96B49E311
:103B4000AA3D47BC98504763CEBD7CD231F8181FC0
:103B50005FD91AAA78B0BF7331E4EA0D883C5248A5
:103B6000D5D85180EF2E9CDB7040FB0B1D0BB69916
:103B7000EC0C55B00623C51B50C63132FF86AD157F
:103B800001A5509326E2C0105110D284D1CE78A660
:103B900035C6FC8AC660DA974DF6D36440DBD66240
:103BA0008C91995D7AE4AAE5EAFE2F2D1C975CA71B
:103BB000F88617D8E55955981B27CAAF27CD83FF3C
:103BC000F0A5F7635764299B28C3239088050B1839
:103BD0008F5FF7FFBAF59AB77C8386092C7D656AFB
:103BE000871FDA2583DCCE276097574232B913FF4F
:103BF000D339F6C25EBE1CED8894AAD1C8F1C3F5D4
:103C00002C938FBD8A0643A2950177FB0E5B48512A
:103C100059AB3E2F3DBEAC9EECEB716C2EC1DB7CF4
:103C2000322D73B87327F8F00B618EE1F2E226852E
:103C3000FEC8E8EFB0D539686261668E42F04FD3B6
:103C4000F8D263CA9ABCAEFFABDF1829E3170D1B8D
:103C5000F90966C08673191FB4A2777AD3D30D3CD5
:103C600081F1C1821EFE5F27557492A1E426DFBB5D
:103C7000912AFD1BAA0DD09A3C3EBD2F2E430284F3
:103C80001C0A660C8C517120C78873DD314124E613
:103C9000F926A67F6206BADBFA5676828504334996
:103CA00043437C30A603F8A2612841A5CDCDE2E9CB
:103CB000B1F32C6A23B892FF9A681FE4EDF5054C26
:103CC000EB86C819C399A3307BE754E125CBB677BF
:103CD000A395CDEAB2CEA26A1C98491DF6D007A9D9
:103CE00013F5339C73E0470988DBB001C7229F239B
:103CF000285CF8B1D6D76977D02B2B5112B6932C0C
:103D000069CD90ACCC245A604CC1D15BE8F1D4872A
:103D100055BF6A73B31CECD767626E51A679A79B37
:103D20005BB5BE8E4C13BBD7D3D00BADFE94BDC5D7
:103D3000DE9E43DF463ED98FE178302DE0CB15A6DD
:103D400074C8860F5327CD6D75EDF4EA50574A02BB
:103D50008F6794FE1CD9C8ABB9E3BEFC313772EA59
:103D6000C52E642B94148AC3C48DD8FE3B3BC81463
:103D7000AA9C7D9B9EAD7EFB76187F38A1919C947A
:103D80009010A62F6F251B338121807711039BD6BE
:103D9000A8EB14BB20378BA46A4086ABEAF3BF6D57
:103DA0003D5964A9F61A40F9457DE2DB379CFAE7F4
:103DB0005509A4BA951B9319BADDB8D3FDFE9FC867
:103DC000DB344A57703583D8F25E58CB21B9F2FF05
:103DD000092ED970B470F132D7CBAB70C7A76E7C07
:103DE0001B26F492497D6033D93D3EFB4C8A6F1609
:103DF0007340988AD9A9A4C3C8C1DEC25DC8591D41
:103E0000B9267908BC24C1330135C6490FF0B01476
:103E1000AFB679A0E66A77CD6EDE6E85A80FDFB209
:103E2000DAFCD77AF5C7BB0E143709042AF558C453
:103E300099EE1FD8B9C11EAD11FB0871B5F849FC48
:103E4000CFCC4911019CFF17FCFADEC5A97069CDE2
:103E50008CDEBAA2731F5F5E6BD2864D2E4055B6C4
:103E6000A509A497B960E024EAE63BE7A114302253
:103E7000EC3DF0A9921311D5F87E35EBDED881E147
:103E8000C6E1A9D092E4BEECD48B1DF2281AAE395B
:103E9000B85B5322505F25BB307E34041C7901018E
:103EA000C53FDD384B1C973A1279EAEBADD3097761
:103EB0004B705BA0EBD4C2014C6B27A2D228AB2D78
:103EC000A07CDFBC8664BFB316206A16B320680AE4
:103ED000608802965CCF9B16928818581CA3932288
:103EE000F3BAADB41306C1839A8F5E02C4960A1664
:103EF000B4FC59A7B7A0341CE12247933C23E81037
:103F00007BE124B322BED5E6D1B8D596F7D738AB3E
:103F10007B2763E8E284A717DE6246B69E157E35EE
:103F2000082B0D985A5E131FABD6DBB09A9048DE73
:103F30000E94A34E000E05730113FA2047C037BA42
:103F4000D4A3DEFFB6B5DCAAA21FA2D5DEC8AAC9DB
:103F50003D6DE55D5DAAA4F73B6BD36BC25FA72DFA
:103F600084A44EDA7BF900B194375CAD27A0FF46FC
:103F70000F75FD3C060DAA53F613896C5E8770DC45
:103F800088DCCC936D8E4F0EDDD82C4A70BABAD334
:103F9000F0BD966A08B739817A97A09BF7CB6ECFB0
:103FA000197F46F677754D844142C1B2C764689463
:103FB00059F6B86AD601C9B58DC401F214C9DCCC72
:103FC000ED79DF1F10BFA7303956562A353F28B785
:103FD0003CEB9CCFD3713AD10D77D848115D925309
:103FE00060F69114E59907E05C28D9FB9664F376B6
:103FF0006CC76DCE08F54E8D2747ECCBFF71C664BC
:10400000BD0B6147533FEEECAA05DE15EF8017A408
:1040100021FAABB8AE6928EF7702CC14BF10537CFD
:1040200009B0C944C92C90DFBE6B4849EF0157D293
:10403000E9D612974AB7EC6131966B2D4B674CD29B
:104040007D64204C5B61617C88EEBEFAE4724FDED9
:10405000611B104FC2D4A1AD1A919C55D96E5D2B36
:10406000E74E796724209D764B1B41F25B957BDF01
:104070004D6A978A82FA3BE57FDFF1536E3D9541A9
:10408000BBAE190B03D7C6D7EE1A3E15AD7BC86978
:104090009DC96B0F6523C8035D091DCF5CB92769F6
:1040A0009F4C2E728A184ECB31B24638842B3D81FC
:1040B000E7D3D4FCA37B68515106533800C5608E0A
:1040C0003499EF92BF68E9391F6CE79942ED56EDDC
:1040D000FDFD4F78CCB9DA3F41A9191A77981542FE
:1040E00089F011B98BD46E62FC87F006FC5029E28E
:1040F00047A166324C0446B46ECFFBF173794B1A7C
:10410000BD14074ED113531BE858BC67F8CA891E6B
:10411000F9FAF845061D4E2DA091F3C31B1D7A0B2D
:104120008C8EF988802958263F41C83EC0F317D8A5
:10413000E34B3CC3476F8D0FDCAF3526876600C766
:10414000F7A5DAAB3C3E0C200CFDBC045053914665
:1041500003CEF2A85C496363DBA489EA81E5724679
:10416000E235CF833E578DAC5DEFD906C7336A0683
:104170008CFF36F932B66B8733741927A083A554A8
:104180006689E7EBB48681F1FF57CDEFD52EE89E27
:10419000C129D43A558A339C44795B3604EF4C2AC2
:1041A000415E4D364A725C82F0606473C8931E00B3
:1041B0001A92F637A6AA08FA7798CF43D4A11DB46D
:1041C0006CEE7B5FF12120828ECCD0F2128810AC95
:1041D00025BC915D24BBF83A134D25CBB9F6049666
:1041E000424A1628CBD8BA1521863F2F0996714628
:1041F0000356A08432776FCD471FA24C758D4D605A
:104200009824003727170B3D97D320108AE0FD979D
:10421000C9B8ED67DC0B30EA21B675FE3AB373E23C
:1042200038D21EBFF2AC0837223211E984A3C5444C
:10423000AC1D296C68AC784853FB9EE3AAE250277A
:1042400006A98299B0997E22B0B04E9BCF43A0EDD3
:104250002E63BDE32003F4BAA7DE3E8F3084A311A2
:10426000C411B0CFC5687B527BB0E2CADB4325875F
:1042700075EA3134F01852C9511F43EF757D30A2F1
:104280007E9299A108BD24EB7B997AB694E5E55D11
:10429000DC2E71F0486E3D20202A1B48F5737637DE
:1042A0002979BF61522FCAAB46919989A72067AD82
:1042B000147D0EC343469DB6F023DBFD66985490F3
:1042C000B46267C72D5B2AACA5C6BEC234F3DCD985
:1042D000A54C880AC11EC68191688F81B386FD9462
:1042E000790C3D540DFB67FBA1BE1F89418DCB8826
:1042F000D6024DCB4CB34782146BFD53979F89DF99
:104300001E3626B6176D2AF3E1E1BD4291B4BC43D7
:10431000D155CB22749406D39F38A83BBFDD3921F9
:104320009F9C4870DBDE010ABABA8C24575486D9A8
:1043300099DC1D33155B2F131951E6B0E18BF3881F
:104340004DBE239D394B456893B1350AA1F93FDD38
:10435000CE5085D50351AEB0BFF53C94343CC7CAAE
:104360009CD725CC1F27D1069C6A0EFB7141478C38
:10437000CFE828BD64E699E41D603139CB8FE1AB0D
:10438000F0EE9DD3EBB0B1DB0E077CB7304F6FEF93
:10439000356F33F822DC143A00EB0C1F69DF377CF1
:1043A000F2E663613D4C22225AA40D80AE42952173
:1043B000821AAA93F620DAC7152BE87A6F2D846744
:1043C00033C6043F57DB57E4A23EFB40795EDB4E29
:1043D000F045FC9CFDC533624B9FCF26300E019B00
:1043E000E7122D0957C14495BD68C337F3A9D9BA5F
:1043F000017E2DCB65B531A7BC45D89DCF5A1A1B80
:1044000064062A4C53EBE1987C4295600909F6D684
:104410006225B4079303AF0BF8AA703D13D90D01C1
:1044200068FA7782DFB7702FC7AC5E3ABF75D65196
:10443000C79D56DD4AB81D66099F040296CE8F209F
:104440001A10D6B493C5157DEC140FBFC44E6F7F00
:10445000370ABFDE02E2B59BEFDE9E97E63251DB04
:10446000C83345008932B0F4F6FCC0806FE7AF2B4B
:1044700058B6F5A2CA2398D7E65CF422C6B589A03F
:10448000482902F6A51BEC500F5FF94FA4C50C7329
:104490000ED58E160671134900F09FD15A9C5E34DA
:1044A0006BBBBBFF43E9CAEEFBBAE3C262DC43F27B
:1044B00003E233B2362611EE83F65022985F68B5D8
:1044C000B7E61E5FAAD62283A138C3096FF250E671
:1044D00070E85A3E87F7FFD424790AC6FF7D8EB470
:1044E00057313464B8AA1D4A852D2B92E8D940AEC5
:1044F000EC504229D3F9EEC02F7AAD0CD0A15D6902
:10450000AC7F664D950E02BFBC39749C2928FC6DAA
:104510004BC0155D04BD781839D6BCFD0D93158CC4
:10452000EDE92124AD128909917D6B571421544C7A
:1045300010BEB68215AED6114C3F01193DD4E1DA5A
:1045400038AF6E9A002591390FCCCF9587C551476A
:10455000A13B9DF9D78C3C4EC0D2BB45F213DE087F
:10456000AE0FADDCD9EB5D13424D8EE7FABB240FE5
:10457000DEFAE2EEAF36DE9679D234FE8C938B58BB
:10458000AC9EBA2CC18A087C4259E3DF2A0A0A2170
:1045900088C1B42E7E1591672097A644D009EA45BC
:1045A000C08B0CC6B63A72A4D4415F44AB86557C2E
:1045B000FBE0C3262A8FE8426B8DD36788130C7308
:1045C0007E99AC0F38C43E59D370ED510B0551DBC9
:1045D000CCBEDBD711E888982BEB8E870B3133EA02
:1045E0006E8395C50FC4BD535FA92B6F68FCE64F62
:1045F0009EDFE71DAFCCA28F9E53C933E582844175
:1046000055272C1DA4B85B37FD5CFEE5D329AAED28
:10461000579BD7596F6BCECE55AF0A4489378B2144
:104620004A3D059F468FF31AEAFD0EADF23A850921
:104630008933CBD7B4728B0FFE8E62308CC0144896
:10464000C9DBA54989B40400A9703DBEB95A7658A2
:10465000A9ECD794682F5693FD70288039427B7857
:10466000D62C0AB3BC901289F98ED849950F708662
:104670000650558630BC038613D96A90D1D30C05F9
:104680006CE4A776B0EC240B23866903D0B77AAD2F
:10469000FF4B461BDDECF7DA3AAB2F552343A5F66B
:1046A00059FA688E32AF94997575416DB0B421FD99
:1046B0009BA90D7458A21461B71E4F13DDEA58D898
:1046C00036BEF50846318A4AD9BCD02772FF2F087A
:1046D0008C336530970049E871BB1EFAAACFB068E9
:1046E000102CFFEEE0C23DB4D9CBE4D08D045D3D8B
:1046F00024EA730880ACB420FF1AB02BD391FABB24
:10470000B1972CF0829D173CA708306C170A303DFA
:10471000C504A06C56AC789B1F218E0F1370FF420E
:1047200030C7D35340E30BBA50FF61514A5A372C7C
:1047300057A97B6E2746DF5E42F99D89B226C606E1
:104740002BD790FA2432BC26DF20813855D8760F3B
:10475000D156AAD267A792EFE5458F9F838FFF3B83
:10476000C37CE0CDF4C998B84E97D80F164F035DBF
:1047700009E8D5EF0DDA8CBA16F3F1F0FDBC5491CF
:10478000DA0849B7950F0A2A300A6B57E8F9D114AD
:10479000494CEFF9F265F39B6BE9D5F196DBA39BEE
:1047A0003F0D42FE865A00E1FDA856EF40693E9A51
:1047B000469F29E5A3AB80507FAE152E214D728C0C
:1047C0002864466D9026531289CE19EE7B789C386A
:1047D000807312FC76D5B9602C938A45C676BA31BF
:1047E00013E86E7BD2EB4D538BBD7E6C57446CF25D
:1047F000228FD0BD77BD14CA448B0871061A084AAF
:10480000D4D9DAC2641838BE61E9A6091642C47A5E
:10481000B1114FD64639430DBBD87DB30F4BA4031E
:10482000C1FF3A5333B37FB5AD79347EAA3A97F2DC
:104830009C5591E4B427B35E8223A3E0D0F20081BB
:10484000CCD3941FED8D058AF63A6578A16050E0CF
:10485000A0F2314B4446CB245EDED658B55639D74C
:1048600028975BD6463CF95D82D820C7D6C420A6DF
:10487000C9FA2DBED5AC0584B4D9EA911E8B28F7B0
:104880002F4E7A20AB4CAC06B5121DCBC090BD3577
:10489000578A5C813661B41AAB801DBCAA273FD809
:1048A00086DB7477E5A6C636ED454B28D0845C1AC6
:1048B00033C2AEC06EAF3868C7916383E39EE645EE
:1048C000DEDDAE05F2771A3742B3C59570637130FD
:1048D0004D82F1EAA96F6841CDD8A48D9EA11C310B
:1048E000F5FBF7EC8C37B999E4911BB2552D197192
:1048F000215A08A64B43EE8CC89ADC3BC4015AC32C
:1049000080261C07F84BAB69210C812DEC6D0584CA
:1049100073A59A84501B55DFCD7DBA0A49FBC4D2DA
:10492000A84E0B7E3324E28F23CEB8308E3939D790
:1049300026A59A080BD9351ECCFBEFF2513FBD8D51
:10494000DA7B7FF3DC85B439743C0B25EB00E5B6EC
:10495000379A8F893DB1F4632B6482F1BF4733A44A
:1049600033310BDBBA038BD2E319ED86500DF3C75D
:1049700057F10E957D16F64D254F23C7F0FB6D8937
:1049800078A87377CEFE8B2D08FC514639851A2EF8
:10499000D7F73CA5E62E3BFD21265ADA3878ADA2A2
:1049A000C36D43B4FC1A10B0A72C67A66FE3CB5BB2
:1049B00088B7BCFCD352A0D301B13A9F5A10E4F798
:1049C0000919A822D557A1174B9E949F9629BD80FF
:1049D00092E554841984C9E2CC70B2FC6600846507
:1049E000E40F070F9829F42DED6741F3A153A06C54
:1049F0004508544FE8E088C76640C8E8956728F145
:104A0000DBA72806ABE6694E6C512CEE2194B95118
:104A10004313023EB5C86965A95EFD77F551068569
:104A2000A63216ABEEA314C5CDE2FE61392CBCBE96
:104A300044C6B38779F23F3790E01B302B526E8328
:104A40006ECDABE1E0BD0ECBB846D88290131CB35F
:104A5000B38ABD82815146E024CBC97E3F2CDB6501
:104A60005DCD8F535919C9700C096D7AF011A89159
:104A7000DE8D3769E303E98E380A21CBAE07F20DEC
:104A80009DC7208B5F20F7862F5657BA286A9CBB9C
:104A90000195FA59DA3B0F781B00E33D0F38EA2203
:104AA00082B1F750EA3EA0625F312B34A5AD7F8919
:104AB000A88AF48E5179A35E66EA0947182C8C7D8A
:104AC0003665E8BD5A4E02AB7A21FC08AAA1052B37
:104AD000542777048D2F0D05A1725586B06DBDC189
:104AE00047E861D789A2D6BC2ED265280908C82C10
:104AF00035F569E9D8D772B393F899912BA6165773
:104B0000B2C425331208064BEBF8AD20CE9CEF3330
:104B1000E584C8DDC5CD708694F8699F465F25C1E0
:104B20004331B4491F33F1641F1F0ED2EDFCB7248B
:104B30009E55894BA4EB39D2283B3DFD90405582D0
:104B40004D7032A0DB04ED03C9C1D63C29CA4FED3C
:104B5000CFDCF3FFE8FA9DD6FD2E7A13C834CBD212
:104B6000F60F8257A0B3A51BCADBB72C662E92099D
:104B70000270C225284DDC74A53998AE4E37ED0978
:104B8000EAEF357D71E625AE78CC59E8DC9BBDA512
:104B9000B591DFCCF0BDD385E9E2CDF06A8FA752A5
:104BA0009053843F1E1F449B1020ADD7EF269F0DCE
:104BB0007DAFCB6CDA88C6963C4237DEA7493A71A6
:104BC00029F8AA847CBDCEE155F19D2C1794CE5FC7
:104BD0001332CA9732B2C1F68B24F0E6A46B72424C
:104BE00007BCA7088E532A67C952BE68E1320AB7CC
:104BF000E8FA63B04450FC19708459600EE2441422
:104C0000BAE89C180BFDD846C1004AF73279AFF3D9
:104C10003705FF5F1A4E2D0E61B4AD4BAFDE939793
:104C2000E4AAF488E8B37F42DB006DDE9041789E11
:104C300070B293256828A75C88C856DABB23EF4575
:104C40001BF5FB376AA5C5FBF6F3A49281FCF81BA4
:104C5000D9A71F9761034ED9B14F4A69F13827E9A7
:104C6000295ABD5809A89BC1F462B3C88E8CAE24E2
:104C7000214C30B12C07EEDD2751DCBC9A429496D2
:104C8000629127C6FCB2E9A63D7A5DE679FAAC8D61
:104C900012ACE7D4A67599B1E305BC78476698DFF6
:104CA000927358FA6BF426790F7EC51485E3C743D7
:104CB00077BE7301ED68FC43E98E78CFCBCFBD257D
:104CC000A3F6C45C2E6F6D4C08673D428D56BAEA60
:104CD000C9C0778877126B2390E954B88C88DC358B
:104CE000186BFCD44A24093573B7F2EC5A1F0B99A0
:104CF000A417466C3ABBCDDCBCBBDB2AD4A9F78732
:104D0000F18FF056650FDA9429881CCAD0DA253E57
:104D1000D52ADBA73966704E64C99B00E8FE8C7308
:104D20001291F52FC58E61A37A3779508DA54E4B20
:104D300080D8C58D62D2F2498F2498F013FD3F6F61
:104D4000BCDC92F30BEBFBB743C0B19173A5733698
:104D5000451100E77797BA3C005ED2D927F3079751
:104D600093A0970DE753467B2C2DA3D5CF3B9414EE
:104D70001ADCA838940867DBB6E75D09FC3554EB0C
:104D80002406A6CB302FE3D532B7A40DAAF02B27EB
:104D9000AC9AB2F6982F2AF0EDE93BF058F36C8309
:104DA000B72DB9312C2D999D5B0E00D15CD76AAE21
:104DB00014A4BED65965AA752038DA6778A1110BFC
:104DC000C28A2F857C47D9AAFA9F7AA113D757E4C4
:104DD00082A189E5A0312C34A2116751C13FE6516F
:104DE00080587DE145C55FFC5C82EDA7D2B9E1C783
:104DF000D965BFAB5F23325445C1878B20756C46A4
:104E0000BD2423CA778A8F669D375BCD8C4822BA32
:104E10007EAA20A0C2BABC521C6B97FAD8A5B2E8F1
:104E20001E309E6A246BC9D7EEB55827F053284F21
:104E300028647FF0C6D4E81832E041F271427C8CDD
:104E400026AC8F9855CE0FDF6D0EAE24A7C7553513
:104E500073DFC0C95711929930A1BCD54236245A8C
:104E6000049AAC33DA76C209C3BC1144AFD8CD037F
:104E70005C16A2C1F1A34152C15D142953E9BF4997
:104E8000B118778065E96596F51B4F976FC2114A97
:104E90005DB6CEA3336BDD18C5B34442486A69B82A
:104EA0005DBF16EADEBDBB728036442567B42C8B2D
:104EB000D0BD14C1B96B3A968C42DE44B4ACD0DD9F
:104EC00015276020E1EF63067C3ADB9C950880663D
:104ED0008B38B4184E2AB4BB6E5E166C4CB4D90035
:104EE000481887E19D4F85D717E8E602D9D4C95005
:104EF0009198DB2244C193D1DE4E51837D9EC188BF
:104F0000F275AB6BC743F783A51768BCCBBCF14503
:104F1000331DFC9D7A845E349F26428BEC9B058B6F
:104F20000FF3A4B913D29B6A039AAD939341F34B49
:104F300005E9A3B8C97FC52F3183C67E31D8CD32EC
:104F400046CEA7D9136AEEB11A92D3358B3CA00690
:104F5000411A0713F5C36DFBB0F95B1650837B80D4
:104F600054C6D2AF6EA5C31F372A77A3919D02CB3B
:104F70005B10AA3C6FA483410898E0CB4AF6ADC40D
:104F8000541C2582D7629C390B673872DBF6386770
:104F90009DAB83970A081B06842F08891261062996
:104FA000CFF8F25743E92FB953B9FE1273621FE9E4
:104FB00043569628BCDE6D402E5E211E3ABB5FFB39
:104FC000E06B1F999DF9193EAFDF2068A0937875BB
:104FD00009C3501FE64BC9D304FC4CD2DE361FFD7B
:104FE0009C123ECAE0B9853025D93AD2C857D33988
:104FF0000C9A554C6C700A1A6D570C6DFAE4543EBD
:105000006638EC0A973072A361A5170966820C1CFA
:10501000A4D13E2378620472658CB04BB38D0856E0
:10502000180301A5004EC0BB8FA9B1C4A5EAA24ACE
:10503000FC403C689BB44CDF258A925CB6C7DBC160
:10504000970C85852C97893238670EE87919A46FFB
:10505000EA6554566119EC15443A7983C7E334AED6
:105060007BDDDA872D50C9D86C99E97D7AA554404B
:1050700073C9399B7A771A2DE0C257AA8A6A7E15BE
:10508000D42A05ED82442ED8B60CCEECF0BF8A525D
:10509000B998279CC760852B711476BBE9AEF75889
:1050A0002E19F5A7D4A828041DEF011CBAD4E25389
:1050B000D984C7760F584A7AF380D860877A1982E4
:1050C00043277A2C89F2D739D3547301AD8750C363
:1050D000EE5342F728D468841100EEF37C9FA6C1FA
:1050E000622065F036BB7ECC6332E2205FA9868801
:1050F000AFB87AA40FF321BF739D40C49F1EE3F1A4
:10510000461E463F4D2C27E4A0EA57D33E55B7A391
:10511000E5C5CDA9DCF6E21108B3B02E2667F30B86
:105120000C8782B788D5521F6DAB9187DDE646EAC2
:10513000DC470841D41B74F02D3CE246879D87C3B1
:10514000CE3C876406835F87E2DD88A5460B652D2C
:10515000B2058B8DC2DA18E25D99BF2F97E216581F
:105160001B03F2A11B03BA84691924F8A991206AD0
:10517000F212E6968096E2CAFC7E96018F32D0E368
:105180001E59C766033F6D3C54EDE814D4612C6989
:10519000A9383EDBF42AB9482966B7C36835F5ABB0
:1051A000EBCE0A67042A006DD9D9726AF9E02FD8CC
:1051B000A96D0BF28EC042E8C69A644DA488F097A0
:1051C0008DBB97D100DE5AC9115966F9A933C2D5F2
:1051D00011134221554687B73D70F9EAB4810FD1CA
:1051E0008DB08D9FDF711D9ED26A4366382CEF15FE
:1051F00040A2401407E6CFB5BE7EF52C9C8314F781
:10520000EA1AA9399DAB9A2006FA7986B34DF2992C
:1052100031C08C0B1187C99F246966BC0AC43167F1
:105220003175C4645CCECE5132B89AB6A836D5106A
:10523000D0E447FA6B22DA88B4F9FAF8E293FADF9D
:10524000229D322E61006905E598C5F905AF31C987
:10525000CB90495798A16440410277C4C7D50CE66A
:10526000F31178BAD4B899649E9BDE09A437708292
:1052700036035AECA41C5A576F37E2DF53F296C933
:105280008823077EF0D01CE96A75A8ACDE53B30012
:105290003C1A53D807E4DE2318CDAB0F0B18F3E705
:1052A000B37290F5831B0C36F7D7519891A4CE4B6F
:1052B0004426542609AC2C25CDB9BE3BCEE197BB84
:1052C00082D3C7706DAD924855F0AF9B79938161E1
:1052D000D9E2DFB27A64FD9621597871C54E909E6D
:1052E0000206D82F1E5644655FF5E76A64257DF4F3
:1052F00098DDDB5FDB6F2709335B1028BF2A2A3C70
:10530000EF2CC1F64AAA4B91042E6C34E3C7E81A7D
:1053100070B181A39A616B61F152ED14D8ABB3FD0A
:10532000741B32FE35B6700F40090FB376BE2F9B4B
:10533000991E45197727A8A8F9423EFD5AEF5857FC
:10534000D31CDD68F43E0B4ECDDFE3130FD0334D9D
:10535000A2DD0C2ACFD4517ACACFBFE3B2E141F328
:105360000049ED93DCA65AFEB2FAC59B3C8415B504
:10537000CBC0A98E80E54AD3337AF9367D3D866D60
:10538000E628559B3776640A50AFE87EC39607AD92
:105390000504580833E8AC998229A47C6B3C0AB315
:1053A000D46DF8CCB80E20BBACD17BB0153E02A9B1
:1053B000C37C391D5CD0FA7C1964B76034E725875B
:1053C00035F0B9E4A3B47392B99FF142A2FFA2CF22
:1053D0001B762FB426EBB49D6E1CFAF483E7B34D15
:1053E0002655C541BC79AC20AF39AA3A5A28AD3808
:1053F0001ABAEAE957ECBCA22D4B6987EFDAD82A32
:1054000007B035486304CD83AE74E4CB993B36DFF7
:10541000F0D2054837CA69E82A4E27ADC758072990
:10542000CA09FC02E0453DB3C6CEF97F90CB83A20A
:1054300047DC9705D88CAA9D5BF376FAA6A4CDE647
:10544000D58F156E9315B3FE71D8FCBC6F9FD7A690
:10545000584E0930FCD6FB565042185B712924C8BF
:10546000110A433E36AF321DCFDA1431A522CD3DAD
:10547000872376F8821A7A24A3C9B84BC9D55FF876
:10548000D1551C574128217BCDCB4CC9C2DD4901E8
:10549000357D7AF63863A132A86FD9F6EB91FA64BC
:1054A00027199122FFC5BD2C132274A7EC117F7818
:1054B0005FFE1CBCD8266EDA7D281225D32EB7A736
:1054C00023BD1AB904508F1A54FD853849B606E534
:1054D000D978B9C7067BFFD79150E4D60D8C37ED4C
:1054E0002BBD47EC04B3A8023311BE13EC02FB91B1
:1054F0007D4C9B37FA68022DB3902433A42E302EB6
:105500002EE2E811A31B092B933205D5D7E3C9AED0
:105510008D2FCE084A80F8329A8B59917F89FCB33F
:10552000D982FF103C38D857235EE5F9E9EE3BF20B
:1055300090AA44D9788C204C45E788D91A3BAC9482
:10554000DED623B13953BB34F652D6BD313C7DDFB4
:10555000D6E4ABF338F78E0CE8DBC4FBFA416466A3
:1055600061A08877156F55F199A8EC3A4B31FDFF92
:1055700056F695A6A4BC58DF77143D5456997A3157
:10558000CFA771F312D1EE1DAB080FF6772EE41EF4
:1055900004F3495172A1C9FC323F7DD2D5DB270DFE
:1055A000C9875153609B610BAC952E1374ACFB798A
:1055B0005C78BFB1D50636F7A04CEB40A3C4358963
:1055C000B3F06D516B15AFB8485867457AF4DD609C
:1055D0008B090C9C730806566BF268AD22203D5C6B
:1055E000CE2C1E1B7B5C92FE771240A3542298F7B0
:1055F00034AD78C1CC1F6580CE9573A38AC883066D
:1056000041E79CB3F8E4810D332E109DC4C0119E78
:10561000485EC7E7A17C0671D1CA43D08C84B18FA4
:105620001B5BF03528750515FC719485624D6E196C
:10563000CB2267D43000C08B4831ADA851BFE265A2
:1056400061A06A519E8B9055C1385985F49925CE39
:10565000581454255DC02E3194DE0EBB5DD68EE706
:1056600059E5E85E8FA597FBC616AB3064B61C2ED5
:10567000E395D41AA1A671E202E2737515FECEF588
:1056800014AB0AAA04684C3E2D100EE068633FE894
:105690003813AB5F04803775D4C5EBE832EE73681E
:1056A000C7C0FB00ABFB7EB719E26B24BA938E71C7
:1056B0006EE9D1E0DFE4D861A3A07D03DD5C06885C
:1056C000873E34846F8C027BFE47E1A88CC1118138
:1056D000EA31D7F8D8AC78A510E15423E0BCF85BE8
:1056E000272964B5847E69267FB59811E01D751B56
:1056F0001BBE583C1C46D10EF28422D0C30880E267
:10570000C66C2166C9C3E47073AFD46D0D9CEB1DEC
:10571000F49EFBBAEEA1254A25E6842983DD5EA02E
:105720005B3E4739962FAEE96F538D0AE1C7951A54
:1057300075E6AB3455EFCB50EA36B0E73FEF410AA0
:1057400055C212E2F285878C5FD02E5CD50257B12C
:105750006C50B77EBDE54663E26C7997469A43B9D3
:1057600085302236B6478704E741C4B5927D95411E
:10577000ECC11D0DC7690CC37E5D80273238093826
:10578000E3665CCF97C5D22D0CCCF9A2ACD4996757
:1057900045FAAADAA538A8187810C7B764D317292C
:1057A000FC7457628AB8BFB8EEDCD13B5D0C82E76F
:1057B0005E42505ACFB24A34A65C74A75F614A1762
:1057C000C6D6CC5F20F8E628F874C707A00A3D17B4
:1057D00038D36B618DF21F24E1293643FDF1CC5A99
:1057E0003F0F9F0204FE0809FD9CB4F89111E41BD1
:1057F000F7212AB11009C5700F278C59CFA29CEE52
:1058000069EB51C7EF23305010BEFDDAEE4563ABB4
:10581000EDA741B09921065192313B9022CC02A2D2
:10582000854E7072D479DEFB3B29C060DBE3BA3D64
:1058300069C7CBECB75205407D0B10A58D4736A24A
:105840006C642D701F8DCF336751E4A929573F2C0D
:10585000D5E5D9667EE13BAB4C4D008C1B6C2A092B
:10586000DAD9FE3AAC8C9675272A79954449F52009
:105870002E4296194D058DB3FCCCC6DEE2E0D20C6B
:1058800013D0F90454C47F8F0DBFB2DCB2DFC50E54
:10589000993FB9008749882943F2312D3B5505F3DB
:1058A000CF8CDFE71E35314189463EE8FBA9520621
:1058B0001C60A07FA50473CD4FA86B26742AAF6C23
:1058C0006BA8F7B888D3FB8B3B3A939FFE19539A8A
:1058D0005656F24B6F8BD69AF6F556B8EFC567BEA3
:1058E000BE42AEACA7F41361A09EC05493237C3992
:1058F00063251699E10EA7F51AFFAC450381BDDCBF
:105900003EA5274EE9811DF6BCD2884940B7BF8429
:1059100061DDCC6EB6FE34D006E21E7480402DA848
:10592000AF3C0E3BF2CA8AA6721C423B9CCEFA4A9E
:105930008B3D3620695B863BCF1BB4E011E1AC5652
:10594000E4D566FAB553800728280BC63975DE27DB
:10595000C1A262671883C7482281B75150A8A6BC6C
:10596000F23980ABDDB1BEAA28015BD22EAB763313
:1059700006445F9B8EDFA0649E190AA6F8C73666B0
:1059800093061598375C06E2B8E3308942F2E67474
:105990001A73EE6485644001841D6AC8E75251AFF2
:1059A00065CABF1F7108A2CC883DEA1F153167C9BF
:1059B0004F83DC191ACB5A3A4BBC15BD6E522A5C88
:1059C000201434EFC81936A46CC920C82158C5ED7D
:1059D000F4FB7A9C12B1B494384B241BF8B1E6FD69
:1059E000457F6E6742A4300417C0AC055E065402C2
:1059F000B6F5C9F9A8779D872A2B68FAB61EF2B7C3
:105A0000884BD527D4BFFD4F56C57FAF8B9EB65A66
:105A1000BB2DA58BABF229DF253606069B2F1C8DEF
:105A20000352D7F9CF240288692D1BD2EAE3A82BB1
:105A3000D04CF2AC12EA07028DC5871E2F8923696C
:105A4000B234E415936A44A784A9F23431D788CEDE
:105A5000A7F7235AFD8006443538E21437DAFBA74E
:105A6000508482CA092BB22CB43AA62F3B51E6AC23
:105A7000B526C75A42EA04D28F2A3876A4842BCAA4
:105A800043DDD11704A079EEC01CF16CDC8C9BBF08
:105A90007AD9472B58BA0636182F80F330A704C896
:105AA000E75A6C0AC4F67951E72FAC1C46794FAD22
:105AB00023E803EECA4D228344C0E30AAB5EA0D6BE
:105AC000961B0C72D4A337C01F30CED21FB6A98A42
:105AD000746E7E15830448EAFE6D8318D46FA42289
:105AE00016B5511A0C0ABF7A05C02CB6898F25D27B
:105AF0003A0D41E7DD7793508884447525744E88CC
:105B000081BB323AB2A1F6AEDF2AAC848EF71374B1
:105B1000F94A9EB1C68AC407D5E10F52E00925387B
:105B20002CE7B9362D7E2433DCA4022FDC9798FEB7
:105B3000E6B24FCF8F1FA9F692588403945E9C065D
:105B4000934D28EDF212EAAE8075043E13421F37E2
:105B5000DD1DBBB6C97BA1C9B771B402FFA1EA596B
:105B60004C48895F03B2DF652266E48B94F2E08AD9
:105B70007713E1F009194FF2D99D6A4CDB9D74B996
:105B8000A21ECFFF3071C557202E0D8427588049A3
:105B900042677B7FBAA0E4CADBB67FCB0A33F6BF8D
:105BA0001A952320C46CF87EB1EDF5E1B1DA95D4F5
:105BB000C90F41627FA293E48406A7828711ABB725
:105BC000C3BBF34957F79D5716B36005CC0C51235F
:105BD0002C84CA48E74B5F7D3FFFE7B33536DC884E
:105BE000679876ECDD2FCFBA10DD807B907AB724F2
:105BF0008281C3DCA58C9D01E47619056CB22D84ED
:105C00004FC4475D116BC1BCE48C1F5CF594532DF0
:105C1000904B69A9D981484A111626FD225C95F658
:105C200028B2750CC33EBE08EDB5D2565FB8ABFDC9
:105C30001B69B551A121C2C29A8F8E988E59E94530
:105C400088A5F985F9A0359C67013CBF8D824F433B
:105C50005EFC5ED431720DA2B914FFA20D909D1AA4
:105C6000DA11863B95345D6BEFB98C8C24DF42A052
:105C70002C42B686FF39DC63DC2D7EFB8EF49A392C
:105C80009627A855CDED019C77254A536F27ECE563
:105C90008DE9042805EDAA03215928F4197489F225
:105CA000A0BC70C9E1729D86D70D931BF729CAE489
:105CB0003AF9E44FDEE7BF7716ACBC6F2FBE2AF38C
:105CC0000B028F7421B33A162191B1FFE38D5D81F0
:105CD0005CED566945CAA8A2DAADEE9CF8FB243902
:105CE0007B427DE7A9491912ECBD04F40B767D15C2
:105CF000BAA81BAECD1DBE327C308A4B4D4DE58C13
:105D0000897809749BAA106A0A9C7627F36CF1A71C
:105D1000C69A29492A4DC4C0580DD45CB87F19B021
:105D2000C9A392BE6FFDAD2FA46F0BEEEE2F342BE7
:105D3000705F4DBEF585E6FBF9291E5B59F9F1351B
:105D4000CCAD507C821B8FA47A31C50CF1079ECF5D
:105D500024B2AE9FCE6AC19C8BC758280D73AD0F7D
:105D6000B850C8CBAD984CA33CDE4F5449652AF4DB
:105D7000D5441E1264DFEB5F677FE1233D5B83A6A2
:105D8000BC70DB12372900B1FD8259B6ADE6319FF8
:105D9000CC426D1CC433E3F09064947C0E6A1FD532
:105DA00081996983CF11871B6AB2CBA9229540F9EB
:105DB000FA676F63D1ABC27B24B17FEA88DAF24B1A
:105DC0008E70DEAB3204FCB61C405E3453700EC8DD
:105DD000F54524976796C2BD70682C39AE0AC5F3A5
:105DE0008AD2C3BFF541CE2290103FDCE10B00A464
:105DF0005CB8E946B6DC9F1CFD6AC6A928691A6230
:105E00003237585F26364BB348D3229AEB29DAC48F
:105E100019B07185272BC9BDEBC4FD18144F432E53
:105E200097BB7139A8C51C68F28C86AFFD9555CD1E
:105E3000F058A306CE16AC67101D75F36358EC5BE3
:105E40006CEDBB886A41677F8E4790D5C2E6B8DEAD
:105E50000BDAD2F917BB1EF727F66CDF0DEAA81C88
:105E600030C555B06874FB31C646C7B3D1BC38865F
:105E7000E424F0DFFE0898BB6005D93CED5DDA8EC6
:105E8000E94AE95087AF475CE2E1AF49F41B70FB98
:105E9000634E2919E168F1F20919A90AF2F6181AF4
:105EA000449BF07879F21E9E48D7CCED75634AC1C9
:105EB000B1F09878FF87C3393BAE0546FAD8C7647E
:105EC000AA1184A5BF69CD7B7CD25993555C615BD7
:105ED0001045AA8B2694628F230196ED0F46459FAD
:105EE00099AA21AA525617EF735F7FA8DBA56BD53D
:105EF00095B8DAE2AED92149F816DFB64888774876
:105F00006AE890A34B096173504840E4FD11F7B96A
:105F10004ECBFBB1A93853244307B7DC6896D8B3FE
:105F20003968A7EA4D08D27125AEF6CA9F9E4E2E5B
:105F30000789E899E225D1FFF6C5B2DA231E42D6D9
:105F4000B64102186B61F3386EE9E4065A48846B77
:105F5000972F898B94F2F6D3EF8FC0DB536C98E3C5
:105F6000D1092370278EB860009770D37BCCAC5ECC
:105F7000AF6B9DAC7D40F2821904FF6672EC294D37
:105F8000EA2616A1A2B70C2A9FC1537F554FAB66D4
:105F90009161D224DE32ED20F85C4BE89C0275273B
:105FA000443290292E316E8B22200431D0E3DE6101
:105FB000D9B7A777E6FF0DD3821B9575F0B36B7E3B
:105FC000CEEE5738C239962CB2BF184957CE189723
:105FD000E03AFA2693C547BB90C2996B89F47F08D3
:105FE0004698C5D6F58F403029CC11DE1E40698B0E
:105FF0008FDC47210F732FD74162E47376BFA13541
:106000007256343EC6AB1248272AA252DBFFD66531
:10601000CCBBEA19B13F5131BC9E63DD1AE5D91FF3
:10602000153BE57828AF22B8FCAC93E8E3F87DAEE9
:10603000C5DB7931B1F021D1824D1470941FB35F6B
:10604000B4DA0EC57DF58B78AEB1C8A69D36335D4A
:10605000DBC3961547ECC1DF1AED42EA8060304D94
:10606000BC7B18A7D2F6548268637AF24147A0B984
:10607000D747A6CC6A229C31C23E43817900B89FA3
:10608000C9918AC3CC2E82D2BABDD55B03ADC3956C
:106090008435C6A05B481B5BDA9C176E6E38F9C866
:1060A00053A1D5620043FD7E520EC9D0AC2BFA0736
:1060B0006577A5A7B39D2C917F6EE4266796CF8B5D
:1060C000CBAC383DD1D6FD0CF669919F049A683966
:1060D000DBFA0D95507A9E5F14670AD036BE9CEBB2
:1060E000A4B06579FCEA68D049D678309B365587EC
:1060F0006BFC89895401BFBF3EE3FDB9D3DB4F7C04
:106100004F5DA73746E88C6FF8E30062C0E216BF28
:106110006B49872F3AD83B608D5F5902AC82691278
:106120007A7E1AEA96EF8B5392E4A19578AB1532FA
:10613000123272EF4C9ACFC93154905DCDBD85ECCF
:10614000D5826EFE0A7689B7FC1406ABB3E842A787
:1061500028553E8D152FE34B0C1E3C7D0568E27AD9
:106160005A1470284E7BA6F5C0694B78D7592BA8D6
:10617000B007BD6514CF61D558114772A65DE1B572
:10618000DB7B4FAD3F583415A887E3FDDBCAEF5BDF
:10619000E8D9EADE2E7C8A2201331175BE9A41616C
:1061A000A3FCD8E215C3DA84A70C1119FDF9B6A235
:1061B0002557448987D4C96F4B3537B6DB06FD6454
:1061C000078F50A4A4D5221849B3F9E3BB0C55DCC2
:1061D000437D728CBD3061B9BF62C782FD621CBC59
:1061E000E396D7BE3C0BAF43E44C0B875730653684
:1061F000AB0B6CD9BE8E17584DB684A7127AB2FB82
:1062000050B18DADFF9ACBCCAA838E707C029727BC
:106210001FD7B6F38EE031F3BF389115DBBD4F7455
:10622000C9FA20981A4780B413021C26E96CCBB730
:106230009682961A3CA22E9C42BFC395A96E4D2908
:1062400043369330A695D3EA73DE727F34EA296031
:10625000B4A86D8F48B904E535B803039D4D5FE7D9
:1062600065530813B000013D60D89A6665BD20E211
:1062700006B23CFF76E58E8E3E9131C361B843FB9A
:10628000C81ADF07154C458E88AA3AFF5CB1B321C6
:10629000EB90DA72F4BE1665E481FA964166A21DAF
:1062A00099B5C9D539BD97A0F6BE4AD71B2E87A28E
:1062B0005B2E5907373160F7C63011B798565251E7
:1062C000D813D81AF0EEF60311B9F3CBC746F15B39
:1062D000C09C75A7129B69945B5DAC414A8F0250CC
:1062E0008F62E7693BD1796EE8082007D492169B4C
:1062F0003E5BBB4EDCD3B80316691D8F3E4723C5FA
:106300002A7FE5BDD9C99B85EC51632762124C24D5
:106310001C35EB8208CA11A1115C67DB9D93ABC1F0
:10632000381100FCACA6B16565CCC40660ACE2A235
:10633000388D9E9064119A26BEC14DCD10669B0982
:106340005FCE6E4AE136CA2BDDD613E79F1BD6829D
:1063500066D57647C098085794F535EB564E6B27AF
:10636000191CDF3050DF08C86ED7A436F0A49FA2F6
:10637000AB9155C5918C26AED7DDE32E34FF2D2889
:10638000297A74FDDEDFD0E5D6C931F3E5D21E9758
:10639000CA49AB1F3481087BA773C581D6D22107B8
:1063A00022B1E86EFD0DC0E6DBCB52AB7EEED0D85D
:1063B000392D092EBACC5BF240070FAD7C2CD01ED4
:1063C000EF2B9B84A25825712BF15EFC6C30C056DC
:1063D00039E21B4DD39F5B1F676B65093122A11DFD
:1063E000948A128EDEA9F0CA256E40BBD6B429B1BC
:1063F0004DC9CAC68FA3BAFE30887622EDA5F1BF7B
:10640000CF62FD46C25BFDC5ACC6E77C54E99B4349
:106410009D6F93BF8948F089A1680599AC452279A1
:1064200086675C9325D2FFC82AF11A665FE4B03F05
:10643000F8BBE6AB9C5228584B0A25BAA415645900
:1064400043DCF81D0278BD4200DD1088342840A0EE
:1064500058EC1235129DBF61AACC7DCD77D267E78B
:106460001F3D066B92C69A2CF0D5164266B2E2BD6D
:10647000DA98AB1B13C8F8904C18633EA91BD4F2F2
:106480003801BCD98254C2194FE9ACE86CBCD6982B
:106490005BAD3E61FEEA940C3B5C108BB2FE389023
:1064A000AF2115B3E5B6D1DD98271691A1A9AE812C
:1064B0002187F1DC7B5DDB2468C0D2A6E8F50965A5
:1064C000F6D7F903B95F52F82ABF140542B65A232A
:1064D000D1C725B5639B0F0DD06CD9CB236770DE78
:1064E000F087E4736FE217B26F99238F9A33988B1A
:1064F000CDA43AFDCE2AB1F2F3B849D034781E4685
:10650000EF0BC1EA02673384C405A2AB9BB9F9D78C
:10651000D96F0992FB8C6EC6DF1B506B5218EDE0F1
:1065200042B492D9591E6D6FC1AD07414B110B0C8E
:106530005A354927A03A86C12CF6BC90E96BF0D1B8
:10654000B40A70BBBFE4C038E35CC7A85AC8EE7297
:10655000D4AEBDE682D074FBC231416196A5614ADA
:106560001EBD562441BCD3F9F253417E36B4E660D9
:10657000A3B3007AD20C8C4785AFDE45499F35FC2A
:106580007125630762247EF078763103D63D13953A
:10659000C4DB1ED9868088A9250A5B999813B62189
:1065A000420563E854DCE31A52C9F98E1D3837A658
:1065B000A2086833E6D3890C36057D25FAE46F9985
:1065C00097804B3F211165FC2DE20CE261C92CDD67
:1065D000FBF2F44C97D95FCBBFD1F3F517AD560260
:1065E0007BE3361654CFD812BD695266DBFDB9562F
:1065F0000586F474514295104E39228A6701D939C3
:1066000005F376182850917AAC505A917EAA0DE481
:1066100099A9F50DE10CD2D08B5B874FFFA070FFDD
:10662000BF191F93F0B68F719D3DEF839BD022DB86
:1066300008F4DBB580C681E6A0A5F9A494321DB1AB
:106640009A283A9A9918571093A713322F7927EF5F
:10665000B30532BCEDD07439C90B55C2EF93214A52
:1066600031DE275127BD003044C1DA8126E0450CD8
:1066700064ECAA9CF942D3F597175B92E975D8BEF2
:10668000483744752C833321B9B0F053185C726DD0
:106690003C44703DC9279A30317C7BC9850849FE4E
:1066A00044C7E3052AAA94843A8C76343889267440
:1066B0005927C728A7E26B66B11BFFD1CBB6DB9287
:1066C000ED978E2A7CDC7DD655868919710FC6DC44
:1066D000ADF095CDD7C4123A9A67FEE3A8FADADF97
:1066E00058B710261005E5936FF5B34D7A00732562
:1066F000EEC5FB9D5A68EC50DD0D3E939BA58D6C5D
:10670000128F8249EF8FA65B8078C99E84F20EA912
:106710003FCC04545084F7E6E6A2087AF79BA46CB9
:106720005AA6C37320D0523AFCC8B1D596377143EC
:106730008229FB841B3C415FB8E597484884187761
:1067400097E0A3E75B25573D16E57591444C05AAF4
:10675000FB7F8B8DB74FFD7175F4EF0321C9556F2A
:10676000F7EFACF9A04DB103B6BC978842B5360639
:106770006E2BDE0B940B379F2F34601AC4E22D4B27
:10678000FD240177A0B8F89B6FBBCBFA60A83BE96A
:1067900091590241B24CE227F5DD7F92DAF2525173
:1067A00022AEAF55B54C99F6979914A418940519D3
:1067B000CE23F8DBBA1F809A1C94F1F79E82ED0F6E
:1067C00075A56E156CED39F78F10C8BF8608F7AE4A
:1067D0005E8279937EB1B153EC332EC102241C1238
:1067E000113C6E28AA85716220251E0B2CB9198DCB
:1067F000C1E6786C45E0E96B5E3DD1720D951C0FEA
:1068000079395E614F1D2610633D354F8049CD10AB
:1068100035D33C135B2D7E50CABF4D11E0CC18B16F
:10682000D1E9C2531EC6024997269A77B2406BFE41
:10683000DE4D9E68CBCB39DE9F0610650C108D6453
:10684000BC017625B2806478CEA0CBC5450883FD17
:10685000E6251666023DF6B612E7AF0749D41A2EB2
:106860009239D8AD47B94AEDA6423B04EECF20E1BC
:10687000D4743420CB1391CF301483D0D655C4F1C7
:10688000C1C1E03C1AA57C6575CC4358E1428E50ED
:10689000ED52C07C610D97D533B9A1FB407A392CFC
:1068A000951AE0B0D86CE735F6B286B6345A2B4F5D
:1068B000CF31C6910747C012B77C30223C9FE59B81
:1068C00088C24F1089CA2A04E1B6DF365DE584AC80
:1068D000049FB236B63B5F74BA2BD7C7818109EBF0
:1068E000A35A99BAB03E6B35B80BB1562A1AECAB25
:1068F000696675967D4772628A9B9EDCBD6A1270DE
:106900003E9D82A0FFE67BB70C5235D3961958897D
:106910002CE1709A4548EC115EE8006DBD2ED7D38E
:10692000904A13160DB8C35846C7CB01BE7FF16E0F
:10693000E04219109163989FDCE668481540EFA388
:106940009D203FA5C35A090A4EE8D341F8C741A08C
:106950002CB92DD08912A3EE62DEFA609644BCF306
:1069600080BDB8066774B49C2E359F8E5D696F84B8
:10697000B40C231BE3DA5F5A669C399E6B341057C4
:106980006B1917EF5BEC98843C3764D1F7905C523D
:106990001C82A1EF4F6536A9F8D84CCE1700D9D983
:1069A000A77502D9641F3B844BAD8264352929D574
:1069B0007417312C483EA2BA7FE030100B9B8854EC
:1069C0004B11FC37BD20673BA33CCE61E9953306F4
:1069D000A76C01D50A5263974AC1C01A0AC48D2D0B
:1069E000CAD9E7A84A2B98D81F371EDB8B39A0C518
:1069F000271A6625F6CC5C9F2ED909584249DD54EA
:106A00006C0B13F8F3613569BF719AD01283415151
:106A1000A4E62003A515F346876BE6154DE5E308CC
:106A200080E724D12ED76A6B28E538A36F666F8E76
:106A3000A8A42146D58E046FD5E5104F69E7D81478
:106A400084653DC89807052A47A12F3B1CC926B479
:106A500008A781ABBD96E84B1BB47E1B7ECB9E94F2
:106A60003AFF24314414A848BFA83119961A5C860D
:106A7000B0C8C4356D57594A5880099BBDD4D84118
:106A800067B7FE19532B2AD114B6F03733A4519EA1
:106A900096948086CC04700D4D695A638B149B4884
:106AA0004E136FBA8ED5C75BE4CAA07A1AC4DC4C09
:106AB00032E9B3B4C95F7E044FCB70749B8D7660AE
:106AC000C0F8FF6BF8EE3BC3D6DB6D1826F0599B80
:106AD000EA55F8507FB30FF00FA39D8C35AB0163DF
:106AE0006BB6C4AAE0FC85AB78FDFF14B9B33FAA2E
:106AF000F143CB4D8744C3DB854B8B98F5C31D32E7
:106B0000BDFB76190C0CD928D2F1511B1AE014B533
:106B100020C8A6B46EFD82F2FC0C3565025EF3E47B
:106B200081E0E230BCCFEEFD99C94786F2E7B83D7F
:106B3000065E44E5891616F22FED84C624F80F226E
:106B40002F6535C2EB7A3FCEA8489FBA49C9714636
:106B50000FB37314A0AE6085C2A0DE83E29153032D
:106B6000F2C635E7EB7EC857AB48C39DB6BAA56CF5
:106B7000EC1DB522D85B0D3E7AE750B2EED9858C7C
:106B80002ECDCA9A42F96328B8CF10D15AA9EC94F5
:106B90007AAC56FF28A4A31A930B137CD6C79BB3D9
:106BA00013A39E607C52EA0396E8BEE4F4E251111E
:106BB00048A42E6BB0BED40F468E4C023DB7BA56D9
:106BC000494C2CDA76328BFFE08886ACCBB31EEDD5
:106BD0004B4E1D799F1D03FD8219FEF371FCD7F109
:106BE0003B4570E93D1541DEE4D68DA7E98E55D3CE
:106BF000B1B99ED429E387D233CA8FDED7651FFF90
:106C000078D1064E5FD398972D080E0C7A230AD6BA
:106C1000A2D72EE743167004C2B19ED92F3DB726E6
:106C2000B676885F29D0FCD3498BC87E2F76D8D71B
:106C3000E045182412B2F7C4EA7F06AAC1BD363D6A
:106C4000FE801333C3A04F9719D7DA96EE9A0ACB7A
:106C5000029C22EBADCB68E5DF4C9909097F174315
:106C6000A89E08A6EA88BF4E59D6519546A608F0B8
:106C7000DEF27D648F8C0E796679E002A95FDB9687
:106C8000E63788B6D078CA1EC91B8BF88EAFB79886
:106C90001A7CA86439925BF98CDFB3B679061F8839
:106CA0008A06D14646CD75B392EAC437477252D3AD
:106CB00096C9D6870A3885ACE755C72D3B97384E1D
:106CC0000FF88E094D2EE967CE2F8B0248663826C5
:106CD000AEF37B3A2DC2CB24E704CABDFA1B0E7477
:106CE000102A4012BEA99E8465A8D564EFD4F3AFE4
:106CF000D9930ACF76B2CAE8D3B633B0F25A6C3021
:106D00006DE4471262A5379427E636BD65C1D1BC54
:106D100027C4F72C9D467AC7D9FC1463087996D00E
:106D2000B0DD332463583E6EE5BD7A9498E0ECEE16
:106D30005FA5ECDCBDE8F424FB9A9E6963791E8CA8
:106D4000E9587FCC504C094F81C14ED1CFA0C878B3
:106D5000B59EFC7C684DAB4A4CD51A92B153AE5DE2
:106D6000DA8E933CA4F90B11FE6E79F70873552B5C
:106D70005EA461C77ECB5D5D43EFF8D34AE1502D41
:106D800091BD0418F23728C2A5D94FBC0A6D37DB74
:106D9000AC8A2273B4765BB1E589C1F2B47A8CB067
:106DA0006D4AEE675E7C7DFC515FAB716529CF0754
:106DB000654AF850A7AA705B3E913CDF49496BC910
:106DC000C8F40B03317FA3E72639F854AB2D1C110F
:106DD000267EEE8C2AC801AA001833C665460381B8
:106DE00041441A1795B1D1D35B42559613ADA7E52F
:106DF000CEF6C7B168DD617554D6504F38989FA95B
:106E00002303DE49F726618C6CEA2F465B2CB0DA4F
:106E10001C8C323D5A12060FE09DEED56E56245E54
:106E20009A61FE8271DB5EB65FDA480D49C0264B7F
:106E300039996A011DFEBF7F432F81F72F7387EEBB
:106E40007693C2358D131587905BBFF679CBEFAB88
:106E500057177455359BC952DC4654787297F55EC6
:106E600039CD327670BC92114DA6395A3C6BC9EAC5
:106E7000E34F4298F9DF3F1077CBCEE9012992E842
:106E8000113B3E3D6D32D52BA80897995C9C76212D
:106E9000002F0EBB91EC854F2AB0212537D9E8FB96
:106EA000F5FA04154715A9BAFF924E073A54DC01CA
:106EB0001FEC54BF142A30E76FA5AC633BA574598F
:106EC000423FF535F296B71EF7FB1392AE52DD1234
:106ED000FE044CC45812D20D19AF397493F1B2EFBD
:106EE0001505F2A1F8E5A5C7E35CBC8F03855D3805
:106EF000221921730ED688E79558DA9273829D4E37
:106F0000CE8D719B38AC529C7F6F75ACEF6BF15D91
:106F1000EFDF685CC9149D88F590716A353088444C
:106F20008D36FCD086DBC03D2E82C07ED156EB175D
:106F3000D9B118954ECE0CAF60D705B305A84DBF9B
:106F4000AADA72A5EBE5BF9E09CCFD5B68CEA4036F
:106F500022EAA9BE31FBC9E719ADF56C8995F39614
:106F6000DB3DE38950F6A34F4EDD1EB5EEACF2716A
:106F7000A531D9A89EEC9AF4209D3E7EB74E207D87
:106F8000631D380E4F3017D7054D8BACD947BA86E5
:106F900014F9BBBFCBB18FE1B8E1C5E2A91CBE7843
:106FA000B2636B20F300F7171EE1D72E1330486948
:106FB0005DF35BAE4033EA80149AD9DB24AD18B19F
:106FC00079317F2FC253980F662CA9669276901F55
:106FD000A74BEB8525E8AC1E27A7AA143C6CD7501D
:106FE00033BE591054C7EEA9991988F582C3A7E397
:106FF000FC35897FC413B812E20B34A53476031D27
:1070000040FB5EFE90EBDEAF76DD6DC6D7C4693B1C
:10701000B49ED9E4DDFAD9C1368F448B1B485C5647
:107020008C04394E35A3696ACA609DFA4B0A8A4CB2
:107030000D7831B5D087522D3849DE21619BE1A111
:107040002CB020168C5AC1CE8B0683E83DD924E99A
:10705000FC4C68765BB9ECC760E27D998815DC165C
:107060002D15800AB5D8CE16780647128016C1B401
:107070008C24E504F3AE568933387162664498D4A3
:10708000AE86F390CD1109C6C2B3AFA7E9D7FA1304
:107090003AD7A144CECD248C1AA94C867E6E648248
:1070A0009326A92A372FCB63B94D277991763A1DBC
:1070B000366D31498C9098182F9C191DF60D1C5275
:1070C000C693D53010412EBC98CFC6C9BE6F52733F
:1070D0002BB07DAE12618BE17D434B69AC760AE744
:1070E000B1557EE40EA2BE33C4CF3EF20160E6A2EB
:1070F000596909F18F6FC4517E99A1AFEF5009A76B
:10710000487744847495A42646BAFE976EF7ADA3DB
:1071100093BD17F7F42E8605177017BCA2F18A14D9
:10712000ACAD57B83F8766A4A8CD13A53499F47ABF
:1071300076F9FF7A3FFB71E4ACEEE099FF5E838362
:10714000E2E9856AA92C796FC1261AD0DE1FB6A2A2
:1071500014BEEB83B59BA6ACA0B1FA42E6EDB3C872
:107160005B6A8F7662EAE35776AF80887DA1F64549
:1071700079289603E1F72AB48076207B8255A17F97
:107180007BA4A01B6790623E07214005E4D316EB69
:107190009DA1F141D30910AAADE9BB1BF80E987A65
:1071A000B22A409F6E280452842E24AD71A57D4ED4
:1071B0009BF0694667D08A3E73BA3EE7536CDB5258
:1071C0008AA82DF0DE1BF38D0EAD72C744FDDD5C89
:1071D00077B6934CFC18C4DE269A5A659588E6FD6E
:1071E00056594CE7ED6B602E2088404F893953A2E9
:1071F0009AFFCDD5239195350AE08B05D1F459E45A
:107200006E515B02BBA47871BD665247066E1110C9
:10721000AA480377A6501721D96AD2F61C68F975D7
:107220007A4E9B81BF82408882636C40A1E4BAC1E0
:10723000B1D9194EE352A8921F3DC0FA28E28961E4
:10724000289B8984D8500A5B26B4F255A6BFD4E6A1
:107250009524D953279D02A0CCA664FCD4151154C3
:10726000A96C4A48E0A29A8A2AF493E4D8FED3B3E0
:10727000CEC26B013AB95DFAD74A35B14451BB1958
:10728000CBA74500C1CE02CA1E5E30ED6DFBADB886
:107290009B4CFEDEBDB40BE890E8D3D4F984DE66E7
:1072A00016271E1FD82D5060F92C94AE322EE137D0
:1072B000965465FE2C86EDE6D14234D8E6BFCFA3C6
:1072C0004FF1368A3BFA12EA2C15F742025D859B94
:1072D000C3AA9D5E249600E952028B78E734DD61F3
:1072E0008C4BD6E28BB2E97FF076001B092D93EE32
:1072F000E86C5E2E6068458C4F9764723213D41828
:10730000EF83C1BA5A2EFF514934D09C72ADF0813F
:1073100019F6B80EA3AF09AD69136548B119068314
:107320002995AEA1507EAB60D72CCB9E6B0DCF556F
:107330009DE9F9590E370D7F1D70A4709128893889
:1073400062F018170B0F3FA026EE54C500560EC46E
:107350000DC31B6DA4FC1D3570D0A5605617089693
:10736000246C27026169FB8B4FE0621B9DBAAA3D2A
:10737000D0BC7F431B5ACA988169DBE5729C287D8B
:10738000892C597182C86D4B2C929C32B45B750D5F
:1073900076EAC7F3C689FFBCDDA9E1B494C07D4994
:1073A000170F4DAE22DBB1BE1D4148AE6A4DD6D798
:1073B000FB21729100AF4F13BC8129DD243952D6D5
:1073C000711F58FCAE7D76A0B7F00ED23B070BB014
:1073D00058E8BF3278C205A54636BAE46231E77C88
:1073E000E0882805CA871FFCFCB4F642BD61941AE8
:1073F000D9E01FE92D48BA15E50ED74B9968A79D2E
:107400002671F3BC3D021AC311379CA98A89AEB715
:10741000E3EE8CC6E03DB81068C943C8A1018C9169
:10742000C933ECA91630C670CBBFC9AAA10B449BC7
:107430008D335EEDB8FA823381CE250C33025B21A9
:1074400019442457DCF1784E168779CC9E35A7BDB8
:107450006C398F8FC2615013924EFD321A861CF820
:1074600028010BE7FBC1EF6E61F53835AC08E7FD8D
:107470001B01F85A0CC5F7521D638E42F229B22344
:107480003ADDB21F6E83BD2A379534607ADBFEE7A2
:10749000B1D604632F13C12BCF90009626CE58E3AC
:1074A00006CBA39D8E4DADE6B7B289F2730952B6F5
:1074B000FE7A3B427082C1CF9A8463B976BF42A5FF
:1074C000D44A7070B386458D6A38DADB558125DC85
:1074D0004F9E8C117DEC7CD24BF6CCCC8E203D7631
:1074E0001FA53D5E6BDC53EFC8489B6BB5D37E6038
:1074F000D4D49720728562A292A28EC5AF422E5B31
:10750000E21C338C8D5DA2DAC05B334CD20BB8E544
:10751000860855A4FAD11C67386519E07B1253928E
:107520008AD3C912106CCA162018126F68AD96273C
:10753000F65ADCF59FDF70EE2B685C5C90324F9B57
:10754000171E8E9A6C6C02BF3C43953887003A87B1
:10755000E313C1437A13A9DB67EDEA15D57093CF26
:10756000F6DD2CB6C1BCBBA84FCCA1C2960CBF1592
:10757000873C9AF1330FE856251C29C140E8E1A069
:107580003926B3E9400FBCF711C8C0AABD1D6B4036
:107590006EC9D49ED31EE1C706D67FAAB94FA26F8B
:1075A000E0A42F4261BA9B86C4DCFAE061C49E600D
:1075B00094BCBD6DCCCE14BFA7C78BC750D4C8EC4C
:1075C00069A2B28D461B68A868672F467C07378B77
:1075D000C3826FBC4DAF23A173B921D4ABF1052495
:1075E000FF36C95752745BBE3F758BAC690E25B22E
:1075F0006DB4C012224FAE6BFD45FAB614E44825B7
:107600004F93CDFB56C4A0F8C49422A81ECC4115BC
:10761000F1FEA92890288667F93DB4A4A9922F45C8
:107620007E64BB4EB9D66057A2A5C70249BE790990
:107630007B55CB3F417FDAFA23CF6ADA3EDDD9149E
:1076400040D189788A67EC89AA056C7939C4BBCBAB
:107650004866BE8A48853EC0BBA835DBE16CCF9347
:107660004F3C5C5DE3ABE667B0BFC24B5EADB3C001
:10767000D83A515BD6A5C631B26A7523ACB572CB88
:10768000E0F66FA522EF72499042E0AAC5AC120E57
:107690002640F66062A434B24274ACC3EB5598D86D
:1076A000306B9F44CBA8569079F85D45F2AA00F460
:1076B000ADFEC900CAA498977BB7BAEF4F1D2054FE
:1076C00005AD5C803917B1BEB8CD464E7B87E0C8AA
:1076D000EEB6F7C3E9CB66253B11CD4919C7E85D86
:1076E00059E72915A37690B3B22AFECC1C1B1D576F
:1076F000DEB41F6E8C60E40F46328620B38D837437
:10770000DFF22AE9C06F7059109C27C3F648DC12DB
:10771000C8D9FB3952352BC3E0D7BA8B49E4E9E528
:1077200045B260A3219BAE0ED01C5471D5D94A56E8
:107730004A154ACCDDCDF63EC346B1B527520BA360
:10774000AFF4AE866606F1314AC54C0B39A84051FC
:10775000CEBB68DDE9021E9E248FCD8E70C3B84378
:10776000D4C43DA8792D5CF84859EEF3CF2D35717E
:107770008D7499FF2F2EC504613FBC862CFEC5F089
:107780008A592F478820AC416D3ED6445E2DA9B161
:10779000D65B6EF8592413907F8F595F85D518D921
:1077A0007766F30F69B3EFB9B6F166F2260657FBB9
:1077B00010FF455D5E72DC76F2CEBC785E681DA57A
:1077C00086088AED622C4A3705B6D5D494D9F38C55
:1077D0005536801ADBC27EC9D5BA7380F50F8AA9E7
:1077E000E9DE55E72E11402451498E44A7FB0F775F
:1077F000EE240294BBF908A8E1CE16FC966E7BE558
:10780000B55724E49AD364D803EBF053C23C848F79
:10781000C1EB7FE227DA17C040D9536C2E8D25408B
:10782000F1CDFFDC4A0892AB6377BBED65D5A1557E
:1078300034EBCE976F04303CC3BB1DEF35000FA86F
:1078400040645B93979842CE3693D897AFF97F18F0
:10785000CA07F13F028972DE48D858591A213BF312
:1078600040C1D248F97DA04A1E815C787C5303E276
:107870007A2966FEF83A7A5B661DF0B3389B9185EB
:10788000543499FACED7B6A669213832DBE006DA4D
:107890000D0F364C04A9AA2D2EFEB62C5577CE9D81
:1078A00029FD9DF541079E3DCA72647071D8F34968
:1078B0005AF90C4204A8281DA125280237CCBA2267
:1078C000553E688DE256DD7276CBFB9CAB7F145D36
:1078D0004B21908704BFF0DB7D5AC8CA8EF3680540
:1078E00099CF6CD85ABDB7E027485A93E0BF8C7443
:1078F0001D02D8DFB5D83BEEDBEFD0D595D0E1DA6D
:107900000BA3A9E27889786615521197444D3B394B
:10791000BF13A18008EA6DA37D42F44AB5BDE7AA72
:1079200035DA765A025550520538851007A025A33E
:10793000546CF41A65AC10836A2A660C5F8FF56785
:10794000E39A2875FCC0D551C4ED2CA1481B8A6769
:107950005AB822142733C2F1E32D2175348DF57600
:1079600043E17636E4EE2D76537955D0E71477A6C9
:107970008AB29A20482D036383D55021914E5181BC
:107980006261DC9DD14B0DE812BD5BD7BE21851035
:1079900032F894E0612FC7CE7718191C66DA085EBA
:1079A000BB04968D1A5241BB05978E98E6E6CD151D
:1079B000D010F16EE3E0328D8CAD7A7C2678E58FC5
:1079C000A782320BD2D8E5093A8948324E00CE3A26
:1079D0005FD502E5C1D2B35899413E80D8BD360685
:1079E0002852E728AFC151079B87CFA3C1F6DFD745
:1079F000658023489CAED4032D7ED2F46D309ADA94
:107A000021586034EF6B236D476C32BC03E3316463
:107A1000697F5E60C74948E354DC9A8FFB69D9915E
:107A20002906DAB929709BE3CF875D87BC5A0657D0
:107A30002ED7E6D9B8B3B94CF5151EFE63F3ABFCEF
:107A40006CB6C0A0781A0342E9B0358064E275E3F1
:107A5000B4230ED3C386CFA4207C8002CDA5C5D984
:107A600095F8EBF3745EC413E328EC5718829DD2AB
:107A70009E9341ECCB03D4148802C4B4E48F450A2E
:107A80002F58C091C7AC2AF088848E5E20D877CA60
:107A90008AF6C23D4D868C876BA50BCA19CA04E6CF
:107AA0005EA99D9FDBBA2945B8D6406978B2051812
:107AB000EC5D4D9382661C91BF2FCD959B38621F64
:107AC000F9E01383E3933EB7BFA7B2FEB984E34363
:107AD0005843951AA89AC70109638F2C89DF396921
:107AE000812C79B9679BAF25DBE5B41A1991752014
:107AF000DFBCDDDACCB6205600F86A997A7C4251B8
:107B00007592F2FD73AF34F3313ADD813772BABC4E
:107B100077F6BBD6F297E9C50F8A8812C368C7010A
:107B20002C1D6464166288C59F03455676FF1218A3
:107B300079245F5301D3E0107FE4CF71D49EA9B7BD
:107B40007C96BDD76AC72CEA97000434FEFCAB894B
:107B500093DFA1B36D5E3530F4753CE93661ABCD92
:107B6000B48E21C46C3FBF93C9FC0EE4123175DEA4
:107B700059AE50CB6C66025E00129A7F4B1949B524
:107B8000C96BBB9FB2C8CCECE38E534E48414CE16D
:107B9000AABB2613413398813801577E3A9AB334F1
:107BA0008D68B2899A69DBC9A9743C81DAF3761BC6
:107BB000E3401004EBCF0D544E5A07101DAC7A95DC
:107BC0000CFD5B5468629E7542035E6715169C4A05
:107BD00094CB45012E093B3B4826C147A3063124DF
:107BE000141BE00335F799D54878D1195885451805
:107BF000AAAA1665947D3FB1042CA37E4DBD3B58C7
:107C000044C5A697403E2E08E13D6845B66D8BD32E
:107C1000A480DF02072DDDEE8A36F74F88860E96A8
:107C20009697CCA7996A5A539A8BFADC74F2D8804B
:107C3000646D8FB6E58BD8774C960811508BBE7566
:107C4000E47C9B7E96794667235A2C774C60A9B6D4
:107C50004BC80C13389BC267DBA83C4FF4A3661CCF
:107C6000612102188937ECB8EDF2CFF514091F3203
:107C700063DD0E8DA3453B34855798341F19380EAC
:107C8000E04D3116C1FCE22A055D314ABA8988DF30
:107C90007B3997E5AF095343D8EC183AC04BB0D2C3
:107CA00015DD983E5173FC9246A7BF606CADABC525
:107CB000281FB57887BF8B80788C81EC85760E90F5
:107CC00089AF32ADA3C9A90E79029796204D6B609A
:107CD000A5CA870F68E53E419C538541AD42685C6B
:107CE00023BBC2AAB54FABC40BF44E988D03348BA3
:107CF0004652BE14A0BECA0173ADC32DC3EB2AF910
:107D0000544EFBB3F81185A18504D5D3EBCA498A3B
:107D10008798ABEA4BE4F0A165DFA0906A961A441D
:107D2000B21636218888460118C1234D566FCF936D
:107D3000717D90FD1FAEFA88ADFB4176D63712D724
:107D40002DC4D47FBAE5A8B96A032BF8191DA1ADDB
:107D5000980FD9E0F904C0E452D4A0B5BD12117156
:107D60008B422A6BAADF33C3B57C4AD87BF3C9ABFD
:107D7000C2BE4AD5E1B6FCF54CE464F375778DB12B
:107D80007E438DA1367488AD060F1E12D612C7A38E
:107D9000450B60FAA8E558FD6211473A6190970DCE
:107DA0000B87E8295D5FC54504FD61E75BBBBB6DE3
:107DB0005F1A986E2285C05C0492EEC0BE17143E16
:107DC00010FDD9ABA1B79CB85C47B03BD0C18FEEDA
:107DD000D522849A7EF98314A947E6EC85D33238FC
:107DE0009DBF3F98EC4C3D237DC47D90D95921A384
:107DF00084CE5AC22A8EF68CA20309A77C2549F3A9
:107E00007016325A7A2478C05A36B314542096B970
:107E1000EF00E4756A1BF9199E440D6591E83E96E2
:107E2000ADCDACCD6A7C56DF81FD1A0DC7DF1A04DB
:107E3000CBA3DADA9F7591EA3A2C6D66B19FD92B04
:107E40003E645B1C1624D9049E0B0B6DAE73074E6B
:107E5000397494BBE5B79CAA2A38D6F39DB4F017C1
:107E6000FA9BDF12EC773B3FCC2FD04AE1E8F32AB4
:107E7000D94FB84E851C6E3B55D9D51F553A696808
:107E8000AE6A2670CF7C45F5604822612420E6B8B2
:107E9000C6608F932E59C8CBF0836E72AF4D9A4B4C
:107EA000308A914F5B8C4E836AC5A46EA50ECEB806
:107EB00076D1991B951DE603FB962A290F328DC9B1
:107EC000433809C744B887D8F6BDF34AA5CAB3DF1B
:107ED000B4DFB94E47B47CFB27F9D47A2C7EC0942A
:107EE0007BFF979622BB6E7D83ABA9BBA0FDE138DB
:107EF0008CFA009A658F874A6EB0A3FEE0090C3FAA
:107F00006318EED4F890ECE1487D4CFC590203FD77
:107F1000F6C970EF3EC85DDAAD659C5F560EAC11D8
:107F20001FC52BCECB4075D0F780E4DFB83B6999F5
:107F300075615B62B0A94174184DA33D24BDB0AD1D
:107F400046FD28CABA22228ADAE02CE1913E63FA81
:107F500095ED80E5D0384D5FB7FE2DC3D430B3C961
:107F6000CC887125875B8040A346F1E9897ADCCC17
:107F700055BC43E0BAC3939A0A7902C676EA6F1BEE
:107F8000EAB8F8B05E7F867AC390AB22FD1E67BE6A
:107F900028DAD6B5F5CBCD5F56992BE98639F6EEC2
:107FA000A9EC8381435E8A9082D9E14E87D7BF8353
:107FB0009E995124CB10E225676853F08103A130CC
:107FC000561F9BA52A61CEFC1210CA95CA93054183
:107FD0008F5B88DCDC38CD74DD8D27ABF8435579B9
:107FE000D3BEA839E60887D9E9D30677A9B37803C1
:107FF000B65DBFC17F898AA8EBDEBE7B8C0249C219
:1080000018B5D1C3E817CDE29C550CBBB708E77291
:10801000E14F36643DAD7790BF71042B2FB2EE3047
:108020000D8CAAFD66232800DE106F5F1C52FCAC8D
:10803000220A7EA0DAE93BFAA4E5DD487410A663C3
:108040000AE00030099A681F82B96904492B931E1F
:10805000BF5A544E6E734ED13638050BD1E6D87DDB
:10806000353043AE4EBBE1E0BADAC6C5AA793FFB74
:10807000B37AD32FBAC65CCB106B3A4B02E5A4118E
:10808000907D2E3EF632AC336B0EEB9D0353510CBC
:108090007DEB52C79865F571231DB7607575F2E8E1
:1080A000603B26C6B1B5B8BC0CC6CF378DFB84FE8D
:1080B000E294171DC5E7A44CDC721C95CC5ABBF5A5
:1080C0006A6775F216FA6C7A7EB12093B040F2348A
:1080D000667BC120FD4789F90C416816BCCE41770B
:1080E00057433DE1D2FE8D33026A1835AA641A96D1
:1080F0007C8E44FD421218F4955B5A8FF69CC39E09
:10810000FFBDF932EFB0FE5FA96C3C379A36A1F2A1
:108110003D2851AB578B56B44A051969B4B538FCA4
:108120003FA59FC1CEBE07A5CBEAEF1810E7FF5AC7
:1081300041DFF259030BB7204C14B4EF4B90524F70
:1081400040D7D0B14D09246EE106ABB28D6B2D1630
:10815000C6DA909BA38298F5DA4A01991B3E6264C5
:10816000994ABB4AA564ABDEF129E9C83CC9B58C84
:10817000706E6C635CBA3E359313094C13FDA7E82F
:10818000A77BC1A568F2DDD3D5F61B2C867F1B1B10
:10819000A6D5666D386A48AF58CC6EE705201C94AA
:1081A000A3AA323EDAC9BCCAD1E0A83B259A7ECE4A
:1081B000EBE349C1EB1EF024459F23AA10780D4B39
:1081C0007A76FEFD8EC5973691543892C99D15EF8B
:1081D000CC19F5F391DDF5171E0F9ED23F7302E81F
:1081E000014A09255078F100CC5E6DA3E875405630
:1081F000370C8D74A8B6AA57B247EEF3D1957F25F8
:1082000034D577A1739DC7008077C6B464B9CEE535
:10821000F05977D97295F125AAB0E8D05C938F7F99
:108220006EA52B3A9FA6407C41E234E31FFD5AE63F
:108230005FF17A179F54ADFD5024D66B09051712D4
:10824000A564770736BC9761AB3F1739CE71FCC781
:108250006E5E8F452FB3612B57B2ABB69E24097E5D
:10826000F3C608C2F3240200201395DEDB82ACAC17
:108270002B8CA01A07C1142D81C999F66E08687C51
:10828000E2F67DDDF0C5454DE94A5C78BB75E084DA
:108290007C8D7521CBF9BE7A591A8B051E8805177E
:1082A000BE3B1830FE2A65FE1D3879C8ACC8577130
:1082B0006DAB4829977253E9972FE265BF1C5C3E6E
:1082C000AACBF517DFCB276CD64AE4532ECB9C8D77
:1082D00012D090FB3620A3BC2CD1F2701A16D1C854
:1082E000600F0AEDDEAE54C3CD1C553353FE857AC4
:1082F000CD012A628908B7F31814D3132D010E7F1C
:108300000155AA0D12B69CB3E5B462EF2CD4807B64
:108310003CB967750C79D82E120C9403C7E053143E
:10832000A8A3818BF5E85B8C66E67E9000457EB65F
:108330004FEA7A183ACB86D0DA97AFCAF891E71F9E
:10834000BE26C676082B7C1BA096B5D0DA5E82507E
:10835000A9F5C4BAB21E560DB1A0633747242D79D2
:108360003E95E4DDE9E16ABD9AA10F98F34A0BE777
:1083700015984772C77620F1A6EB5F057048AEB23C
:108380003D4FDA1A47B56CB480397821F21B1DE3F2
:10839000DA4D4BBEAD03D59101F347576A63ED7FCC
:1083A00040CD5D8FFA59110350237BB5D4FB9AA7BA
:1083B000D4B8A6B63DC69D4C88BE5AF33F94FF4044
:1083C000538D5A5E213EBE93ED538D1F6E886EED28
:1083D000CACFEFFEEA9BB90623C73A876F9629C03A
:1083E000BF07B8CF1020BD388D384934F75D0DD1A7
:1083F00092D1EF187CC04055FC3ECCAE2B66507A33
:108400007113DEADE983CDC869264D06EF2B4DDA39
:1084100048220B546765DEEDA71B94301211E5402E
:108420009F71DD1D38AA60C6E5D6D1CA1202FE755D
:10843000194686F7BAB61CE1E5D2F04C61A93F694E
:10844000349FE7E4D165C95651CCEB2CFDCF0F5DCD
:108450005D339E4C4259DA8CEE50DC149C6CF65B1A
:10846000F2B550286F75DC50A871FF9469135399C9
:10847000C2097130A2970118A4229CCF1C26EF2EAE
:10848000968E6A3168335EA829B6A098896BDC4F56
:10849000DBABFE5141082877BE1DAA7EA83DFD8DAD
:1084A00017BE107CB3D82009958FB514AD674F1354
:1084B0004BAC6C4CED33DD6510CEA3A94EB3CBEDC8
:1084C000531E1F85E3CEEAE0FEAA260A9F2A9214D5
:1084D000F51D745A69BEDD83A09E56C16F73BF221D
:1084E000DDA26C027D921227BB756F0DC110162C98
:1084F000D1DE8F871A9CA2620397C68334AEE20155
:10850000DA80918D24B9608635BB32AE5CDC1527EC
:108510004592EC1E0E8E3D6BBF5A2BF25311306B01
:10852000AAD9801F118A9A2AB7FBAEF52BA5517DD7
:1085300005CD986F94650D40929657395ED0FD1623
:10854000D80E0E720FF3DE56BF0B4BD6DD8940BE40
:10855000F45D8BAEDBF3250C5CA957F651C298385D
:10856000EC0A4177C1B592D332E904319E0D973AB6
:1085700081AEAD7947941306EFA4CC5AA5DF414EE6
:1085800094EA7A326F4AB0D12AC9AC1BBA3577F96E
:108590007C61D88B75FAD3B312D4184D30A65775B9
:1085A0006AF32E52BDF6ABB4258B889E0EC6539E41
:1085B000DBFE21A0104A76EB13A908CFD59214B2A6
:1085C0000E0FE7872380B97279B88274D0FB9504C7
:1085D000F33597E23BA53A378CD921813F2056FEEF
:1085E000D06184E9063C0BEE9C7D39F31676824C13
:1085F0005F34DC0BC4347CB5A49792EAE4943CDC91
:10860000DC2F809BFC29FD384CF437B51225E89609
:10861000315223960236F44DA1149DD3665A9BD74E
:10862000E6BEB35176750E5E28CCAD130C7E85D5B3
:108630007E310F943A4FC216B1889C809614274819
:108640009B2C6E666E2B3FE31C9CAB116491BAB9F8
:10865000CE2878C1C90CCD65F80F258C30F48EB6C4
:108660006270407E524C159892CEA4497D0BAB6649
:108670008E1D003B435A35F7E0A9DA27768513C5EE
:10868000889BFF40020D5D5777F5C408C8CEC06ACD
:10869000355B1F59BFD9FCBBC4D12EE1C99FC8F2BD
:1086A000BC19C3696E4A396DC8E5E5F3767A895617
:1086B00030365C798FAD4B274F0AE63A0E58A0D47E
:1086C0006264F29E4CEB09B68B1D37BDE55D15E289
:1086D000C122F156A2B9CF1B98E0DC195BE155210C
:1086E0002EA57F8EB74873DFB4B8BD1D64F95867F7
:1086F00089201ECBABD0DF3D0E47828CE0D25F27B6
:10870000C2D5DE851F1690B3D162E35B56C014EB71
:10871000ED51D4BE6363557292D92AC46E562FA10F
:1087200059B8AB2168221423AE1F62F66AC71F9E98
:1087300097AC0175D6C391C449B8FCBBB3E1657E63
:1087400052A602CFE25FBB18B67040DD0BB6AE1189
:10875000D92EF8E30B7BA835F10BAB3349D8014F89
:10876000978EFE301270B71FACC60D876ECF198D75
:10877000C8C79924C1FBBE7B6DB9C48514AF6CD941
:10878000E963AC394A7E0C2318D1A28CDCCF229C41
:1087900042D09720C46FDE91530CCE657D660648AB
:1087A000905DB6F2B7A8AE2F8A33E5BE3D8CC2CC41
:1087B000FFB61F0C2C3C1451CC6695835F6AE5B55F
:1087C000026635192430746EC1F85FF1B354C0D815
:1087D00094151FBCC0607F44A6EFABE182966BD6B8
:1087E000C96205429129B437F000160F371C874E35
:1087F000985C0E92B70A27156E1611EA8AA8A0E9AE
:1088000064558CDE69C07B7743C9833AF0FADE4554
:10881000E4E8E7FFA8E69D7D0336FE6B517933DA85
:10882000AA8FABAB4655FBA7A699D1F697CBAB9BCE
:108830009B630EB8DC132444A2C3518F5FBA20D3CC
:10884000CD23BA64A7B4950AFD29CCA779785B94A7
:108850007AC001097E24B57C5071992C6C2658C0D1
:10886000B7AE5F93A96F1D5B3487BA614BDC75D9D6
:108870006B3DD63B0B1F87D0BD6F54A4AA579D827A
:10888000926F2E2168339B00C5AF091746AAA1A19C
:10889000380D343081797E608B45DDDC53848C75F6
:1088A000A0125434676262DF5BF814FC9E989BCE82
:1088B00073195CEBDF13507116B264E2E6B58529DB
:1088C0003CD61AC71184F8891AC76257827AD5B67E
:1088D00099B5E1EFDCB7F4FEE246CF50DA91DFCC98
:1088E000E82955116A3B07CD74E5CDEC12A6251099
:1088F00004503C313F0251F77B0C0EA1794C51D012
:108900001B0C0841AAA66A2DB8DA7E1DA046343C8D
:1089100016131130DD247B440BC293B64DD7E946C4
:10892000DB23B884ED195FC5D1C95C57B403336349
:10893000A1D934D2F1DD355CB69C39ACE29FEC486C
:108940006652E4ECC9E24A9CD309073A0311D234D7
:1089500021F53942D25C9A790C410522D937491F59
:10896000DDE710045E397D0B17D8175F872260E0C2
:10897000598BB6662DC4260A5434E7506B0E70210D
:10898000BE3DCDB1A0DD1D7859C6A70D65EEC881ED
:1089900072DD994F4F96DA2B3220CFE669F7CBB6CE
:1089A00004ECE0ACC17FCE8E1964E0734BC951E199
:1089B0006DFC0511A73064FECEFEDEBCA9C256CF09
:1089C000C6ECD008A8EF83AD2AFF033A77C13C0874
:1089D000879256EB71C9224830F580A82C4E8B281F
:1089E00030C187AC2894D34C841D90A71F6D983D4F
:1089F000BBABA15A423E057C6A731A639DBA6453AD
:108A0000C01DFE11C827822B015BC316C735FFC7E7
:108A10000F95D38373D5896EAAE06D810162417091
:108A2000BB0114D83EB7F018308DBF35D75BC645B3
:108A30005EEAA26E1664CEA505141F9E3EC0849108
:108A4000CAEA68A59C07CFE000C42F49CC921376F0
:108A5000F24A6CA17AEE2F88E0F9569E34A20DCC32
:108A6000AD221E0C49C3C2E8C2A64D2782816DD932
:108A7000694949298DE0AA857E099E3B7BEAC0129F
:108A80007250E86D0D549D0BA0625EDD2658BD0C42
:108A90009FCBDB8160B198BB147D52E99ECB79936B
:108AA0001639403E4C527B36E692DC3EDE87192377
:108AB000C3FA5D844D58451811D88000CB0A2EEDBD
:108AC00048CA5FC00864544177F59C2A4620233A7F
:108AD000F1324A5FF0E1BC07B9C3DA02C25FB8B94C
:108AE000B1FDA76B60B665DBCB4D5223BE0C1FBB3F
:108AF0008A72D7217B84CCF35A0179C100F62B937B
:108B00004FA81AB3A291DB4213C628543C79A71789
:108B100063DFE785B1B1D9BFE784809DE0687A7BE8
:108B200016C86155A7485D50E05B97941E8E3D4F77
:108B3000D9FC6296C6B52AE995D2DE34C802C827A8
:108B4000E3226A1D0FFFF9ACC6DC164F072142AFC6
:108B5000EDE96A64367BFFF197DE48A1527A758DA4
:108B6000A7A826F55702A77309BCAA5B2F12C2EE6D
:108B7000E9CC0439F04E78EFD6093B1C825F99D1DD
:108B800068562E42368A156F16D7B8463EC72C3522
:108B9000BDEDDF05FB65F1A07AF21A981D42E29B5C
:108BA000BEA3C146A1A90A2F5FB1344E6B39A65BA3
:108BB0008FF4405934438E0CD994E396B1A7D71261
:108BC000D76BCD59C13685246C6D0323F7B0E922EC
:108BD000D2C73CC9514336A20F87340A664881BECA
:108BE000A7C754B7A51C1C5C90DA4ED8ED3CD13514
:108BF000D2FEF723FF33E58E4F22B4262872DBF92D
:108C000092A433E98DE41CA73C1E3814D7A8109217
:108C1000DD03BD9FC162F487F49B0CE48F6EA3ED6E
:108C20005B85270DA09A214DFD4CB839B9E01CB4E5
:108C3000BB6E83D663C554DA599E045290C092AB82
:108C400045DE1E62028EC3C7AC665A3F23E81FDDB5
:108C5000F234DC567DA63342E536E7C6241515B757
:108C6000E5182725DDFE4938D89FDBD35D49CBE9E0
:108C7000014523C8B904B68CD76E18D05A5CBD0222
:108C80005FA523C3BDD59E49ED5FC33CD60F3EB360
:108C9000D45088EB6C908C182999BDA0B02CAF45AE
:108CA000B2FB6E86E43FC93FD1C5F48F851C827C40
:108CB00064E47955C5A738F858A2AD50343AC16676
:108CC000B1A619F3A5627D048C879F6479B87CF303
:108CD000D7F99B3EE076051CB6AE7711BF7094E8DD
:108CE0005B8E112E3CE830CA73340300D53516FC78
:108CF0004DCCB4541D4D6B83C529AA010DE47F33BF
:108D0000600F0A2FADC26D1ABA3E28DB0A4C7ADD1D
:108D1000EBDE6F0952B3C19E8E00752B5D52F1ECF4
:108D200072ACEE3D814C72BD489CC60FEFB96AC66D
:108D3000C95751665D14A88640B2B775E75434B57B
:108D40009B57003AFEAD08BC8A1864962F7588FFC1
:108D50008E9B03F33B63D78DF6958D5F6B43D89560
:108D600029419573E0D9C1C3162A7FE90D50589661
:108D70001E95922C73C6276B60A15F0AA96E023301
:108D8000B507C32240568B1C2B33AD62AEE930636E
:108D90009DF4C044789C0AE03DFE12D7487ED71B64
:108DA000A71A72C0CEB00AC8F841A595CA16A62C5B
:108DB000274B3F708D3D79953C77E946C829261DA4
:108DC00090F010B2418E33ADA02EDD38FDDE836F02
:108DD000F138B66885DAF5C707B5F893875EA67CE3
:108DE00026EB10E322D16D9CC1B2D088B2535D4016
:108DF000A62A4A75F4641F83D4D241F4EF5C4288FA
:108E0000A07FE003EBD16798CBDC09F66950E2263E
:108E100091EA2B4EB3C5DD3E838664C71B9A7F7AE9
:108E20007796EF86720AAD03F0B76819260490CEE4
:108E30000B0E2FCEA0371DAB92F8525DBEE650ADA3
:108E400080052947263B4B282CAD967E25CD2EEF5D
:108E500041789FC694D487B3D231F7384BF6C59288
:108E6000913F6BF5ABC2BED670932730415FA8AC83
:108E7000DDF64915E38754593EF039EE8FDCB2D365
:108E8000C85D652D63DDAD7997C421E4624DE3D7FC
:108E9000C97632DC90AA7CDBEB42D1AF4FF228A33B
:108EA00077015DC47633120B96647145C8388E6BBA
:108EB00099983FDDFD387F8D625BE81EBB7243B041
:108EC000D1F0FF163BDBEED8ABA87F5B028449BF35
:108ED000A83F4612BACA102A3D95E968238B62DE84
:108EE0005633274763F420C54C3A13C39342F11E0F
:108EF000C9A068BA94FA477E786E2A4A78357455C4
:108F0000F4018ECAF5CA384E973FECE1EAC2DA02A4
:108F100068F1AEEE253592EC1E8A3C967BD38A260C
:108F2000F99392B9879935828F07075480AF8F37AD
:108F3000FD7C6923AD8FA196625A14385119954D65
:108F40000076299B478AE25EE1DC21618F9B4241EA
:108F5000C44B60C02E0065A15A1D1FADC554E70764
:108F6000384D7A0CC629B3C79EC791BC72086BE016
:108F7000FD28671518BF54A5E8DA71F113CD01E596
:108F800051A1704E93362CEBA572D7E9FD6DE81711
:108F9000C55D4EA9EB562231AFD075BA309CCC23BB
:108FA000E93FF5A095433C8321067D00928C741A1D
:108FB0002EAE8F45FF5234ECEDD280ACB872EB9DF3
:108FC00096FA3DF9F835B99CE43F4CD28900D1C9F5
:108FD0005B261A43D3ED5865FE1299FAD2C7319039
:108FE000FB5C42656666C399A2BB369B656EF35413
:108FF000F2B370F89058441EC5A8070475C85451C0
:109000006191CDFDD322140DE415B2783E9EB37468
:1090100002E7D0D9AC00C5A35F408A2128839350D2
:10902000ECDD51A42798DE3AD6CECDC562787F8696
:109030007A5D2CB8321CE43407F2A578852665AD3C
:1090400082EE10E9B1A871C4031C9A79E9B0D08B03
:1090500014E5B28A4F2AD6DB7FE26072191365A548
:109060001C2C487E8AD6CB4DFEF37CA7875A3BA0AA
:10907000B9428C66B83CE674744A1E051197FC042C
:109080002F3F2FBE64C40B3AE78596471D222AC99D
:10909000AE023012FBB779B3074930D612BA91202D
:1090A000A2BFF2B888214E5E3D7122BE1AB8A181DE
:1090B000918B564AE718251CE1F0108FB7E5510552
:1090C000D4D94A54992BE92A9DD1F590798389A660
:1090D000F46D35501EE51CF3AD2737CC9050127C53
:1090E00073296C271BE412C6CF06491569AD627758
:1090F0002C367D22039E2871AED50D5690AE7EDCB7
:10910000292558127DBEADDEDD407D2BEA40C21020
:10911000389F8B6B7263FC131C8434B65A4F972FA5
:10912000122C200D02C04A3879B45BA122B87B1FF3
:10913000C8622819E8F4AA027EC95F337B1239ECB1
:10914000A105D46AD57BF7E3F0C394964C094E5F32
:109150008856BE9F1FE6E60A3E799D85C28134B5DA
:10916000E5DCB1652367E172AD3303CB4A970D3877
:10917000DF97E3536B4A9E6EDA56219FD8D7E845B6
:10918000A25C600B219DD73789BEB75F2030C01429
:10919000FDFC08E2F689AD04A9EB2D9C2831B82925
:1091A000C9707D6CA454E2FF3923E266E7D9F30A63
:1091B000BD49AD9AA42AF27032BF4E94AD5C0188CD
:1091C0009A46CC600FC62EB018A4AE1F7C5690FEF7
:1091D00010F3D179C9031EC296EF54AA1E2C25554F
:1091E000DEACCC34E62E0A57577CCE83F368E036EB
:1091F000A57866932FB5B4E314DE9DEF596A521239
:109200003828076F2F4A4F810FC41859C802B3B6C8
:109210004B18A90D2B353A019ADE25421102D11DBA
:1092200068622BA621C84672BCAAD7454776C3B749
:10923000D8D84E92ADE4155CF35A2DF9793894BB29
:10924000AC53D489EFC9A5694E982026F065AE3895
:10925000CC0E1E61C41964D064E7B862F4D6F8C4B9
:109260009F9F355F42960ADE120D46D4A44C5FEFF5
:10927000F3B0F4AC5ED2F0FE08171BBF138EB4F847
:10928000A259926E3BD6BF99C8872EE6651298FE0A
:10929000139B58A6A185EB66E80D47793374CE8AF7
:1092A000AE1C0FFC30C1B5766B9BA7837EC3EABDB5
:1092B000B124199B6710334770883C3D7C63A8AE8E
:1092C000723AFC7A819EB0F1CA0ECE373971497874
:1092D0003FAC2809D801B55E5BEA3AA3AC7EBECEAE
:1092E0002A7A3BFE71D999D678FC0A511A036D4847
:1092F000AA43C214E7BEE8854C762643EFC07FC67A
:10930000678CCCF3E36179CD6F8E43667D38E96677
:10931000B8425D531089A5239D8DF19C721EE20E0B
:10932000779D2D6518FFBBB64440D19E499C1544DE
:10933000FDB3F447C7CBE4941FE6A74BD501979B39
:10934000B1813658ADF26C847EFEA49BC9278F791B
:1093500056C3B9D9D9E8AC9837E95394BA4434AA7A
:10936000A8AEEFA2DF3BA6EC83A46A41BF117FF059
:10937000A4D51CA56DBB595990E6818FB581C60651
:109380005CD53A5B63FCD4F555B133ECAA9225ACBD
:10939000CB7E6991C94DA887078F1B3987A25723B8
:1093A0000353ECC6D3C75A089EFBC673FB2BAA0F08
:1093B000568522FF991A7AE97295643FA98A8B89AA
:1093C000619B3E91EDD51E20496A5BC6C456D133E0
:1093D000E12E4F28A91027BDE72B7B9FB6EEFDFDA0
:1093E000ECDB619278F9F4E3697A8C91ED8F3FA818
:1093F00042F8E3618EF34E93A1728CC5745A5C6897
:10940000148FF31FE846F02657A7A5C2227111BF9B
:10941000CB2BD25604D19AC3CB0C6739B998BCA1D7
:109420002E936DB9CFD20929112ECBF81447AD1C5C
:109430003AC93D114870980E27288515F8E94A6801
:10944000C80E75F8D2DB94EA76BA7492AA6D579179
:1094500074747925130BE44C379140512FB3698E06
:109460004C3782803E7225D1441875D1E0228B089A
:109470007290B7B4D7F88AF35743299B76860CE8E5
:1094800003CC116B3787868BE2B83B44D8CFF1CD44
:10949000B12FE0E687445552747E1C5366EE2F08C8
:1094A0008696954A091A12108CDFF305B5FDE26F16
:1094B0008C99BB3DCB10854AC3DD9E1A61A2BAB41C
:1094C000A6F07EB2884116840DBD6C60D89465D23A
:1094D00051157EF7A73941F4464631BB302103933D
:1094E000BCC036E33F22E5511224F5A77405B0B1A4
:1094F0005C41D52283CB58EFE82DCA7215CD48299F
:1095000082A5796836D1DEDB536350F2BC682089CE
:109510004BD8E556EE4B87F2579098D84DB98487D3
:109520006736B78CC552972953485D42578D01A7BE
:10953000D9AE4630C791978450C13A7C2ADA2C3391
:10954000900740AE47C07D32AE3443D6C0D876399E
:10955000F20D173B8FD7F3239A5EA4F08FD31C2D07
:10956000256948C532CC967DA4B1B36EFB6B72F908
:109570003BAC4CEB9B5574C111A11C0C6D9320AD01
:10958000D70748F0D20F5E2A4C7F53F9B12863B554
:1095900078F914074826181F6D74E0B40EA5D42975
:1095A00070CAB2C342CFDDE902D318569DEE6A15E8
:1095B0004512862C4439C9223B3618F48B03B4A5D6
:1095C0004096E54C3CD4DAA23456E90C33736B4533
:1095D0003A4472B88C466B4D385D07B9753D0F45FE
:1095E0001A9352F39E788875B782EA7330032D661A
:1095F0002EBC4C3A50552E821D376D8ACD6FDF2917
:1096000064052BFEFDDAEFE6C37895092584867C98
:10961000DBF526AB3D0C1A6C03CB2A17263F31CF66
:10962000A1DDE5B2890D9EA30634EDEC576E79AA53
:10963000A9FB8F707C9ED2A02FE56ECBC97F1853FB
:1096400037D90E80EF205EB08A8CE19CB6A836DD5B
:109650008F9DADC9D09A6FB098D8F5BD2D5A2F9275
:10966000EEAB17B1FAE463D55113C6D1890E086F7A
:10967000DE82F9B6261CB9E568FEDC62E38E17D3FC
:1096800099A9AB3D0B03B8388D6828128D99557B8D
:10969000F94037BEF16C7F4D63067FF3794E1316A8
:1096A000D2C8FC050FB5EC319CD59E232513BC6FA9
:1096B000DE4D28671D45605D4EB0D9CF5A474561E4
:1096C000FBAD181F3C5A4D99007ABD57888C07A5F1
:1096D000A0FF934C003D4DA9B6B6A308F214D3C029
:1096E0004A0A812A13321C2F6F56E36427430FC1A5
:1096F000E2EB69187E09AF0B76AB907BF5F0DA4DA3
:1097000003FAD27D08A36FD4F166F93422B8767BD0
:109710008623A8D806F434643A05DF4E3C8C356BBA
:10972000F4F4421174EE93BDF7534C60B8A15D2080
:10973000431BE16800CBCF0CDDF1C52CB25FE25BCF
:10974000E662887C4D26584DD0B19FC36406270F32
:109750003A288FF3AB6F5CB70215B0792AAED19877
:10976000FE26E638AC6FA5E98CA739E564417105A2
:1097700011F52BF157ACAD24298D54CE3CA6E21641
:10978000243A90FBCBCC5D8502653B3A14E3A956A5
:10979000DF2CD65EE58FFC1EA18443A5328E462FBA
:1097A0005C7CD6B56B49395818BA42D7667A97802F
:1097B0000AA35B0408F0471A566C7696424D54BED5
:1097C000D89ABF76EE37F708D8CCF83138B91D4CA7
:1097D000A1D1A4D6F3F463B24868371B161366FC14
:1097E000F581F99767F4ECEEE96CF62DFB2B08C0D8
:1097F00046094EC7871C166B237113CC5A5FDFBE18
:10980000ECE9E7EAE5EE6B93141D5B070510DE8AD1
:109810003B4E8CA7FED6C9588B050D2851AA96E75A
:1098200072C74032E9154F82BF3FB839DB9C037ED7
:109830000BB56F7674FF69DF4664AF77D97EF38826
:10984000C1EDD34D313B9940C773058BF92EDA5FDB
:10985000A1EA1084F250C0220372EA810F6CBB901F
:1098600040E09E3DB3847D64979CBCE0195E74EC3F
:109870004E472A3A9662D5539050520794CBA91B73
:10988000E32931276103F144DDBA4ABCAD5D8C5058
:1098900009801BD95BC943F63545DAF3EB32BD9538
:1098A0009DB619F0C476457750BB628DCCBD5F8004
:1098B000311A51289E5504BE81127F30FCA80E78C3
:1098C00004650B74E05F2A4E9EF71A745AC824FE92
:1098D00096C854FA6B3AA2B9F28C86B84638B416D8
:1098E00004F002D71070F2268DE3E44E209F8185AC
:1098F000430C989587F80B7F65DCC3C59C067C04F8
:109900001AF3DBAF0FFB03E2487C67F4E06F4ABA5F
:10991000E752840CEFCF07509C764BA78E436BA881
:1099200048E33C2BCE99183F811129ABAE4B4B52EB
:109930009EC03F93A74C523E64199CC056B8E48B1E
:109940009DFAFC4BE436768B709E17890353AFA9C2
:109950004C47CA55D4203365B76562C3855B2E7307
:1099600055053DB4155029CA86567647F043F60C86
:1099700097084969048C169F9B08D910637E993912
:1099800075625DD9BB2362C2DDE58481FE4CBAE01D
:10999000550D65E90672C1FFDE1C2F64760D61A6C8
:1099A00047D6329EAA9DB72D08855CF77E2A1B9666
:1099B000958AF28F241D12BBF6BB9957D7B2C440CB
:1099C00042CBA5937CFBBD7679C31D898998067926
:1099D000BA4BC56E953F3BECAB006ADD5688BE02C4
:1099E0009B04719403E927C481E344E3F37BE31709
:1099F0007974FA5EBD51611561C084F89674C5CE64
:109A0000CCDC947A119BD550FA96C12EA7AAFAB64F
:109A100061E680099F92EE69FAF69252F54CFF0BCF
:109A20001361D652CF6C5CD38DB359A88342CE0953
:109A30009B90446755783D3C3747653CB924209C52
:109A400022D583ABA480247CEA5043AAB06675F586
:109A5000A671B2EE55A3FAB80349AF8E87ADF39461
:109A600017A047DEB3EB72E35A4E90AB3A0EFACE34
:109A70009976DDB3B1474C3217DF552CF63B88633E
:109A8000EE9E5BCF4A199F4CE6DCF255C57A18D79B
:109A9000E2CB5B10ABBB524C6DEB4CCB3B8B44E74A
:109AA000B3AF7A824C53E574A346EF5606D8E1274C
:109AB000CD7E81549351888A9419203A6FB03A77B9
:109AC000B6E5159F521E5D29DC2EF6CF07BBA88395
:109AD000B58BF4E2A380F5E4BDB7A62BD65E8C9DD2
:109AE000EB17CF1F4F70730D32B6CBDBD52F36F986
:109AF000AA411A2E3FDFD2D8D7CD9830CEB10CD59F
:109B000069136EE988D18D70A82BA8F554A03D6229
:109B10005E8EFF4F73135A749936C055CE3C3BDCB2
:109B2000C1DEE1DAA080BDEC4CD7AE4D14D610DA20
:109B30005B7B64DB2C01663A6AE1BC5D885099412D
:109B40007F8CC51F0606EF4954CB42455B84132723
:109B5000761C5A950F19556087AE54026D3FD3207D
:109B60009CABE814EAD721690854F5B143B7877B69
:109B7000914B2B1CE98A07E00DBADA4A171B56787D
:109B8000BACB56C4B5DFDF64C60F782340299F17D0
:109B90000D9D1E1BD46341672E3163812B30847071
:109BA000AD8ABC3D166B63E24EFC28887ABBC89E2A
:109BB00016FC98BB4B3808DD6CDF7F944B1AE2EA49
:109BC0009B5C433A5BFD63BA4B0246DE2ADDA6AEE0
:109BD0006347F3CADFC89FA78B90B9415E0EA42BE1
:109BE00084A01B8520D498C4B38001115846832DCE
:109BF000B7881BDB959035AE682C71CE629F50C143
:109C00009F576F170053F6C9D75A72DF4DF99BAEB5
:109C1000C3561951AA2C80D8B26F03937B4CC44110
:109C200077556617D76E293226459E3AC19810C8D7
:109C3000A4F5F146EC296E8EF16AE0D34A08B8FA31
:109C4000D324A70BA0D7DEBFAA9F63E1031BA559AE
:109C5000F0E66D3151363B70B04C77708467255417
:109C60006FEA9F9082A50110FC04BE965ADE446004
:109C700053FDD29F52E7E93CFE640ED22FEA69F809
:109C800008E79118298532E2C073AEE893A4AE8844
:109C90003D2A0E45D0B51BA95CFBAD28ADEB343792
:109CA000B5151EE9D6841EED815FCAB4D15A92F96A
:109CB000C5161F3B82BD0CF85FF331DA07FFBD60AC
:109CC0000DBB82B01C9F50D855C445C8C008B10A0E
:109CD000FC446CFB8E319116DB8438FD3C536A2AC0
:109CE00024D443A7541BB4050E6B1FD44015F3EFC7
:109CF0003C853274A88664647F93438D50966BCB09
:109D0000C75066CF3B0EFE226998D2A95B5210FB6A
:109D1000532BEFD3E9EE46FC0383219A5200B4E6BD
:109D2000636CEDC35591ED9E94381FE84690A33EB9
:109D30002BFB7A8C0A59A00A1832587A57E755F942
:109D4000C1F9BE9A26BE684BD48F9267F5894466E6
:109D5000DE189F148290E02E2CC4BCEE66CF22E861
:109D6000C269658F80426CAFAA7BEEBE5AB0F21F0B
:109D700009BA95AB7065D9FC3CE749360463EF81BD
:109D80000396347915B6C61010D23799C36096D4AD
:109D900033E56C57FA60050C72F4FA8CC82564261A
:109DA0006A2E22ED2D3CC418C0C34857C1B135718D
:109DB000985B47729B02FCE6525EC3D40DAA191948
:109DC000397510E8AB6AD7BC53C390B7D41497B9B0
:109DD0005AC4B5341C74C1C0184D75FD1FE9030980
:109DE000D2F48E13109FC23E4476CA661EF9C16B30
:109DF0000A011E0EEFC37ED8B98A17CE531853043A
:109E0000ABA2DF895A6FA926B29EADAC03EBE1BDD0
:109E1000645A6E05A23A0E5A3CE844EE8DAA386B9D
:109E20005D4ECFA5762BF1968272E99F570D8389FF
:109E30008CF89D69EA9D9D8FFC387D71AE2E0EAE2B
:109E4000D9ACFA3C1C4461D7BEE72A8683EBCEDB53
:109E500061DF1F16CEF74E57A5F2F62143FF88604B
:109E6000197A1A88DE991FB502B92335B8FD75CB6A
:109E7000AD2AB41CDDD005158FF8D238A9623CF3A9
:109E800072EE88797FD45515459DCA5B1412F697FA
:109E90005788C0E9DB6D96C8CDBD913721065C437C
:109EA00047FD16726426BD67C7EBF18520F450B3F9
:109EB0002038A2DFAD9334F36D55D927F6692B1BFB
:109EC000BC4AB6FC2BCE5188EB2AD25056402525F1
:109ED0005FCD530D15269933CD2BE6E86DA57A3865
:109EE000EE34FDA7FDF0A8D032DCF4D0756242B5A7
:109EF00059AE9A7A49D51BCF37929207150D1E4B52
:109F0000A2DFE9567DA8B109EBB1EA437D4B606958
:109F100058231D4E9A5B2DD676076ECD7FEFE0F865
:109F2000AE04B62FC0ECC6B029F032C7DD1000D0A9
:109F300037993CFD612A5CEF466C207F64E9BB9E4B
:109F4000673D3D49DE0FD4A82F5928697603979EB7
:109F50002C0065EBDDC9F1BA3D6C6F417059D9EE4B
:109F600037E8A1C5BFBD37A07C4F2F9616687ACDC4
:109F7000F1E578571969D5D291D7A1BFAADC873E00
:109F8000B61A13AE1F054D24332E7205179650D600
:109F9000F77461AC92FF1A6B395A24A2F0AD53DE0C
:109FA000491046D6206F58288F2D6332CF8B11F37E
:109FB000E53899D5C2211C372262A90C53FA6158A1
:109FC00032F66E0FD29F8035E14800F02DBAB969A4
:109FD0008DF3E9CCA9978E8ED4ED6C7C5E31012790
:109FE0008F74812280D57C3A5DC9F127079BBD67BC
:109FF000232288B088D12BC77C004D3F9CDB1B7A85
:10A0000094A0275A9F4EE7DAF4526E482189639252
:10A010008FC6645EAF9AD7F477A3F58C1011E23245
:10A020002F3725153C68EF64464A1B4F00E81F5F39
:10A03000B71813245A6F1F958A39A1FC919088F59F
:10A04000A5D9EF6FBBF92A722C60B8159BDF15ED0F
:10A0500001DEAFC1CE090861A5AACFDA02D39EFA0C
:10A060006C0851AEFE0533F234EC6C4D7D2BDB8178
:10A07000D0A2989DC72D414E47E2E58DF9BD3D32F6
:10A08000E158DF1C6AE0C9DD221040D4A24CD99D02
:10A090008B2EB2C4204B58055953AA56FC2F1629B3
:10A0A0008642828F29B016185A2814209338B8187F
:10A0B0005C69BED1D8DA03A386EFF826D19BFBB743
:10A0C0005F8A15340B41E641C1D2926D180EEAEC5D
:10A0D0002BE6984EE4C5CD3ACA401CE48BB7751503
:10A0E0008DC0B62EC3EE46567E51565B5613C293B4
:10A0F0008756FE83D4486DF0D0C9C19C066E3533B7
:10A100000515F0C24E6595DF879FB681C27DFF843D
:10A110002FAE38C47F0F9E8F915B430F2B3A971A57
:10A1200028071028FC449980E891003785E36A1BD2
:10A13000F248951958E8153D03E35E72E0253AD0E0
:10A1400037CB41221EB11EC5284BC74010F34E8DA0
:10A15000968A02C8E78CB6A1511BFCF0F638B78E80
:10A1600012B27371E0D4F50C892E70B9E58F6AD400
:10A17000A2127D3AC8F5E9B2FE2B3CDAD971F3346C
:10A180000772E4507F7366EF737C110B8B1D679829
:10A190003B44013906AA8FB28BB18FAA5F9A56CF82
:10A1A0008C395BDF48E1FFA2B01B718B286B5862D2
:10A1B000229501BF7F2CD250F09FEE6A0DDD87699A
:10A1C00079F05E54DF346BF5648451F0D25689DA4D
:10A1D000CF7EEEA7F6A93931DC457D179D689D0B32
:10A1E000C1CD47FC96FDC73D20C2E079535062586F
:10A1F000FBEA12479CAE77048037A81352164FAD86
:10A200003A854D43877789C78481A54C7FBEA2A13B
:10A21000660E013F0617462B6CD4C4A3B365A3B0EA
:10A220000B3FB455419976DA9B04B85CB49E440563
:10A23000953F305C6C01D7631568B44D3311133D05
:10A240000CE7F7F3A9AD58BC29C13E8EAD17B0ABF2
:10A25000FEA9252766FA6B1693F98ECCA33D65DF20
:10A260007880C4ACE68DAAB521A08FA3EC8AE38EDA
:10A270003A6F77AA7E8D54BC600D15443263850811
:10A280004EEED88CA5CAC7476A3579FBBCAFEFEE56
:10A29000B2ECE89C4F7AE28E0BF67110F578A402CE
:10A2A000E918452B60567CA8F6BA4E8ED3414483FC
:10A2B0000B37BA76513496A416861BD58455BD311A
:10A2C0003FA83C3DCCF9BB19E21AD85F930E6B0E48
:10A2D000EC476E1E55E27208BA85478F9B487105A0
:10A2E000D9C0D68378E18C28BBCEDDACF219C7ABE0
:10A2F000AA0CA8627FB5C13C4A3C31FD973FE98377
:10A3000097E6AB403925C2D58E721DC372408A468E
:10A31000A00337AF67D13C79BBE087C71D0653ADBB
:10A32000EF6BC7E69A7C5DF36A96C095F56E25FFE4
:10A330004845152108A233D196C247A89D3DB133A7
:10A34000AB4A332EDCD439DF8388CAFBB07A585845
:10A3500023D8A00BA7B0B4C6A9985298482734A018
:10A360005BB9E73EB13829DEB958834B714AF24DEB
:10A37000CFE589BBF14353F6E3109431611430C645
:10A3800007A7610E6F2841599D9DD5D4EB73483FB7
:10A39000BD04F71FE131FC37D9FEB4CB9490E28DB8
:10A3A000329980BC23FD79C672E572C5639FEF02C6
:10A3B000ADFBC4E9EEC684B6D8CF75ED79D5475468
:10A3C00076972AFD3511AB062FD6A2630595230B90
:10A3D000B83DC28ECF8B864E8300E098B726AAED9B
:10A3E00087D54500A53BADF96CC0E4FC4712115779
:10A3F000A9A8864EDC4936168E6AD5EEE6D7D2DBA2
:10A40000EF93B20EDED1FDD85F15FC65F8ADD1AF8C
:10A41000050B963EF466D901A62FAEC1049811DD56
:10A42000479E761EE6E61BF3B3F17B762D324A1B80
:10A43000BD422CE653EEBC2E6AF5625562F15D3CDE
:10A440005D44AE6CB32EAB7ED7C15564B7DE99E4E4
:10A45000455DA8110B2A8D3A0F605D9B77327937E5
:10A4600057347271B8EBCBF5124089F086D045298C
:10A47000845DF9BA016E25A1F8FC03D1F71E87C0EF
:10A4800075444D729208F0C8ED736AB1808AA731A5
:10A49000B9A900B1A783299485663D3338CFC2841A
:10A4A0008B2CD06CA18EFDBCFFF62AE77784EFD908
:10A4B0005A9813CABC8596C608CA93672C35EE3ADB
:10A4C0009ADA6B06EAB98570295B91D8391D29F9AA
:10A4D000465B2B478C6138CA6B03CE01F73F0C7883
:10A4E000F40584A8F75F9EE6F1A42494687BEA75DE
:10A4F0005C9AA5CDC140074FAE2AC170751344A325
:10A50000B589E62E4B2F5E228748B3486CA3120014
:10A5100038A397B1B3B8C93D8613DD21A16B836918
:10A520006602410272EFDB713D40BE8E8D31DC83ED
:10A530003E55CCAA12BBC2D3D36DC9C6B2274224A2
:10A540009196CE87F8BB21918C3FFE08A31C7CE539
:10A55000490D19FC9B0915154249156E41849AB79E
:10A5600013E54F21A4521B743034536DDB259251F7
:10A57000DD2D1F97627CE0C729B0DFF54474698C3C
:10A58000A00099D335369B11BA3065F5DCABF4D415
:10A59000DD4B7F3D3E3ADA7A4B39B4A98D4A948F30
:10A5A0003458449ECF645F37EECC4A5333ACD1F776
:10A5B0003EB877BCC50F1AF6E20AE822AB0F604935
:10A5C00004E26644CDE09CF4771C4CCB8C89DF69B7
:10A5D000F3C5F072AA491B514A8EC84624578438E5
:10A5E000C6ED6FEB3F60ADB672BE8F6B1E6A28344E
:10A5F00015596BA6D227F2A017FFCE9DB614BA0943
:10A6000034FE7E8266C6C59A6006F55F2945FB6BFF
:10A61000CFF44E8A9710C5822F4B7EFFEC108839FD
:10A620008D5C2A0DAC9D904E1F6CBFE308ACE80713
:10A6300048B6B56DFED8A613447A9E07E460003F85
:10A640007FD6AC2D8FD3F19919F0846E2E034BD6A3
:10A650008604711253071983993F0FC88941FBE89B
:10A660001416A166B4AD8413AE1C8949243B80390D
:10A6700080A741C64D38B87AA4E8DF5F88D08A5CED
:10A680005309D50B7DAC2DF02C00FEE0E6446AB6F4
:10A69000DEE1D6853556846BD8B3A95AA3BD97F4AD
:10A6A0008A4C0E8B94F9DEE10F81AA2A2AB97E2BFF
:10A6B000226D912394B58527B45D4DDE8352857A52
:10A6C000619BA6C7054C166B1DFB0B5F2AE89E20FD
:10A6D0005DBBACD7E809F31801E0A6A53D82C1FB3C
:10A6E0006572995EAA2FE4F2A80C74D4722C05E668
:10A6F000EB5C47E14172CD2AAFD8F7376DAB2E073F
:10A700000F5FAC7FFE4573C4B0AE88D30738A82175
:10A710008244F090043FE2663BE02DA0D1A3FF17F6
:10A72000A4F6AECD82AB5E2B0B8A3DAECA8611D1AC
:10A7300078E1FA83F1A32405F63AFE4D0621916FE4
:10A740005509FA1A0693A71913F5E6ADC92577B787
:10A750009028CB73F5DD73F28DCA8659CBA1A02367
:10A7600099C1188C567D8985BE0713D647AF58828C
:10A770008675BC975ECDCEB5931E6E631EA365C66F
:10A78000C92F67D05A0E8801400483CFCF07B29CEF
:10A79000DB51A83BADEE6C876FC84A31BABFD1061A
:10A7A0006F8812EE3F564A72D7FDD6B06F993EB70A
:10A7B000934547F3139685862DCF633CE2C67C1301
:10A7C000EBF2550B0819593821C7900687383E4FD0
:10A7D00024F259BB1CFB90B5A3392FBE9B6E799018
:10A7E00064C8D278C0A1DEA75C902312A31FC10F5A
:10A7F000A1F2DA46C6001A05725F490EBEFFC75FB6
:10A80000799EB1CDC4FABAEB61DB898C076A6B45DE
:10A810009C780740213956578222B0015FEB94C5DE
:10A82000E5EC6C7FA579B400CC6519D5718F4E1617
:10A83000281C017B8D5F1B3D20070C9656DCA7C0B2
:10A8400042CD047914388B161FBF85790C0F7FF920
:10A85000AFA2B124C9693A232EAB889B0FED229495
:10A86000CECCDDCB212B3D1B34C1A65DA73DEDEB4E
:10A87000849C58B00EDCAB95216418B3315AB5E80E
:10A88000B39448C7D742D1082D1AC6205786560A16
:10A890003995389431E6B89EDD7CD0BEAC35AF3EFC
:10A8A000F612ABB9E7AC5186D5A27FE49AC5804CCD
:10A8B000280CEE1913451AB7971D1EFB218D2FE5A5
:10A8C000B61F584CCC4AE214D129A1CFF0E54F0B6A
:10A8D0006628783235AEE78F4206DE39B4B089712A
:10A8E0003A24A09921FAB7C249744985ED036B2C2B
:10A8F000EDF2FAD098509BC7752917B6D0DD50AB52
:10A9000089B11DE8607C1983E12CE25AF8C45A5FD2
:10A91000B063228AE263B6B5510A33A41770B4F16A
:10A92000B68146247A58E67A2ABCC1AF34C41A9D4F
:10A9300016DB44942F9B174CD1E00A7E0DE251ABFD
:10A94000D60A8E0128880B6A38FA91E1BA38D05CB1
:10A9500001FDF20303EBFE62C8D0DDF463D3EEFA2F
:10A96000B311203D405B0A00DBAC8492F96DAA0074
:10A97000DA3543848114212D9C45E1ED0F8CC17A99
:10A980009D74F4A7782647287B0BED2C425527E6CB
:10A99000BECD73CDE0ED6B3F82B6FE09B56FC7C586
:10A9A000B062A649228CBA39258A015ED44D2B4A61
:10A9B000A340D0D03A1E5491664721DA5D4AC45272
:10A9C0005C9DD7175A5BB109E9E9DF7EBFEB07A1B0
:10A9D0006BD2751F9A40081C2CA22B9E99B958B8AF
:10A9E0008185C788D569427A8C5FE2BBB39910D064
:10A9F000984CC4DAD0EEAC0F88FD187F8C4639062F
:10AA00005B1A55AB1D2BF9889F4B4A3F15D83B115C
:10AA100087A304ADDB58E5276C229CECEEF4F5CE61
:10AA2000D90894FFD4AA0A0AA1D63589FCEDD69498
:10AA30006F91CE0204C3F1D9929481D1D5D8048C00
:10AA4000CFA58D3337075A7461D78D7B78C6841AAA
:10AA5000978D4E94A74AF23F10586CA7DA296F36AB
:10AA600086AC4DAC5E288404896B55CE8E69B45695
:10AA7000CAFA3401B4450B96354ABE30F987341012
:10AA80000F3AFD680B151659A363225F6092D093AD
:10AA90001C21E853C0718C20139EBCAC41653DEB7A
:10AAA000399DD067002D6957A3AF85C4176CA23DAF
:10AAB000866C32C2193EE88C3EDCDCCB61C65EA1FE
:10AAC00060E9A07A8FD0F31CE271ED5D82A6D46DAF
:10AAD00002B761ADBB2DFCD0A5B32595212F6F51D9
:10AAE000A3FBC044E15C840C3584A2E0660E3D33D8
:10AAF00075E5FDCC528537F43553B855B9B090D9CA
:10AB000077F7394A0C70D66B3CDCB8247628E0F92C
:10AB10000A71DAA7786CE5FCD66A1AB3B22822C0AB
:10AB2000C761A6D4A731F44718471552287A445E66
:10AB30005894B132EB54E0547A0B42881BD3F02185
:10AB40001281AEC8E8374E86883CAEE6B9AA5733C4
:10AB50007AA1F666771E981E7D2B0F542EA685F0DF
:10AB6000098BB57EB15A17EF73DCA58403BA4BA9E4
:10AB7000151129B3122C7A4EDC6670D41F55DE5D98
:10AB800099757DB9D3483CAC4868AD0B908506EC0F
:10AB90009533D1B82A20A6C144F180E0D680838BBA
:10ABA000EB1D5464910421D668379C6E3E221AC571
:10ABB000E5867D829DEEA8ACFA8F4ADDA4D162B411
:10ABC000A1F1D1BC20FAB635A9A6387336373505C0
:10ABD00079F7757BEE40A148BB7FEEF8D034DE52AA
:10ABE0008A7FB9F8C449414D114C525BCED2AA516B
:10ABF000D38B1306B6F3E5AB8BF0C22200A8E06D51
:10AC0000308C1F3568924F4F6714441F7FF77ADDF1
:10AC1000C50A3BCE1CE0D5464185681078F6FBA8F6
:10AC200018E7FDE2B1967C2F2D2F1A45463166714B
:10AC3000BDB53D390B4D90FF68FE0E67468EBE993F
:10AC40004721DFE51323F6281BEC16AB4135C7A2DD
:10AC5000456C7979FCE1834FFE012AA49098CE5C83
:10AC600059D7F87CDEB3DEF5AF0071E307164DE58A
:10AC700079CE66AA2998A44392233BA5F937B572E9
:10AC8000E9055CCF622BAFFA1D77C1CC9942EF2961
:10AC9000158B12766F2F5FF24EBB293E7C8557A035
:10ACA0006C65295B5F6374B1A70712CDBD8C8A17F1
:10ACB00063CC6FE75362C3227AA56F07C3D0469F68
:10ACC000914850D5E7E318BAC1608E33BD95285638
:10ACD000FA2B7E6DF3C9C0A5AC8E0272402C87B0F2
:10ACE000A24A99C2F002914E8C997FD0F94AD95666
:10ACF000D27308FF554C69A09629431EB66B22C932
:10AD0000AFAB749212348F85F03D37F1A2F7E9159D
:10AD1000BA38A5628AC609A3EF7115D96F22D78CFC
:10AD200073B214675C3BD55700C30E14CAA5AD7A45
:10AD3000DA8B5A419BF7E1B716A1F7D524519470ED
:10AD40001980C0CA69E8FF26E3CB0822DDA03A18C3
:10AD50007813AD8BB89205E2BB96E620F26B84E9DE
:10AD6000AC15C09B9C53177944A9528F054E60F3D4
:10AD700064507191B09307E86B7790750BDAED5AD8
:10AD8000A2F426957018922DC89BA8FC225A1C2C60
:10AD9000A1278E10E381B5AF8BC27C90EFB43ED279
:10ADA0000C0D139603E8FE6C227CCF9644647882E7
:10ADB000DE063E300F94774D6159ECAAE64B507099
:10ADC00080897BB03F2F27ED39B456BB158374ECD7
:10ADD00032DE219546E8B93764158B51E52894F6A3
:10ADE0002E4561E0D9532F8B758D6220C0FDC29135
:10ADF00048C1D38BAC849FE2CA3F3B681DB419376E
:10AE000037B27CB2026822A9FA85BF0DD4851DA98C
:10AE1000776EEEC4B4AD5A017982891AEBEB5EB35A
:10AE200031BBF837574B9DE25BA4D033E461F6FBAE
:10AE3000E818F95431F1F5811B79C0B0B0BAF3A02C
:10AE4000D3F77408488D2D8D8F2F830AB631DAB76A
:10AE500083930D78D3BC36DE9CC13FD84BD80221FA
:10AE600035B63E61716D575C329D1D2DE51E5A1E33
:10AE70004F34143872F343028CDA6397A3C33F55FF
:10AE80000339E5A3F298670921F0D00484F9116130
:10AE9000DFEB452F9F54286FB4B18E4213FE08C5D7
:10AEA00024526C92959D73319F676FE8D108C3C29D
:10AEB000323E8A75A6C00487E58F9D980FDE3680E6
:10AEC000ED7D9FBB060230F619C0CB8F67D23207EB
:10AED000143B3A70362B03AE33775E45003DD456B3
:10AEE0006FEEA512E7142A8190FB74C81ABFCED565
:10AEF000FDB1CBBCF49149D329748A6A8A25759B2C
:10AF000026BF56AA9F4B4F2532EC66618A78A8CBA4
:10AF1000D7162BB25FA5B33951C62A87851A20D818
:10AF20007488CB8028BB48FF2C79A633314E288209
:10AF3000BC470A62D5A977346223CAD058E5B6B1B6
:10AF40003BBDD355203BE26E6FC71014BA5D1AF0BB
:10AF5000A11A5B4EF118D67C8AD33ECC4039032E21
:10AF60006ED59F6FF83532D86974857E87C8FDC469
:10AF700051078B018CF05B040A36DEF22BA98F3C63
:10AF8000EF254EFABF83499E77AC2C68E28FCC2226
:10AF9000E2B05C3C9601343F98652D06213FEF1AE4
:10AFA00072019AF586CF4D7667ADC2B880F636DF6E
:10AFB0006AE4CD0B9B2C2CED2B17F28844FB2B7DE8
:10AFC000947B61D76B10B9FC1FBB3CAABBB0AECD64
:10AFD0001C53E7A85B41A0017D162F3ACBDD975BA0
:10AFE000B74DC23875C0A518CF153056CC6B30A2FE
:10AFF000FE097830B759D516CEE856857DB3EBD922
:10B000000DC7B7CF6C79812790525CFD8183F558CD
:10B010000CFD84B14B6AC811F7903B0B4C35F4C062
:10B02000BB080BD8DB2C53600341D414829C19E37A
:10B0300079DC2D7FF48AF6E0B7B8F24A18E3AEB4B3
:10B040005E185DC01BC44586D9D504D7FA885B401D
:10B050009EA3D7C54D939442DBE23F7D2AEE8659ED
:10B06000D3531A84EE29190788441C17B5ACB7725C
:10B07000F13930CF28E46206A50D75FA7303EA4072
:10B080009C949E4C0E74F679191BF0762AA5111C1F
:10B0900040498E8750263A41787B3AD905F1020023
:10B0A000CB07D4557026B86349E2C897AC764A3CC2
:10B0B00044AFD2D7A866E4318B0094722208FCCE4C
:10B0C000F71D231D58752F2A672F608C1D4911E528
:10B0D00057EEFA8DE44F0A5EC3C2E5F6FC2210C3B8
:10B0E00049BE5929A3CA8B488CC096ADAF04A3D1E1
:10B0F000C5849D625618F5D818650FF4C3C6D7A548
:10B10000B4EA94AC00E2F88D455C99CB9A86C2C64D
:10B11000ADEBE7A35ADA55BBD7D644EE7D70AA1D36
:10B12000C1C788CC28050DD8D85002432BA0563E65
:10B13000E30CD2BA06DEFFAF62CFF41F00A217C540
:10B140003516A893C5538B4A9E19F58415EF8F5B6E
:10B15000BA2803A48459EDC0F220E3035B22D6DEB3
:10B160007BB979841A946FCEE0E6C95E8534F02A03
:10B17000C1C72ED6204B6D986194291E932C88CC84
:10B18000FB3E72882CF9492871330EAFC44A473E02
:10B19000F3B9BD72D2E63969F99CA8F08A4C5C8596
:10B1A0005E52B1252E0C4A4457C0B32850E49D721C
:10B1B0002F434B3654A8E8FB8AD8BB426CC32859AE
:10B1C000DEBF3F046AF74D79160DFB5EA8FAA06159
:10B1D000451147529AB16E5FDED78F27095AA39661
:10B1E0000845A78248454D0854850AA9ADCC3AE4E4
:10B1F000E07446889114F5CA47677C8C7686BEDB7E
:10B2000085214DC235D6A220897B7727D83B753161
:10B21000540D284420CC2F07CFB5AB0122CC0B5CBA
:10B22000FB31DE901C03774FA3293DB88983C34FC0
:10B2300045917E6BA5F4899EAAED110E2650093723
:10B2400054726ABDC161B488A94D269A1ED67F9AF0
:10B250001C6278F48D90C3407A4BBE2AB4ADD851AD
:10B26000511B41A90B139E29411589B99FC68A5EBE
:10B2700096A79C545F2B521C74C6464C2D84AA364C
:10B28000EE2DE732F03192C3A099644A70EC565E1D
:10B2900097AECA02400A7B36493FF4BF81F58F0959
:10B2A0004E4564F6AA8FD6775E8956FC91D90387FE
:10B2B000B6046DE728C1BF8FF021C2DDAC8148F133
:10B2C0007D48F9B54CFE5A2CF2ED317381CFBD8E1D
:10B2D0006D92F6D9AE8F2FB3E9391EFA9F3CCA1989
:10B2E00023A07E4A1502898D3334F2CE0E5E5B8236
:10B2F0000732573F09FBE442F21F3396336F77E87A
:10B300006B12892DACFE7B82F59D37C52DCB2FC8E6
:10B310001339F5807A0647AC92CACEB6A6BF1E197D
:10B32000D9A83680B195A97E4E750079D816516A94
:10B33000F6C548BA5142E4CB5E753DCE08DC7EE1ED
:10B34000C7016C8BC78B44B5CB6C7D2325BB52D911
:10B350000193A623B1665EB66DA6DB3AA8DDE422B2
:10B36000BF34AC1ECFCA28174E9197A6ECECECC99F
:10B37000EAF9225CC2334F2B788533D8BEBFE60D85
:10B38000A6AE36F76CE3BD3C317FD1B48D0D488855
:10B3900094467F73AD4F2FCCB3E168BC81CC476638
:10B3A0006FC349EF5431D2091640D790ECA3289BC4
:10B3B000F61EAB153796713AD975A340251C1FFEB2
:10B3C0001A01F25C5CF7699DA7658CD562302DD3BC
:10B3D0008AAA0ABE30A487C59ECB2FA499DC5AAD99
:10B3E0008C53EEA04E7F720DE163005FB1256009C2
:10B3F000FFC183AD6D1DEB304FCBC03D77A521C2A2
:10B4000058EA5C8391B3EBFB9E0A49CE6229FF9F09
:10B410009BBD76449177E11B38F43479F69C35DC9A
:10B4200031418CE86FB4A4DD44C731200A21E18D9D
:10B43000E502E46A23E27231CC2EC5BEFA16C07A68
:10B440005DF1A7719F2D63B9E1CF25BFB326FB88BE
:10B450009CC5912B719AF70CD14B725A64A93F3558
:10B46000AE40F4E10738F69CF8BD0822F01BD4701A
:10B470000197F185436503C5D3A935B1C871F05C67
:10B4800017B0F29E07B3750AACD757E4659DBDD6D9
:10B4900053BDEDE9553A4C0CA2574A6ECDF888D30E
:10B4A000C8C9FA581F3B57039B10766D72438DC66F
:10B4B0005FE74A4C3D1F4CB85AE2F48D013DAFB9ED
:10B4C0007E362F086544BADE23F14628FABD94D2B1
:10B4D000FAE51D74798C45FCCF7625896A2046C42F
:10B4E00038D539A436A9C510D2FE273A9D160E21AB
:10B4F000C1E49AD2830A003A8BED053D4A8EBC0A1C
:10B500006FB11FE50D361AC7B1F560FA9120D96306
:10B51000825A0DEC29C7837B4EAABAB0AB9357145D
:10B52000F0A508FD59AD39967706DF05ABC547286C
:10B53000DD84B277506CC0F6AB3F9CF8E207502830
:10B540009CCCF69E1DD7A9F43F83375875E418D7D5
:10B5500054D7BD22DBD59AA13728CEE245D81EB9F3
:10B56000DB5F078D7768265F36540DB6190D2860AE
:10B57000F7C84F42E00F8BE29CE4C998051E2BD11F
:10B580008150C1F7E13FB0E69D31ED8A1E8AB3F6E6
:10B59000BF65D84321AC0324B4734AA583DE0F27CB
:10B5A0009B44A3976CE72E4858DD4D623318C03991
:10B5B00069EBB79296C0FE324A3DA89B75A436FF50
:10B5C000A988251CF6838FD8DF306D52BCBD048658
:10B5D000A58FB47826A6D00EA69967395EF494C6D6
:10B5E0009E1E5F6B0BAFB1C847E33DBAFDA271A6CB
:10B5F00003E246709ABCAB9715292D3E1CBA380F52
:10B600005D60217C723C8BA84B5E07AA156A852978
:10B61000685D730B1BCD84F9551833E6EDD3856354
:10B62000206064C8CBCFAB0BC315C4CE510F8B9930
:10B63000929D961FBFDE978F91AF52137DCF957B62
:10B6400004FBDAA47DB223B5F4EAF8E0F16751E433
:10B650006A0CEEBFCB5D008C1929A6BC8A01756B04
:10B66000268672D7265232C343715D90CE5A47491F
:10B67000BA6CD719686FFAC95302FF8AB818A0E3E9
:10B68000215DB3A9836A6DA46606D533673A251494
:10B69000F5DA901359637FFD4901AB8C31F2240A2E
:10B6A000C9389266734C10FBDF4240263DA7AD8C33
:10B6B0005334634B82644C60D53D7094D085900DBB
:10B6C000846351C68EE121C8A989D7B8546EBE885B
:10B6D00001B1786B53EC44212DAFD9DA8547A8CC62
:10B6E0006BEC4A9421CC0980C1ACBD777A0D7045D2
:10B6F0000B020F37558008942136F20C524E5F45ED
:10B7000019C9472CD3C7A14624CEED6A2475116010
:10B71000ECD3FFD511B62BD793F914E7794A47E15B
:10B72000D13B8E45734228E3FFF24106C15D51BF14
:10B73000FFF5EC0780249CAC5F6A9F949ECEB0A876
:10B74000821E873C8242E0E85C5713B15D9917C0C6
:10B7500075F12CD329BE59934C0FDEDED5469F0AD6
:10B7600026688999BD0C55797A429234A874E7C548
:10B770002CAE31CB5D9C49910D4ED445040783DD41
:10B78000E84C8A5D6B23E4D6A74A05484E114DADBF
:10B79000AC9AFAA93F24EFEC57D92118E5275F9D11
:10B7A000EAF0CCD66A3F792C376578D47362CA4206
:10B7B000D5AAAF0EB4A5C51D3109D55671ED588374
:10B7C00027B943438B72F8BF8AAF4B89166F3B2969
:10B7D000B281E0AC87BDDFD0463B3B69BDF2F233BE
:10B7E00016888C5CE9CF16375540A68AF16AA72FD8
:10B7F0005FD843756D9EBDF95708F3721D86D60854
:10B8000021A66EA5EB873504F19027E24F624F61C8
:10B8100035B7C420E75780413A2125F1B456633843
:10B82000FFB2293D7E6A0B31EF72F75C0C90742CED
:10B83000289B9A5DA38B56D9D8A03D08B0E38F987A
:10B84000E2EBB1E367953710AC15179CA16258C1C4
:10B850009086051B732A0B3D18119164C8865145CB
:10B8600049ABC6DA25A77891793C090075EEB7B7E0
:10B87000DB94C13D1E3B890F52613D82AD2FB69ACC
:10B880002611D3D35A098B0C92A139C04D32A24C48
:10B89000F613ECD21F4EFA52EF56DA1D8B2F180F0B
:10B8A000EF2DF0E379D345FB6CE156C1307700EC26
:10B8B0007E22AAD7027F945D3F7CB8BD5912ED87E6
:10B8C000C88A5A2DD7FF575684B09B4C40910E1F03
:10B8D0006140C105A2A2E02EA0CF0F6C4A0671BC48
:10B8E000E2600A3FA89BF133DFABAC5C4ADC5E60F0
:10B8F000511B7B119DC0D6C3C4C9ABF766A1516C67
:10B90000E3A72333E95B4C1821714ACC6E3A2AFB3A
:10B91000F1AB7426CFCEA64B1A4327ED5512BACB06
:10B92000A851D4AD30701B9863374EB17F33E31B01
:10B93000BF2044BDB93AC2E82F79CE3F0A34D1398D
:10B94000C05C2E1753892E93F1E0EE48A7B0A63DB8
:10B95000BD00052A1E0DEF4175F0BBF015B23EFA91
:10B96000523B0BE71FAFB2F76390E48C1C535D6D45
:10B970007D0843479B3C4A7C62A6B79016CBB4FA3D
:10B98000F126C84C074DAAD7AFF2A3404F6FF8BEBF
:10B99000DC9F1ECF844B721056F51B9BA8685D4D33
:10B9A00008FE54FCAE601638066BC89E202BE27A67
:10B9B0006547EC96BEEDFCF1A71E54593F94DDB2ED
:10B9C000984C87E51AAE4055C3CA82A526988026B2
:10B9D0001C46671ACDBEE30857E338B2EB39106F47
:10B9E000ED42810B4B91CD0D3198B2C6ECA32605EB
:10B9F000CC4623F4A1A74C80F98DD6F34423A2456D
:10BA0000B6D70068591C6A742600A898AB1A4AF683
:10BA100044DFC52E6BE403421F68950ECAB55F1064
:10BA20006BE5175EA4613B24894ADB8A06BBC2D85A
:10BA300060039312F90FBB73B72C921255C717030B
:10BA4000AE116202A8E3ABC1FC6A9CC7AFF4E1A8E7
:10BA500064C4BD8DD14AAB448AB957A95F0846B6C4
:10BA60001F75BE2453AE252CBF6A02CBEECEB26D3D
:10BA7000073AAA97F882084F1801F816D239DF3C26
:10BA800068CA0FA283C58933BB624D83E89960D62B
:10BA9000E5C422F0BB3647FAA48A20649822EEBAA5
:10BAA00001A21DDCB20CD3339E687A7052A23535E8
:10BAB0007C1F9E3BF525142DD4200414D26398627C
:10BAC00087D676EE03F9AA3E3A8C1D846C90D5BDDC
:10BAD0009FA67826BB6E6716D3DA736E2E97EAB5EB
:10BAE0006FA0F7A11FBB52DE1695B5E4B1BBFFCD29
:10BAF000050156AC5DEECB4C6A857A98983AD0CF6A
:10BB000090CAFE1D7528DAA88D0F6A0E9A175DEB94
:10BB100040942E0CEF6B2BC1082112297B1743E4B4
:10BB200027F132BF7D11FBDF418A74E83936C2B894
:10BB3000C37C2D79BB3DC8AE7D6E34A545F005D4E0
:10BB4000266FC57BF4E5BF35DBFF7EE83E082C8120
:10BB50000D30399FE56D984F6894DF55B0164171EF
:10BB6000C8E29B423707F394586C316883F15CEE6E
:10BB7000EA1C95771AB52426F92AE3E185EA72587A
:10BB8000BF6FF268244769FD9D04D156BB663D3BFB
:10BB9000F5C4B37C5947B6AE0FD07054D82E12DB23
:10BBA000E6489B32AE70D4BE779B4B970247F5D8E0
:10BBB000B9BB75184044DB6A93F7A04105276AD9E1
:10BBC0003014823AA62C80B8867808689663D137FC
:10BBD000F16593AC6162B47C7DC5EC3DE4C3DD48A6
:10BBE000FD96FB63E775A54729867D7996938D8C35
:10BBF0001368D3BF91F6479F4D5C22200537712E05
:10BC000025E22F52FB24C6DC915EAADBD03A150F49
:10BC100052A388861A75D594764A42A42374134792
:10BC2000546B4A389ABA231C752F25FE00C8A030E1
:10BC3000515B7E4D994D56896FD671778728177C59
:10BC40009EEF0DD0D65D80BB658C02CFC5B6DEC33E
:10BC5000806F75BA210F988A4A3A3EBEADE7FD7EE5
:10BC6000542E760F7C4529219452BF1F9671515E48
:10BC7000DDF990D4169E2668ED636B6B094511E3E0
:10BC80003E2E80BF4E1130FBC7EAE26E150BF15419
:10BC90006294BDFE529F919CECD79306475AEE13D7
:10BCA000585E7761EA570685B13A78494C2C8E9EEA
:10BCB00005A577ED2955B4F06FB1747DDEE8A63C9B
:10BCC0006A709599949D1D2775C721C607FACBB355
:10BCD0004348228A19018A1036755D7ABC09666B61
:10BCE0008DC4FF8FE91A62F7CF4C0BBF977C61C000
:10BCF000B30BCB59D7E4DCD69B1B6040AD44213459
:10BD0000365DC3AD26341AA7C72EFE3168E29DEB1F
:10BD1000460800EDFB96BA2D13D62E94D89A96209D
:10BD20006BF53FD6398DC01D927D9F3F9171255F88
:10BD3000E9EC6F225E04708C63E85EA7EACA858432
:10BD40003B430258AC1EADF10A6F987A61E1F4C72B
:10BD5000F44B56FDB2D88A22B977EBA80A008CF4CE
:10BD6000F87CCA572AA37BFD9B22C53CE65B37665D
:10BD7000C24F879F1ED4B311850A290B785C2B57BD
:10BD80007E9D1BC02BACFFAED134D405E5BC102E7C
:10BD9000E5753F7EB5C2CC35727603AF6FF2C2ABAC
:10BDA00011F5C1D294BD4F4291F52054C13D83D2CB
:10BDB0008B552A4C6A4BA9AF458CFBEB1E68404C57
:10BDC0005F1B4B84B165D7E447CAF19DBD88E83954
:10BDD000276822877137E29110A813BB8506316E60
:10BDE0006238533384A37CA5516BD5061F8B03693E
:10BDF000BBFEB892B0DB866FE097B369B223AA4D61
:10BE0000F41CCF4B286DA8DBF2D062859656F568FE
:10BE10005276B16B263E692CBDEBA4F370F50FCBC7
:10BE20001457FAF0905791F7D8F371A089D29F7404
:10BE3000B9A4EB16608CEA1178030C4217DDE7DA3F
:10BE4000116D5C15B0ECBDFCA9F3606EFF779351EA
:10BE5000D20E9070E24B87016830491FBD18BEE2D8
:10BE600003A72F17605823321751C38F1B76724BCD
:10BE70005455B42F2BD7E46FB8DBC640AD1722ADB5
:10BE8000CDBA6D30F259219EA0411336F76712AB3F
:10BE9000241246FEC69AC06557B558C3609E0C7200
:10BEA000934B34ED2468A3088D25E03E736DECA917
:10BEB00069FDF89ECAE903657394574A61B6D0BA22
:10BEC00020E2764FCE14CB783B06E258FAE0723A85
:10BED000A430D3B493D9093DC4AAADAE18FFC4129F
:10BEE00002F86A74D5F428976114689EF39E693845
:10BEF000417EF23ACD882F76A868E1FA82F38C5120
:10BF0000269546880ED6200F36C5BA12D2672585EB
:10BF1000842E3ABAF18F1ADE8C9606143D27F5E18D
:10BF2000D928D432CAC28A54362E1279CA40644300
:10BF30002126054CB025B55B1BB26AC1651DC258F0
:10BF40001811A922E8735A9E7841D2355FDAF0BB06
:10BF5000C5AA2A6A4B75009C748DF0372DD36DC12C
:10BF600064E406F06E3E741D513BEDB9CEF9ECACC5
:10BF700039FD59169F8EE7F8F260081A6B38CC9D90
:10BF8000008E779E6A32D8F287DDB350E743959AE8
:10BF9000A8C1E2A10DB5F78AFE0D237895B74CB480
:10BFA000173205CB50C1FED4CAC237D68B4CDCF752
:10BFB0008D9102F287E9D467C04807163FD244F05A
:10BFC0009C0C06ED5B9A112E2F47A0B01F14EDAA12
:10BFD00010E524B3682F972766C275305560FD05BC
:10BFE000D15719053D18A4103D804E6D52F388427B
:10BFF0006A1A509633019861C6F70AD825E6D4B07C
:10C00000660C6FBE50D3C4741678920129C5BCDD8E
:10C010002366BB3045644B58231038E0AC671143AE
:10C0200046346C0AB10D0E3F2EE9DD4F5AF41799D4
:10C03000E2223DBA484D9B9A78CBF7BAC14E08C16F
:10C040007C61E3D2054205A9E1A8696E55669ED8D8
:10C05000A55D58D865F0F9AD250FD31F6E655FABB0
:10C0600003FF2C4AB7DFBB4DF86D2B88479D072A8D
:10C07000F0200873AAFADE7AD4F0E910729776A35A
:10C08000711E005DAD7917EF29FBB8B89405E7CBB9
:10C09000F778E61A3A193B98E4F0B0A0E8ADEE560E
:10C0A00013591A65466EFB00120B25E73C60429758
:10C0B0003E0A8F45B34821DB16426514606E8D1928
:10C0C000DBDBF00E76C22ED10590EB7D7F19067179
:10C0D0008FAD80A8997E78121FD04367235C654D91
:10C0E000C8F22FBE643F0943E81248E031A4630759
:10C0F000AD55475FD5FF89C0D3FBAD8417DD42DC6A
:10C1000066224A2E5F22F9D5A3C42E34E3F36DDAFA
:10C11000D7DBE7BC1BD6EE64C17E96145182FC29A6
:10C120007C879787858A8B2203281B55E40888C95A
:10C13000881CCDC3F133689F30F84B4FBCA1F98BFD
:10C14000871355C558B2193BA73B9B62D4F7E960EA
:10C15000A1E67CBEE01D511DD829944A9662CC38D8
:10C1600042EDBD464C49CB3DEEF31A972BDE24CE73
:10C17000E0340F4B0CF48DE07E73AC1F74EF08D3EA
:10C18000A9650B7CA4B6FD43E50195379BD763D623
:10C19000069242DF43154E701B005A65449E87D2BB
:10C1A00080EB3C9859D3B7611D99824722772D04C3
:10C1B00032023DB314965722555BEBC9D0CCA2D6C0
:10C1C0008AF49C4A4B757175616404C65D6FEC9985
:10C1D0002EAFD63AF6175EA29481D0BBB1E93BCC24
:10C1E00040768BEF1D9FC8A15345133CBC72184885
:10C1F0004801649BC27182B7DBA8162A32C9FF8747
:10C200000313460DA3AB4E97AA4B55A0EB7278FBD8
:10C2100081D0615FBAB339D2643CF112B4E6322EF8
:10C22000561FCE286BDB70AA59DE6714696391AA8A
:10C23000839CE8E5CC26051FAC86BCA631FBE8E66E
:10C24000EEBA0016873CAE74899EF63445C140C0F4
:10C25000643D817D463EC029141497EE7257F0A8C4
:10C2600072A4109151AB1F19F2A6D27E09AD87D1ED
:10C270003EA746DF2ED27386819F922A73931ED7E4
:10C2800037B727863FFFC6F4E1B9D27FFC97CFF4DA
:10C29000BFDAFE9B5A151F6B91D9B7AD60D9312417
:10C2A000BF3FF510CAA41274BBBC49F3CD93EDCACD
:10C2B0003F0FEF2A16A5D213A1B87CE5C70FB655DC
:10C2C00072A6D27DAE4273E4A300441DC0C3E38FC7
:10C2D0009C68580F152C478306F25D54B3CE79FD48
:10C2E0004860FF05C398E1557E9C5C6BFD532DCAE9
:10C2F000383C740E1C9933EA9D24E4B1999BDD39D6
:10C300007DD4DD9F443AECBAF45EF584F7AC324854
:10C3100090949F2125A29527C9794B04CE6D60D9B1
:10C32000F90640FF7B8789431DFDA90DCADA6875B0
:10C33000A9E10FC48D6E643A2697736FDCE96286BB
:10C340004D6159369B794201A99000A2EA5A74B412
:10C35000F6E2A52D2785FA1F4895B03EE3D52B566A
:10C36000AF4DFE20BA63D87A9FDA22A22DF5BB53D7
:10C37000EE480BE194EE8A536129C4B3B3E99DDC26
:10C3800099D8CFABE7B17B2E6F1411CF9E38CE3D3D
:10C39000ED9324392815C635DBE342B964F930FF43
:10C3A0000499072AE4397A8ACC1EBC3AC59F6257A1
:10C3B000F334FBE7684A0AD3360BF55997027573D5
:10C3C000A446D5CB6634C1FA13F42EDF479BD29D29
:10C3D000685833A2384FBF68729BD83E74B6248128
:10C3E000CD470803D8BDE05298D3600F38BA3AF170
:10C3F000CCAA82DDF43F08ECFFC0CC2FFD4737D933
:10C40000113B299A8B2AF93EC017E7DF938BC5EDC4
:10C41000A4CEDC67F9895CC21F00489F22C5C48C8A
:10C42000F5116D02BBDA208944B6CAA8DD2DC53EE0
:10C430000B7D33B9C95A832DEBF1F60BD383BEF5CF
:10C440005BA9A1BA0AE6DC2D62729047466A502FBA
:10C45000DEC63AAF5BDAE215E0007FCC2E6B62FFFE
:10C46000F6EF02C7E02535C5E1453A8E4BD2F5C55A
:10C4700077FE694E33DF4C5BF5B8F92700B94F56AC
:10C48000642727611D849794FB1207D25A9F467632
:10C49000E94B21621A67ACA27ED5559D518440209C
:10C4A000B5316B61284794ACB5F02BAFD3FBF4B337
:10C4B000CF505269CE570538E84EAC248F3E2AA1A2
:10C4C000D5BA45DAB41998AAAD9E860517D72A2899
:10C4D0006BFC5EAC0B99E424ECD52DEBA3888D525C
:10C4E00070FB1F874D4D4867B342FF9DD5513EC23B
:10C4F0006243A63E74E61BBFAA9D55BE69426169B0
:10C500006CF3ABEAB203D1A8001432D5F5A3BE2B6D
:10C510003E268ACCF63B42E6DD1A9A76FE864272C9
:10C520006BF78F24C9649C6356345ADA6208CFF3E0
:10C5300049A96B8D880D37A8F4BFB583521F6A1ABD
:10C5400099132D21BA4D45758EDBDC13AD56A10430
:10C55000C3415F459BCA105015F3A8B3845DFC42EC
:10C56000D15FB1C710C754FA0848F4BD9BC056CE7E
:10C570009FD259C23BE860B0DB095321BE79C1218B
:10C58000851B94AD3FFFA441A9C394AF31D2626033
:10C5900012E05883C8A3FECDB84CF56778BB04F40D
:10C5A000DF3BAA0E59A3EA2152CC267A1AD6365B73
:10C5B000DCA6DDF7D64A6E24AE7052E3705C8D883F
:10C5C00001DAA5BAB1E5A124EA077D0BF11D3FFE12
:10C5D000C3371F5787964DAE5EC459510DDE9FB1CC
:10C5E000011E1510DDDB7F8398C092176FAD41FFF0
:10C5F00075BEBCCEE94E509E84021AB609054B1B8F
:10C6000021B8189CA357ADE24F2C470C5BF2DFD842
:10C61000AE3E694134690756E8610648C6839B5AB5
:10C62000553FA3ED5DDEE83437E22E1F2AAE1080C1
:10C63000D0AE3B65C454FCDECE5CF28F6235DA7E50
:10C640004E836685BB9210AC6DE8441BCCA9986FF5
:10C65000E85137F5A7AFC7F5782C8954FA377E1E15
:10C660000301541FC8CE169C03F485474F66CA7B4E
:10C6700040B7953CB59E332A1A684499E78BE0D0C1
:10C680001D004E9B1B8F71329C68A91BC00ECF9A58
:10C690006A1DDC9D851EB25D7ADBFC419944DAC2DD
:10C6A000E4CBF740F9324613627A722DF596AB2748
:10C6B000203CADD161957BE04500A5CA59295F6852
:10C6C0002088E4EF849820D461386EBDB3B7CA8F58
:10C6D000C9DFABF60DDBEF018CD439A5F05F15385F
:10C6E000445CFB16762CE64D24D3738C171BC517C0
:10C6F000FED20B88089C19D81F8B218332AFAFE57F
:10C700003E6AE2768EDDB862358F84D07786BD5A78
:10C71000D63A371E7DF40EB7F37B2E2FBE10C9DE3E
:10C72000F3D841ECEAE6A89E159FA24EB64B975768
:10C730001AA1F57075EB66B69CC858D05BC32097FC
:10C74000AC5C751D99EBAABDA64FF914D3A816C70A
:10C7500009318303C52BCC323B52FE712F576D2814
:10C760009D0CFCAA36C96659A58ABD4229108C8049
:10C77000ADF31A0663B8853371F0109DAD43B03C3C
:10C780008C5EEDDA4CF9319BFEAA187A6F47021ED7
:10C79000C1FC5220E30CBB973DC7244362B2704BEF
:10C7A000F61DCA15E9A67E4F3853E36BEC3FF699A8
:10C7B000B2D6A737ECD9E0EB6915F6A0BF268D3EBF
:10C7C00073D7F64ACFF2816E661C2585390506B30C
:10C7D000135D6405E873AAE7A8549155018F4E5F75
:10C7E0003DCB7D184A546BF65E31D7CB51BE47BA6C
:10C7F00050EEE4B9B71E02ED9D74665647ED3377EF
:10C80000CE2D96D3B242F7511A35B88C97C57A75AA
:10C81000C4495A2A8FD144EDFE0DF672EA07C6A626
:10C820000893A301480FACEA88B7D7E1C3545DCCA5
:10C830003FF455BC51DD4725BDD008700BA305540E
:10C84000D2097D66B114E299EFCC8C37098243930B
:10C850007A4DB519BDC4CC4B536BAB4ED995102A4C
:10C860008BC8787BDCDB7B2F9DF87A28BD9EBC6370
:10C87000D372C9BF1EDCFF18A903ABBA1B3C050964
:10C88000A0A6FD77FDE7A4AF9EC2D8B8E8F0D14DD1
:10C89000BA0B2267789A85D0F387E5C4BE3FABF424
:10C8A00097CCF8A8827016816E5DB1B4E5F07C95E6
:10C8B0008608F1277DCE31E483D91C0F5EE67BB379
:10C8C000A919D8D2FF6DAD12CA759255F5396549CF
:10C8D0006D67D8AE7880A305B9223548C3C12C8CCA
:10C8E00055D445EDC9FC7990C946998A3D445BCC45
:10C8F000341D72AC0B15B4C27A6178ADE130A79AE1
:10C90000FD28D81E51BB2C3E5758E27051D8FAF87A
:10C9100082CDF34CC4E26F6A4E1E1308B11D888CA1
:10C920004C3B2867321F9943CF053E71477FA1904A
:10C930007EB31BC5518E370FA7A3667A3F574C6D48
:10C940007689ED22BBD4AA3E6B0BA10044A02FB880
:10C9500077F52C71479DA35EB5CEDDD9D39A0A53E6
:10C9600035108E2527C76B0A2C25014BC77C7067B5
:10C970004622D3BEC95E1C82C81EA180F4317ACD86
:10C9800004F3EC6D5C5C1677E020CD70B0A826D582
:10C99000273DCF9D231C39ABBD446B6C9049210BC7
:10C9A0008CE7AD2799CB660158408BCF734D16FAB3
:10C9B0002E4E803523D9737D4ABB774C777E838E8C
:10C9C000F868991AAD250364A99B642AFB46BEBF8B
:10C9D000DF62B0773F6A34EDFA63510D8A5D9BE404
:10C9E00091EB9BE8CE934F24357198A359060D8D9A
:10C9F000DA9F9E2B3BF9B23E7A4D2DA7C877507A2D
:10CA0000214F24D2C272ED109F8D215C2C7BC0552A
:10CA1000DD1BDE1B1D5B6C2977E6F55A1003D5DEA6
:10CA20007E726ADC7C11C98F50A69F9B7EA3A97C75
:10CA300035223BA8B7613D96A808B0CF8AE6843B73
:10CA4000EC87A0C096A43FDC26C825B500F779D7AF
:10CA5000D59A7B17E52F2FB43C3BE43E1EC55816F4
:10CA600068FCA11DF7708012E58D09714C2DDD2445
:10CA70007EFCA4DA0C2FC0D9FB7B4277F85FB9614A
:10CA8000D57C3C724D1BFA9DE8167A6AEA36978A85
:10CA90006C03B5894A9EDAF847FDA25D7A3C85E5CC
:10CAA000BE21ED32A44D9A069B771300C53C1C189D
:10CAB00045841B52A7C47C8F599E1CD42C7B8CC7E9
:10CAC000318DDAA06BC08C1218E551D3DE581F509F
:10CAD000F24ABCCC1F35089249E04A8B9D970FC99A
:10CAE000EC074DBA7BBCAE7A6F14F2DC86D75A2CB9
:10CAF00099279BA1BD1B3304EB5ECD1ABCF11BBF74
:10CB0000C801B0A94762E1DEFAF11E7656D2F4C739
:10CB100078DD2C96E36A2345E7A1C53041660434ED
:10CB2000E960158FD8166B81D7A3528DABAB87D731
:10CB3000285FDC3E4C620FFD0E1E386C458CF2DB2C
:10CB4000ADC1F598232576C2E5EDDF67F2E793C323
:10CB50004146671A95A178694C02B358708210D487
:10CB600051E2B32CDF8912B19C9C1BBC0FCE5DE15E
:10CB7000779106BA4433BE6A8CE565A97ECAE59012
:10CB8000B1C8145487811E622B02BD52D60B9A5233
:10CB9000DC65A7225CAB8B2FEBC2A2CCF5B291CEA9
:10CBA00005E6538C5657716F4EEB364C27E423BB8A
:10CBB000FB367DB603A09A10DEF9F029EAF9CF081A
:10CBC0000BF11D408E21F2AF0E00BBC66797E6C584
:10CBD00067E6FF4D30A3FEE6C294D0C6B9B55275E4
:10CBE0004A8F10C921B912EDE46A6B5BAC33F416BD
:10CBF0002BF1E7BEEDD9448402A1FF832EE82F3D3F
:10CC00007F2857AC56BDFFD0472C90A9D107A35D14
:10CC100069D1D8DAAC9A0A1C7118F1A26B20BA0D4E
:10CC200075E9DF1F03D28F42DD332E60FA682E1ABA
:10CC3000FB6263CB77151FC1DD1B9145CA4953C702
:10CC4000AFABE6997FD8245F825D4A912F1C848B1D
:10CC5000E85E1A6CBD74F48D0D8C7AE298FE9FAE7E
:10CC6000B430B187472DB2BC5D9F64EEC609E4C7FE
:10CC7000A02A08685FEE1CC4865533F82695E05755
:10CC8000E77F297D72DEFC3F51256935F190CDE4C7
:10CC900026800D99146D5FF4C98D56EE9BCE4C1A0B
:10CCA00059ECE6C8E01247F39EDA96C9549A55410A
:10CCB00049FC8744BDE53A631EE0E7A686CA5620D4
:10CCC0007F9A8E750FA618C2CD4029B3A66CD06D81
:10CCD0005C843D0167D8B940E13BD1E63E5AAB8A5E
:10CCE0006EA45A2F3FA75448CDE4CB48EC30C2B0D5
:10CCF000A5EFC4F46E5426766951D3A5F81F982386
:10CD000004AC5635B448C82D3A4B9301A890EDF4C5
:10CD1000677A6CC7F4951859EAD30C5F20E842D4BF
:10CD2000A250E6F7645B35E1499CDCC48BACAF15DF
:10CD30009BB929BE2606DD6A78F0942B364EEB505F
:10CD400029AF0538566619CB42D1324CE9F6553534
:10CD5000A06F2C7CF17B1C31A22B5CCFC8A760801C
:10CD6000F3CF4F4A687086E8B55BF51DDA3C39733E
:10CD700032B6D98D9ED3036A2B5A9DFA105AB251FE
:10CD800016038A39B6B9C4E21C1A4606C6CEE7E5D0
:10CD9000342B5AEB990860D5B74AF81F178BA36557
:10CDA00079EFBCE19E3A4DD3AF8BF78ADB9A5A9369
:10CDB00020D12E94130B1174D738710BC2CB167F70
:10CDC0000562B5648F3E79ADEFB5AC676E789A5E5B
:10CDD000E077FB45498CD45833DE0BC7A54E576A24
:10CDE0005A8D3D91FE3B068E4FA9AFF1F174AD66B1
:10CDF00055541E4C365A904F9A851757BA38F6C17B
:10CE0000855CF2DD19771E8792B640E7BB92A49647
:10CE1000DA5A42EAC0E7E6797F790C252461BE1F21
:10CE200046215591A7AB8A9C925157EB2A81FA95DE
:10CE300067F48E70C41EE2287AD019B8C784D10373
:10CE40009D9D407EB8813782F05B15AA4A32D70E8D
:10CE50003BA739CD540908ABA34C68E5DA57015913
:10CE60005FA8A58E8CB3162D6254951F82FDFE6FB0
:10CE7000ABA0EBACD5C0234030D8370A57F20994A9
:10CE800007FDFBDC3E1C441E67BB78E2176FEEF328
:10CE90002C814B9DFC27DC1B2E9FAF697CE01CBACC
:10CEA000029FB41EEBD05A60988959806DC84E28F5
:10CEB000719F5DAB9BE85CC0FEB33698AEF89F7582
:10CEC0000AD4CD0FF51993170B41F0B56A2E597B93
:10CED0005ABE43DCCE312B7EEFCEA0D5F07C632C46
:10CEE00093110E6629E4CFA4E8CF50764E5ADFDDC9
:10CEF000CB26A3CFA085C525DA412BE8DAA5740E91
:10CF000037BA6E8CED5D8FB1222D3CA9A474F27FEF
:10CF1000F8E484083E31FCAD60F215FE34434D9CCC
:10CF2000BBDAD99C0146A2297FF02002789C44F705
:10CF3000C0E4E4DA436F31DDC3B9CBBA302C421B15
:10CF4000062BA5CCD95574744DE553D0F6FE8EB1A1
:10CF50003245CD84210BC26BF29899AA1192E41A42
:10CF6000E7F73969346BB2578F843660C192A9757F
:10CF70005D39468EAB767A3388946097FB912C802E
:10CF8000465BE8B072591DE6890EB66C47449DA415
:10CF9000D969CCF77BF8EE0A234DFAA86F477506DE
:10CFA0005A6B53B9193DBF35294C12885CB762B32F
:10CFB000CD8EE4F81100AAAE6CE3960E36DE520D6B
:10CFC000127851F1411425569BC4F163A57E3D9C16
:10CFD00065ECB34310C0009A443B603D80F4826A24
:10CFE00008103E8F118C669FEFA02F75542AD6E350
:10CFF00076DFA56DCBDE697ED9616A630DE009EC51
:10D00000F302B3807EA9D99FFE93724A201FCDA060
:10D01000EA771FF434A07AB0189BC2D59B093B0273
:10D020006F4AC8D0A0A8B2F3BB9114F65387EDF6AF
:10D0300054F722306CDBECD105FA169E8E7B15E49A
:10D040004E980B7966020A3DAFC83449B5D4A45650
:10D05000BC1762AD00D2B44336B0CD91CF189FB3A8
:10D0600075C5143A9F9F826A86BABB28D03C986ADD
:10D070005BB162C7F25FC1E321BF4478D39CFF2E4E
:10D0800092CE8A292B7009E9B52C3CE668DFA1CF46
:10D09000443BB483FA77A74571B36D2B6A0AB80A8B
:10D0A000D14E1F4A480C59FD19BA468EC16BF90C76
:10D0B00068CC56B190D541827AA0749768D117A5F3
:10D0C000A15F3E9E4E4E8BB85B6FA919435C1C3F1F
:10D0D000D00D5B5477D61DBD55B493DDB3EDFF7B0A
:10D0E000566E7BFB4FE1C9B2A6ECDCF6569118D721
:10D0F00010419F1AC4E1EE296CBCB440AC443CDE44
:10D10000A362BBB830DAFF21957D6DADA2C23BD0E2
:10D1100043EAF026C89E1BD18B530B3D04A40B3B66
:10D120006FBC0EEA07150D7BBA032AD794E683106D
:10D13000C55564295AFBEDB9B062C4EC48DB81AA3D
:10D140005478E4455182138DDED17C5115B48D2E77
:10D15000C34BB30811AC5DA4C1FE341A53F202B53F
:10D160004B5480FCFD5EFBF5E2A541C16180F98C6A
:10D17000FC19B681E02BE949B8B9A8048BD1F33882
:10D180001B96D4DCA2F439D060AA9C09E8D35A0AD1
:10D19000DD5C7DFA0F1CBAFFE1B885471F134E32E4
:10D1A000B24D826AF864D9A460CAF62D151C1364C6
:10D1B000CF012C682A00FA71F93C9F5A1C539FB189
:10D1C00091A0B242DF4E72E71E2737DA74715ACA55
:10D1D0001816B071F7B1F7110BE4C1147AB1530806
:10D1E00029725548B8EA10EBE3EB32E88D3F6C72D8
:10D1F0000AA03D5B9991AD6CB9DB54EBEE7E2D0F2F
:10D20000B9B3C2F7469E873BF2729D936C4169F8B1
:10D21000F16C134764C3F0F489F7AF1F1D12992115
:10D220009D2F5F5EAA56103C6957D67C5427841DFB
:10D23000D9B41BEAB76281A288A3062546C5A1B866
:10D2400055511324186BD603E04BB733B423C54EA6
:10D2500079F77897379227F70A9D71A6A04F77152F
:10D2600097C37604CA7A9DC9AB2D17F0ED89A8EA59
:10D27000636942A5B0BAF360BA37CF1B986E2E82AD
:10D28000D28E7F480D52FFB947578E34DB6E412D49
:10D29000310DDC227DE886943EF0D0A13F17B9DD48
:10D2A000ADB30E788E24AFBE3C0D27AC31A4351340
:10D2B0007A3B408F997560CF59319F1AE0A233B302
:10D2C0002ACDA5358CC5B7910C5AB83D73028FF89D
:10D2D0003DCEDEAF6B323618D5BDC574BD51BCE94D
:10D2E000A7A8DEC32959BDD3800DD95F9E475A89AF
:10D2F0000FFFBBEDE414A45FDCCB204EF389C09894
:10D30000A5125511A86849BBF06ABF49238383174A
:10D31000884331EDB25CD731F859555A99015764B9
:10D32000AD73A8C0FFE846E2BB774A37B25866AB98
:10D330008446B9E4EB4340DC25B1BBE6056E290524
:10D340009F2AE03784AE8AA82496924F80FCB1B918
:10D35000A74CE78A3BB8C6E4EFE388A87C76203286
:10D3600047AA0A94C35062734F8C14F967A1C91974
:10D3700082041606F79CCFE9BA3310192A663DD10C
:10D380000F17468CD8CB389200467DE3FDAC2C3885
:10D390009A16FC5777CF037DC9944D21CAA0A3E00C
:10D3A00087999BEAB21D29C56211857900B9E29B74
:10D3B0009C0939A53FACE1C712E112FDCD46C45C22
:10D3C000D2C54D9A1A1CB488C672FD017AAF9798DF
:10D3D0003A956D07FD7FF454238DE7589D194874E5
:10D3E000A401BE4938F925C4B6BB5804741CA974FD
:10D3F0001AC0A5806D7046735380CFED429529D336
:10D40000CD7D3BDEE74512249D53569A3E2F4912AF
:10D410005AC0192CB29283111A016B47189DDACBAE
:10D42000A2B32B1949B68D3F6BA8F063B20CDD0493
:10D43000F95935D8488B7F3AFE58729B0E0177BE5A
:10D44000E07534F99977820E311E59E2DC4D88ABD4
:10D4500029127E9B7DEC0A7CEA49EC81883DB78BE2
:10D46000F4FCFE936BACFA741878068B6B84DA7E4E
:10D47000F02B88A7C3D66C333E989A4AD888217A75
:10D4800028E446157FE6BA054E52A784E59012C3FC
:10D4900061B82A716F164CA2FAF5C80E50BDD0C5FE
:10D4A000B798F21CD525A3E84EBCCD934A9DDC5419
:10D4B000E4919EDA6C7E11CE9B820F1D15259FE9AB
:10D4C000F4F3F47B0CB1E1BFF112CF41579F4FC190
:10D4D000DED9D72F37FA06FA51DBAE60D29DC7D11D
:10D4E000A897504DA24E87D3BD4D1CD632043E1492
:10D4F000BBAC6DF97E12CF663FA5EEA8BB2B558362
:10D5000004300639D86A4C71328486A5F237FC0B98
:10D5100049154379717F272BA3325E67EAD6674CA2
:10D520003DF53B0F7D266A6F4DC25EBB3CB683283E
:10D53000F0F4C961D283895FA24C4106B11066B58F
:10D5400060C6163110591FD0A177CB9AA6F51310DB
:10D550006FFB2056D49898DC6BD52376A8D9B80EEB
:10D56000ABE74FC33BDBFCF59D8500C395338023C0
:10D5700050054C66B56AEC5ED6DA260602170C0B2F
:10D58000D1D0C75DC3E3682C2999CB606646CFB381
:10D59000DA6BF502E5F2EECF3BA1E210BE7AB38E74
:10D5A0001768A6FBB45AC974B2C811E1E83C205907
:10D5B000D0C3023A4711C5B86A9597960CDD0DC4E1
:10D5C0003BAB66452FC41BF5B4C3C581F7D8D30761
:10D5D000FD89FE80D68B2B1F643DE3504AE0714AE3
:10D5E000B7362C3C65ED71B1B7DD01969ABEACBC87
:10D5F000427CA72412F4E8B7C2BBA26E88EDB4BF88
:10D600002A2F904477B766384848CE72C684229352
:10D61000F09223B80875A19EDE5A9E061A13A155F2
:10D6200079FEBCD05823E87CFFB372708A375B3C2C
:10D630002C80B3425BE831E2E31E6CBA56A24A2B5F
:10D640004EF6BEF3B26167A9B9829F86BD9D18B63A
:10D650000A7F71302B89ADE843A58520EDBD761892
:10D66000D7E61B6CF30489A96E3A5E8B02894D23C1
:10D67000F27DB7886A95ED3E1EDFD1DDF61492B8D3
:10D68000544819AF1A8177ACA78307FF601D267C29
:10D69000BAAB6FFC2E0B7C53E12E4A543F675CAF54
:10D6A000182BD5888104A63E68AB6AD3F1B26D3BD6
:10D6B000D0DE16D59BBA7380227B0CD2714065A256
:10D6C000A4B5D1E886136774D72CCE6C819CA01BBF
:10D6D000E01C32CD756B3C720E3493396AC89B6482
:10D6E0004875F002AE29A107BB0199BC5C6760AB2D
:10D6F000E16950B993B262BCDB3EBBDEB11CCBA684
:10D7000033B9C00AD6A9EADE766F9FD31833794DB4
:10D7100096F974DE1A38E5C4FCA2B7F91FE3E1728A
:10D72000E30C7BE14EA58D620422DA371190CC35F3
:10D7300082E82703AF8FCBD8ED8F88353D1F8871E6
:10D7400066F02AF9C8F74001CA5A2B08CE969D2ADE
:10D7500001604C36F9FE9D82582335953693BCBF47
:10D76000814BB3B8FFB1BCB999AF7CD2C5AD19EB51
:10D77000C0A2F74DD43A6BB33847E82DAB40D74140
:10D780000FC67F63A36408F3AD8885B4DC358815C4
:10D7900021F4BB9C9DDEC208D8BBB6D8A57FE80D9E
:10D7A000C6EADC1E54CEE8D46F5EB18F8FF089E7F5
:10D7B000FD0CA4FE5FE9CD0AEADE5D32AA8BDAB386
:10D7C000ED4FE1285807894ED97728201232255984
:10D7D00010EA67364C6D2484413332C960173460D7
:10D7E0000C60759F78E8ACA8FD1606F5CDD83146DB
:10D7F0004DDAAAE48621D0AD5F02C8C3254082FC81
:10D80000278B2DF26423FBFAB51050AFADDE2B351C
:10D81000AA5C090E5E542E1A3087DE223D2FAB1310
:10D8200015E30BA720975A5D455A42BE8953375AD4
:10D83000275EF783B09CD9B90F8CE570878FD664CB
:10D8400086470C4F215A9809F1758442745FC4FDD4
:10D85000E903611BE8B03DD6C57C679ACEB35E7D17
:10D86000842A805D08DAE853CA15F232E2C505520F
:10D87000859D58573DF7DA3CD54A4A9F477DA9BD5B
:10D880008AB4968168026F06C3EEB1EC1A4CE81BAD
:10D89000E931FE7420F0FE57DCE2A2898FFE5E2B98
:10D8A0004A23593940B92D13A3E33C9C51C3B11EFF
:10D8B0003E3DA3D798E858EA2B1A486DF401EF3A99
:10D8C000C9BCB615452CE476C207843029991FB827
:10D8D000150F773985BFFA9D04D6DB30B88C8119D6
:10D8E00009E4817A25662A37BEEE3117EE1C366BC5
:10D8F00007435356BFDAF173274E9E4E142B2FA4C5
:10D90000D0E6F408BF46A7F38A28BB2FC96DEEFA0C
:10D9100053225ADC236A271A2BED6EE9FE006F7D35
:10D920004AA4377FBDE99ED3EBBE5B7E0C9565971D
:10D93000844E589D729F0F91317D8296066B6AB21C
:10D94000F6FFBA3D62C6C1CCE96EB6D8ABE495D954
:10D9500044092C39C79852B550D00452E86262CAC3
:10D96000256BD51D8D99B2509CD871F95CF0DF5FA5
:10D97000E8E994D916D094D0D150A14C3B2BDEBC11
:10D9800069A7876285A5AD5BD59A6ADC36D2C0EE01
:10D99000FC90D582E84CE9D0D38904A110E58DBD77
:10D9A0008DA629F9625933AAC03DFB12D292C00D4F
:10D9B0003D1BD07A23ADFA2FDDC34CBC2785B18B3C
:10D9C0002AF2EFB206721E7B1D7E98CE78AC3752DB
:10D9D00062C33F53F88854E18C1737F6528C0B160C
:10D9E000645F2C15191A0EF2457E68A8D63DFF26F5
:10D9F00091E5BDBB293A14D8A9072081FDAA6D7B0A
:10DA00003B879F2CD45723F5294D625A507DCE5C1D
:10DA10006C95B87B1CB6EE7A9DFA6376B18EA775CD
:10DA2000CC1E40E4FD00DF3C150BE91B82A2021C6A
:10DA3000F955C31593C5402D4C6F156E83330DAE4C
:10DA40009D05AA938591E8FEA5CF8AAAC2245D6DA3
:10DA5000135045CE7770C2A373439E6ED5511824E0
:10DA6000F56462388B83342A3CCDB6827FD56A7DDB
:10DA700037B91EE3EEC37EF1B6F2732C620EF57574
:10DA8000E55368888D914222A51C1584AC6ADC4D53
:10DA9000B585BBE3788F43A550EE7C7D8AE5057B99
:10DAA000D5024409D2D9BC115BC3569F2809CC6E5C
:10DAB000FA5C9169C1BAA627F5517B507E74254C5A
:10DAC000EB1348E982AB0784B4F66AAEBAC31F2FE2
:10DAD000948DCFE304BC3755187C39778FD02496CA
:10DAE000BA88D933FDBA29D1C45FE4B6C8F0C33DC2
:10DAF0006AAA375C37C665FCDA4383294117A797C2
:10DB0000AD2CFD53E4B33EABCC6C152F48B375166A
:10DB1000931AEB492AB8543945A8FD5CE512EF6326
:10DB2000A31226C8DD411C042F423232DA3CCF3327
:10DB3000482E748AF17CB15E0033218ED04FD2F62C
:10DB4000898B3755F2D1E95912BB9F7DE180B97CB1
:10DB5000305ED8D3D20C7F710A98EB07524EC4F9CD
:10DB60007774DC1516F5C257AA9CF7722CC87A2276
:10DB7000123C81ADEE6212AC64DB42808A3247CB4C
:10DB8000674F81C62B09580E9F743C050DF16185C6
:10DB9000348992F6F597386F295C78F20B6140A0D2
:10DBA000A43A8C0A0F4F0089751BACF1B1093FFCF8
:10DBB0005B9841E90611C1EC438C5A56D4D2B9A204
:10DBC000B30C81F08A6B131BF335BDE328DA6A5777
:10DBD000C950969F37495022D38FA367F8AB38902E
:10DBE0000000000000000001F57B296F9E32F46206
:10DBF000D3A007CB9D49DCFD20172DB5B7BC4DF94F
:10DC00000D18A2F3E8DA38AB0D663E370CADDB63D6
:10DC1000F30D310074E7C1F4A36B400669549860BA
:10DC2000F82F9DB159545A0AB3F4C286D904994CBD
:10DC30006AA352A119AA35DBBB61BEAEA93515DCBA
:10DC400094C76D6E7A55C631A825692B9E5FB5F0D5
:10DC50002C22AE5769CCDBD08E4287725CAF09BCF8
:10DC60004C777ADA89B7D66940CED89BAE2BD1AA49
:10DC7000267492333698BEB4B6BC48A6AE4D6FB784
:10DC80001244CF84E6D102BEBE68B09B3AAA568247
:10DC9000E48BD509D06D9E5A4E8AF020E148F5EB11
:10DCA000C6D77AAD3B22558B32BB496E977A263266
:10DCB000DD8489CBC52EDF2A59099A95DD902EBCCB
:10DCC000BC425C42DA1DF7F74A34AFDA2D5D9D3B6A
:10DCD00084E55C82133C074659D7FF65C1930B5915
:10DCE000A9065A5587688C92FFFFFFFFFFFFFFFFD1
:10DCF000FFFFFFFFFFFFFFFFFFFFFFFFFFFFFFFF34
:10DD0000FFFFFFFFFFFFFFFFFFFFFFFFFFFFFFFF23
:10DD1000FFFFFFFFFFFFFFFFFFFFFFFFFFFFFFFF13
:10DD2000FFFFFFFFFFFFFFFFFFFFFFFFFFFFFFFF03
:10DD3000FFFFFFFFFFFFFFFFFFFFFFFFFFFFFFFFF3
:10DD4000FFFFFFFFFFFFFFFFFFFFFFFFFFFFFFFFE3
:10DD5000FFFFFFFFFFFFFFFFFFFFFFFFFFFFFFFFD3
:10DD6000FFFFFFFFFFFFFFFFFFFFFFFFFFFFFFFFC3
:10DD7000FFFFFFFFFFFFFFFFFFFFFFFFFFFFFFFFB3
:10DD8000FFFFFFFFFFFFFFFFFFFFFFFFFFFFFFFFA3
:10DD9000FFFFFFFFFFFFFFFFFFFFFFFFFFFFFFFF93
:10DDA000FFFFFFFFFFFFFFFFFFFFFFFFFFFFFFFF83
:10DDB000FFFFFFFFFFFFFFFFFFFFFFFFFFFFFFFF73
:10DDC000FFFFFFFFFFFFFFFFFFFFFFFFFFFFFFFF63
:10DDD000FFFFFFFFFFFFFFFFFFFFFFFFFFFFFFFF53
:10DDE000FFFFFFFFFFFFFFFFFFFFFFFFFFFFFFFF43
:10DDF000FFFFFFFFFFFFFFFFFFFFFFFFFFFFFFFF33
:10DE0000FFFFFFFFFFFFFFFFFFFFFFFFFFFFFFFF22
:10DE1000FFFFFFFFFFFFFFFFFFFFFFFFFFFFFFFF12
:10DE2000FFFFFFFFFFFFFFFFFFFFFFFFFFFFFFFF02
:10DE3000FFFFFFFFFFFFFFFFFFFFFFFFFFFFFFFFF2
:10DE4000FFFFFFFFFFFFFFFFFFFFFFFFFFFFFFFFE2
:10DE5000FFFFFFFFFFFFFFFFFFFFFFFFFFFFFFFFD2
:10DE6000FFFFFFFFFFFFFFFFFFFFFFFFFFFFFFFFC2
:10DE7000FFFFFFFFFFFFFFFFFFFFFFFFFFFFFFFFB2
:10DE8000FFFFFFFFFFFFFFFFFFFFFFFFFFFFFFFFA2
:08DE9000FFFFFFFFFFFFFFFF92
:00000001FF
