:020000040000FA
:100000008637389C0A15452422100200301700005C
:100010003015000000000000FFFFFFFF0300010695
:1000200000403E00FFFFFFFF1C000000FFFFFF0736
:100030000004FF160700000000000000000002009E
:100040000F000000040000002F7379732F42544CFE
:100050005F73666C6173682E70746300000000004B
:100060000000000000000000000000000000000090
:100070000000000000000000000000000000000080
:1000800021000000020000002F7379732F66616366
:10009000746F72792E696D67000000000000000027
:1000A0000000000000000000000000000000000050
:1000B0000000000000000000000000000000000040
:1000C000230000001C0000002F7379732F40407242
:1000D00065736572766564404000000000000000B2
:1000E0000000000000000000000000000000000010
:1000F0000000000000000000000000000000000000
:100100003F000000010000002F7379732F4040660C
:100110006F7273797340400000000000000000001F
:1001200000000000000000000000000000000000CF
:1001300000000000000000000000000000000000BF
:10014000400000006C020000000000000000000001
:10015000000000000000000000000000000000009F
:10016000000000000000000000000000000000008F
:10017000000000000000000000000000000000007F
:10018000000000000000000000000000000000006F
:10019000000000000000000000000000000000005F
:1001A000000000000000000000000000000000004F
:1001B000000000000000000000000000000000003F
:1001C000000000000000000000000000000000002F
:1001D000000000000000000000000000000000001F
:1001E000000000000000000000000000000000000F
:1001F00000000000000000000000000000000000FF
:1002000000000000000000000000000000000000EE
:1002100000000000000000000000000000000000DE
:1002200000000000000000000000000000000000CE
:1002300000000000000000000000000000000000BE
:1002400000000000000000000000000000000000AE
:10025000000000000000000000000000000000009E
:10026000000000000000000000000000000000008E
:10027000000000000000000000000000000000007E
:10028000000000000000000000000000000000006E
:10029000000000000000000000000000000000005E
:1002A000000000000000000000000000000000004E
:1002B000000000000000000000000000000000003E
:1002C000000000000000000000000000000000002E
:1002D000000000000000000000000000000000001E
:1002E000000000000000000000000000000000000E
:1002F00000000000000000000000000000000000FE
:1003000000000000000000000000000000000000ED
:1003100000000000000000000000000000000000DD
:1003200000000000000000000000000000000000CD
:1003300000000000000000000000000000000000BD
:1003400000000000000000000000000000000000AD
:10035000000000000000000000000000000000009D
:10036000000000000000000000000000000000008D
:10037000000000000000000000000000000000007D
:10038000000000000000000000000000000000006D
:10039000000000000000000000000000000000005D
:1003A000000000000000000000000000000000004D
:1003B000000000000000000000000000000000003D
:1003C000000000000000000000000000000000002D
:1003D000000000000000000000000000000000001D
:1003E000000000000000000000000000000000000D
:1003F00000000000000000000000000000000000FD
:1004000000000000000000000000000000000000EC
:1004100000000000000000000000000000000000DC
:1004200000000000000000000000000000000000CC
:1004300000000000000000000000000000000000BC
:1004400000000000000000000000000000000000AC
:10045000000000000000000000000000000000009C
:10046000000000000000000000000000000000008C
:10047000000000000000000000000000000000007C
:10048000000000000000000000000000000000006C
:10049000000000000000000000000000000000005C
:1004A000000000000000000000000000000000004C
:1004B000000000000000000000000000000000003C
:1004C000000000000000000000000000000000002C
:1004D000000000000000000000000000000000001C
:1004E000000000000000000000000000000000000C
:1004F00000000000000000000000000000000000FC
:1005000000000000000000000000000000000000EB
:1005100000000000000000000000000000000000DB
:1005200000000000000000000000000000000000CB
:1005300000000000000000000000000000000000BB
:1005400000000000000000000000000000000000AB
:10055000000000000000000000000000000000009B
:10056000000000000000000000000000000000008B
:10057000000000000000000000000000000000007B
:10058000000000000000000000000000000000006B
:10059000000000000000000000000000000000005B
:1005A000000000000000000000000000000000004B
:1005B000000000000000000000000000000000003B
:1005C000000000000000000000000000000000002B
:1005D000000000000000000000000000000000001B
:1005E000000000000000000000000000000000000B
:1005F00000000000000000000000000000000000FB
:1006000000000000000000000000000000000000EA
:1006100000000000000000000000000000000000DA
:1006200000000000000000000000000000000000CA
:1006300000000000000000000000000000000000BA
:1006400000000000000000000000000000000000AA
:10065000000000000000000000000000000000009A
:10066000000000000000000000000000000000008A
:10067000000000000000000000000000000000007A
:10068000000000000000000000000000000000006A
:10069000000000000000000000000000000000005A
:1006A000000000000000000000000000000000004A
:1006B000000000000000000000000000000000003A
:1006C000000000000000000000000000000000002A
:1006D000000000000000000000000000000000001A
:1006E000000000000000000000000000000000000A
:1006F00000000000000000000000000000000000FA
:1007000000000000000000000000000000000000E9
:1007100000000000000000000000000000000000D9
:1007200000000000000000000000000000000000C9
:1007300000000000000000000000000000000000B9
:1007400000000000000000000000000000000000A9
:100750000000000000000000000000000000000099
:100760000000000000000000000000000000000089
:100770000000000000000000000000000000000079
:100780000000000000000000000000000000000069
:100790000000000000000000000000000000000059
:1007A0000000000000000000000000000000000049
:1007B0000000000000000000000000000000000039
:1007C00000000000FFFFFFFFFFFFFFFFFFFFFFFF35
:1007D000FFFFFFFF65FD68E0FD90BFAF1E191FA47E
:020000040002F8
:1010080050524F4752414D4D494E47505F42544C04
:101018005F50415443483017000038C428167909F6
:10102800937CCF7242EA0439D3AB80706FDDEA104B
:1010380017B62E7A6EEFF786945E696E712991EC79
:10104800A16F434D23CB5947DF295340044E8D20D0
:10105800A33EFFE06633FE6F0249D784A1CEDD755B
:101068000E2E427E1A3F15840566E961BEED2F35C6
:10107800C4ED9D8C42BBC8AD62CD822DAB2963BF48
:1010880088F6A6E10B55B76E66A0578D86C7DDA416
:101098007EE66020EB7DC936BE17F5F2AF0F580A21
:1010A800BA35C89072D263F59E9A28EBCDE16B27CA
:1010B800176BAAC09852A7CF3451E63D48D643CE05
:1010C80035FDC297887B9E9DE13FC674F9066AA4E8
:1010D800757BC29117B8FF2F080FCEED3066056AF1
:1010E8009DC09D97F0B6B807EC4C27BE297FBE532C
:1010F8009B8A403976FB513C7AA172B3643107E090
:1011080081B26FBEFD3C57767E3E46791E46924AB6
:10111800D174CFBE9F873034318D282EDF26D5BFBE
:10112800A955C62D4297C370492D15D465023BE3D6
:101138007BEE0AA5D38075BC9D7C39E8B1E64350A7
:10114800BF94F6001DBA8BA3BA62152D631CCA752D
:1011580086DE1C83CAF01329086AA1B741073B82BF
:10116800EC89AA2AD6429EE1F1BC1379B3D53F583F
:101178007F2E2300A0C6B320EBDBD8961A280402E2
:101188004A7D888E65ACE2326D0C64CECA8EB5F0AD
:10119800B775DE1A0D63709B846025599904878D95
:1011A800B7D6050D7FAF2D19F0ED0EA785E866754A
:1011B80074E85FD7170F277300E4B744B5EE90358E
:1011C80070BA2D6EEEF0348FEF899CB24D6BCD0A5C
:1011D8009C8AD06BD06ACF7689F0B3D7851A6FEA2C
:1011E8002FBD25FE889C051A1DAC4983B61B698452
:1011F800303BAF8782D841C9CD3BB8F24A8941E339
:101208009C3D8B5F83F9CCF5E9EE265D8BAA1B9399
:1012180001839CF3319F2561E052E16FDA3D7F4104
:10122800661623E1D760503A3FD040E8BDBBF04393
:1012380043B41217849C41385BA69B1275F1BAC956
:101248002B717C57F31AE9D11BB3F3E3905A715809
:101258007C6D437F1CE1438722DADE940CEBB9EE08
:1012680062A32B61EDA29021F9A1CB0369B3150DFF
:10127800910B38F1EDC9C233D850977BB9ACB74A56
:1012880060EA1EE75CB46D39C6C27BAB76CE837666
:101298004CC16AAB0E3E15E0F9E3D26E54B15BF770
:1012A800735188193438457660FFD639B9BCB865AA
:1012B8008CC0C51741974335FB38E2935782D2A7B4
:1012C80063BE7CFB33CFB8496E7D9BE6B1723C357B
:1012D8008693022E92C342EA276887817BB0E58E07
:1012E800EBED62E5EA72052D8249D5AC4C8784089E
:1012F80080067BCB04CCF160A6908687B8FE820E70
:10130800A085F15C8A729038557B2FBF45C241CCCD
:10131800ED96BABCBB76A251A6F007502F65A4166D
:1013280082FDD1B53B06CD0FCFDB0F8080D184BACB
:10133800D3803FEE96502CC7872465F12280A3BE48
:101348002CFB6D944C0D5BDCE2A7690305B0A3127E
:10135800AF6562902680FF64F61908B58EB9CCB6E1
:10136800CC5717543EE50A2F0A0E87796B4B7FC47A
:101378003C9586F0A0BE6A34F86EC8F19125FCBB96
:10138800A699FC0706FD6BF6CA29E2145BD5D9B508
:10139800847D875E34FEDE12E9095BC014300D459A
:1013A8004BC458811B0505F630D2AE94EA9FD4ADE4
:1013B8005B34CCBEF3D9B1B775DF3F2614FDD70136
:1013C800E9BFDAF58188B7A9007C81F7A6D35888E8
:1013D800609A325981F70B8F5BFFB356C5A7C04699
:1013E800C40D6BAF14B75E5AF80DAA765E30CC996F
:1013F8002018D81B7FAB3B5083BA7F05BEA27379F8
:10140800A02386907A0A071F77AD041B31A3D9E47D
:101418009B4CEE86B9D80F648D7707377C69C0512D
:101428003E0AD974D7398EA34CFB5B0EDA39AE2E3F
:101438008A8BD3820D0AA7AA11CED7BC4A985179B4
:1014480054C1DFFBB42E6808F9DC2385B249D58383
:10145800C885371731242B94FCE9DA4E78462A2BB5
:101468007A2BF44D8FE5B472817A3E7E5C39749C98
:10147800820C86B265061EE3A34FB20AC7F87463EE
:10148800C938D1788447D878849A8A16AB02E9D3C8
:1014980046461797E8BA3F4EAFCDFCEB08D06AF640
:1014A8004EC319585C83BB4D2C44D34CDBD0BE5380
:1014B800DF74B3F922640F96FA2221D9A9E6193EFE
:1014C8009FB5BB1061140B18232A0BED4061950FD3
:1014D800E7FD9ABF4E473D28971DDE87CF75E31B72
:1014E800C570DFCB223C483F8AFEB110832E06EB45
:1014F8005258A4B505CE83085662FD2779EA5FC322
:101508001712D823449A09FA0C75DC2C98DACC4CBB
:101518001B941E6873B6A8263631BA78E1A7D80797
:10152800980CA3E62BE20D2647B5EBB9A9210D25AA
:1015380040761C13C3AABEA542F6EF78AD36AADFE3
:1015480044AFF9052880665733650E31E211FD86F0
:10155800F2E8193F15D6C16DCF0386948C782B33EA
:10156800DDC5DF032E5E12553FE315242F75C7C175
:101578007EA913BA7B193A4710B7991ACED95C924B
:1015880036D830C32674461B8F7087C9964EFC1414
:101598003CF98501038978623D07E12BDD6DCCDAE2
:1015A800FE837679974FDAFE227380F9D94AE1688B
:1015B8002AABDB300EE80EC4E34CCBB72BD65D95D7
:1015C8006D55A671249E422149D8BA94B861165D1A
:1015D8005B641C546462FA07A83397ED4A785E8D01
:1015E80019B4C98ED2A1345A214D1F2DA2EC12A8CC
:1015F800F2121A77BF694B62215063B5925889A7D6
:101608007B8CCED475AEB311B93E623BF48C1DDC35
:10161800F9B9C84937D47B54A78C7679E14967056D
:1016280091D135D1B3430EF9DE378D72CB3B3413EC
:10163800DC94D8E8FC83879A2577ACB195DD9E28A1
:101648005539AD35B7363E143EA370916250172A0E
:10165800CF4C826DDECA442EA6D0BAC7321446D407
:1016680054C937DB454EFEC41FBD051AB91F1D7E80
:10167800473CE787F63B809639E75591C610061F29
:10168800FB0AA1D71F5FEDD487B236A29A0B5CF78D
:10169800462C100492933EA9AE6ADA63754B6BD55B
:1016A800C636CCD04707B7CB0814C97817F0BB2F7C
:1016B8006B7548BEA8C476229C87C8CACBE6EA1DCB
:1016C800A323A025C840A97446D173E89AEE15FC57
:1016D800413161DF7D3EAF901C6BDD301CD6B245D9
:1016E8007C8C4A7C89B551F99DDDD5EB703FF4B20D
:1016F800352B0934F920B41E3614C778AEB11164FD
:10170800ABF25AC9490F2B5200745B0E427D6289B5
:10171800FFB71B3141390BA45A04BE723E64C4247E
:10172800BF9313FA899E3F9C644EB77429890AB9FE
:10173800B811C973B8940C391DEE775A3BDFF20A19
:10174800E4722752E0441A66CFF0BE6B06EEBE6123
:10175800242059CC42EF8C27EEBBCC92334F08F7AC
:101768007E3D6A900CF14B6F70DD53BEDED5674944
:10177800BCE394181669F2EE1C10AF754842FCFCE5
:10178800EB3FB27448A0FC8DB3AD9D7CFDAFD1E6B4
:10179800A90890C261ABEEB3EA2D7FB40FF03049CF
:1017A800168F1D3CBDDE956F0D5820670C3565CA38
:1017B8003297DDA570D493AE700C41F5844F8E122C
:1017C8003910872E6731EF53A3A2160C6B54E486A9
:1017D800BF0A211D9AA104E9FD120F997909DA546B
:1017E800FE8F6E5BDD8F633F242F9AC3636009F61B
:1017F80002B16593258428C19316CDCE69A70C68DC
:1018080063DD74A9171350ECC6355429D88771FACB
:10181800FBBAACB820FE16D2D5AE87D1C4004A18A0
:10182800BF73B08E837D570EB5BF66F6F078C41FC0
:10183800A7EC9D1BDC2BEFCFA02BDF8EEAF9D8811C
:10184800C7A7F1F8E4CEF227EF22069725BB32CCE2
:101858006EC53A58D00AE6EA8FFAB8631EEECD5E36
:10186800D9C3D2F4B17FA3A25701BD59EC5940B7EF
:1018780030D66E8FFCA25A3D4A61F5E0295ADE2B1C
:10188800BB1D88765FDCA769E7C95E70630AF062F2
:10189800F596DEAE695FF8416E14BBFF60F7012E66
:1018A800C617422EFD2A4CA1A99894B69D3E6BFE00
:1018B800866B8CE7C35679519887F901B07C263C32
:1018C8006F0ED3DF921C613D48CCA0290CBF9C242D
:1018D800837759DA6295FB5B7364DCD58651F33AFA
:1018E800E9ABA9A60B075CF9E5B70311162B9A7E9D
:1018F8004A3C63B66BAD76F74B700DF0B5EFA9486F
:101908002FE1B081A233C1399B53AAE2B27C0A5EAF
:101918004E5C7D8661189EC014B1C02E947DFCD3A8
:101928009A14E10EC114227282CD769A2AE447DB1A
:10193800590BD9ECD9296391E9563DF48E60B90C5D
:10194800397B6D59D719B6B473FB18E298D96F79FA
:1019580031177FCB45B38602280D81CA5F21A92C98
:101968004BCBD2E2033AD1F2CB6B461C0D7DDAF8B1
:10197800C5EE3944050E4E14969C5911833D289F97
:101988000344BF18B5E2A895A87F31ECB62A797050
:10199800982AF9EADC9026EC0C993AF7CBEF223139
:1019A800D0A7A1DF7D5665595FF4E130301AAABC93
:1019B80026BDEB81EABC0C6D392FE69C3D02720412
:1019C800455FDED4A8EE315FE40B041583E78A880F
:1019D8007DAED25161153CBD260EB2438D8B40B40D
:1019E8006217B2DF3B32883F4EFE4B2D047D7043B9
:1019F80032B555476935726AE84BE5D3F3A156F914
:101A0800CF0CB4F63CD6A923EC35C8945A1E97607F
:101A1800753BB2C39E1F454F0AB932CC2F3E103AD0
:101A2800B00D74448AC730FC5837B6138927E01ABA
:101A3800826D70466F9B87CEFAEE114C2A21B9BD94
:101A48004841C2891B437363052CA8ED3E0D98E2FB
:101A580003E7364A6EC7CF932FCCE33F31D10094CA
:101A68006B27F7369CA40501A60B3DC2C197B55C50
:101A78009939A529D5F110106015EDE22A9EA4F236
:101A8800451B92C11223B8C558C0814CB4A2C68860
:101A9800E24990E29A4A9A1E74B4EFD255A9E0122C
:101AA80009F729F0DE6373D0E0D8CFDFF24CF01AE3
:101AB80077583F54F2E6C24BA0EE65B33C5EF2C2E3
:101AC8002FC7B04F63E03E3367617A80AC594B85CE
:101AD800362A1D5A6388097B084C1E9CB016C30A17
:101AE8000511FF9D7531D7A800C947F2E1E281FFD2
:101AF8008B74009ED3E0B4A18C40CC0B37E4B80BB8
:101B080034F3CB0B21D522925126BE64622A41DAE6
:101B18008477B3AA20226EDD26AD1D9F940CD4FFD6
:101B280018DA1A1F8EE27D9339E281630D0CB44FE7
:101B3800BB9F067350612DE6AEFCF54E424420BFB4
:101B48003459A8E1F4195F64533F1171B40B68F874
:101B5800670D37AD78EB405322918EC31F29B6E04D
:101B680064592E5F4F93897BEC958B4B82C4A712E7
:101B780000ED0D2B545312BC28F0131F6C4DF7D1F8
:101B880002AFD13B851C98026163182C7EAFCCE371
:101B980099AFD3739AFB8FD8A7D6796FC58C5E1887
:101BA800C34376EFD9594B486866144812D6D871A2
:101BB8005924850C8246806FE21D27F4A0FC81DE43
:101BC800D4E697563BC46EE869BE978791C4C7238D
:101BD800F32FF5768BB3342B795F63566266C5F4C1
:101BE8008B4574C9ECB0E472C1EC6584B13EA8FCC5
:101BF800CE490762A5E0CDA7C7223BF4A6BEEEA456
:101C0800A7DB50C743311AA1FFDA25C292C5A2E06B
:101C18002BC314CF5A4B995B355C1F8E6F8FA53B36
:101C2800D327C2E0ED331C13A666F2DAB21ECDDE6E
:101C3800921A689D879CE25F0BF4DA5DB8453340E1
:101C480078E22511934B2D8EA5C8AC097811F616AC
:101C580017E958C1EED597BC52BF2A32D31AA83813
:101C68004FBDC03F122256EFF797F5ECE6BBF8558B
:101C7800B5207D980E4BC7F9BBA81248D6A8FFCA55
:101C880095A104044A8692C9075B25FFF1D8D29A28
:101C98000F8410758130B12FF381C1EF5D2FA47FC0
:101CA800F6DAF01E0E9BBA53FF9CE5EC19CB2149DE
:101CB800BC18766E1854656EAE36FCC6EC3DC63759
:101CC8009C05348222C28B9600C7D92787AD3D1563
:101CD800691A37DF15C1714A6EA2CEBDB8EE15C8B4
:101CE800907DDCF41FA9D52CB3056E46F9D7296C75
:101CF800F1D079552F465E2A0E4A494581C326827E
:101D08002947A822A9B8DC0D3965124A1D3DFAEA0F
:101D1800CF14DDAF1FDE55AD7272CD777397169273
:101D28001F7833127209BFD33F19255FD14913AA0F
:101D3800EB75B336AE7162A82996F57F6501672801
:101D4800326AB292A9677CBB6AC64C7E50ABC9A600
:101D58002EB0F16FA6F07F51EDB7114DF6E9F601FF
:101D6800F4DAA5822702B97225156962953727909A
:101D78006608077A1AAAC2F55D37114D7679C71F2A
:101D88000E8677554B07FCEF69E4F4760CB6ADA6E2
:101D98002EED51CDAA0C7C40F61A649EF7408A9F1E
:101DA80078CF94DBDD26F75406BF4D863D2FFBA286
:101DB80042986CF90F574A6B3F4261E785368D1997
:101DC800C134905E943810C5D10954679301F56BFE
:101DD8004FCC2ACFF6B6694A57A92936894FD59BE1
:101DE8008B2675BA0A7CA0547A510115199BAB94BD
:101DF800B0B5FD1823197BB5E53C24B27FD8571E32
:101E08009F38E3186F7E80785549A113A5738BA27C
:101E18007BB306703D565E7AE009D7C0A641330A07
:101E280060C7B9658C758F113DE0D6CDDBCEF17CEE
:101E38005E30CB03CCF11E624AE84731FA33B989E8
:101E4800AE003C98276A31A472F6133E3943896282
:101E580010CCA48617D05429625B1F659A9B51D079
:101E6800FFB7F095FF38F17B8562B4A9FBA7F07145
:101E7800ACD3601E2EA21086D58B8ACA0E9CBB34AA
:101E8800CFBF961BCEBA1D76D68E494323DFBEF34D
:101E9800E42C003BB0334E5693F6697483E49614F1
:101EA800CD0EAD04774DB9471CB1A0B0C2F43D0DBD
:101EB800D7FAB7D877A8C19F0005E6F4C77162C002
:101EC8002C71B1AC9DDCEC8076A8C15CBD44A75AEE
:101ED8003083CC2E106FA56649C3574EA23C88713B
:101EE800D523F6BA19B87413D5991B98DB4C290772
:101EF800E639F7D99B6D27F81D2AFFDD962C25DBDF
:101F08007F4207458A78ED23034863DAA2DA27F58A
:101F180013A53AA0E505EE99AC14EE9706D54E3810
:101F28001BD30D2EBAEF19503F2651AE9E8D7CBEA5
:101F3800FFFD6855368FA37E75A2EA5F2887BFB27A
:101F48007D26F51BBCC7F1CE1AE9B675AEBD7F97E5
:101F5800B2461AD3152305FB0D93CFD67D0426036D
:101F6800BA6F5307F6CB7B7A7D86CA45D8AFD110B6
:101F780039F695BA17035D2A6576CF4E784ECBA40D
:101F88004042EEDC279DF0C2E5E1E475C6BDC1899B
:101F98000C8DEE424DD7CE768AAF9134FD42F77C58
:101FA800B6AC7EC075E4F2EA286FD852EAAB3D962B
:101FB800D65619533F6CD09A66630D5A8710A654AB
:101FC800EE9C81E78294CC9752575F244DDFB73E51
:101FD8001B254D66287DA3D9A10503FEB0CAD7B835
:101FE80079348ED386CE9C0D00E8D1B89F23FB852B
:101FF800BC9A04E7D469B3AA1ABDA6ED0022DAF6A2
:102008004623E235758FC246542A3FC82EBC28F9AC
:10201800B399C2F76C89DFD88654BE89CB961D5216
:10202800DDBAF2CE0E24967B870C60606D4C89AACF
:102038004BD1AD0808F848078F16D038718DFAE6ED
:102048001B346AE5C25B8DE32988B10A4B3971CC30
:1020580058FC72DF78467FD4948C02DB642B04D35F
:102068008464D34646A3B610BE3A8883C80E096274
:10207800B8BF2A611115B809EFAC02F49A84566901
:102088001AA3ABFD980E9C8E4A73857713A6A4619C
:10209800593AEE02C49B5DD8E83FA00D655B5CFC35
:1020A800100B4909EBE8ED9026F17075C1BDDCBC59
:1020B800073CE4A6A42D76849E276649F1A67DC731
:1020C8007737169E68F953277540E6BF477A9F9A77
:1020D800559DB950BDE54E69AF5BC13E7B6A9AD448
:1020E800484762D8D9EB7DA7FC64D2C8435DA74BAB
:1020F80033C38C654497A6B34CA3B2B7B954D5D5AE
:10210800373618BFEB2EFE93DBD9610B0CAFDEEB35
:102118004E6A255C75DB5A69227B6EE3A9379F39C5
:10212800E567C9B0DFFEAEC695DDC55B7C0A831CDA
:10213800BCBE07CA6315579A212060B632D9B63F8C
:10214800BF4DC01BAFD7CF35B2659B0AF34E4F18B2
:10215800C012A5FA43AC622A51B1D0F79512EF30FC
:102168003746E4EE00045401670B1A3C9999F0FADB
:10217800E2A8D1D09231F156593E0593DD6892E13B
:102188006858A551F35C3CF7A7F466646B2847BF11
:10219800DF7A0D9CAE30B0FEFAF752D235819ED868
:1021A80031BC8BB84EB6E4F4EC41B1A2F5F943CC9E
:1021B8008BF813FF6AD085216D17C400C63F834092
:1021C8002237F8E9ADA62793E9F3CDB62FDE6A6981
:1021D80069AD9465276BD3EB6857C5E5089738ED6B
:1021E8005E285ECF0C6AE26EABDD7D9BDD9CC2AEE5
:1021F800F5568C612355F00368E69F111B6CDA04D1
:10220800777A123DF386C5BF75DF054FA4505A870C
:10221800CCCE4E410E79C4C6B6A1F22D390BB168A9
:10222800D95B6C8D9584B8A5E0853CE80676D7FA2D
:10223800709C7D8D98DE7436608CEDE69627F3E908
:1022480075FE49B777E91A1D001751459593221F66
:10225800F2940E4125423858CA4B81347340C280EB
:102268005AE6D1E1317AA3B98393EA5BA8B4C937B6
:10227800881573B977D0674AC28AF4AAB246272B61
:10228800120270DFEE2DD333C37FDE851F2DECD015
:102298009037D494A074720C9309D0A513F5E74431
:1022A800952AEA512571C39F8F676D912AAC9CAA24
:1022B800F043E723F9D308DC3FA8AE1EBE96BCFE68
:1022C800B50DF905323597E2C3F4996BF8E85284F5
:1022D8002067739A830075DA909B06A1FE7264DC0E
:1022E8009D93A5FB0FE93935ECD9E30198348ED4D9
:1022F800316AEE99C40490D2BEA9E47B99E471884E
:102308009CD2CC160F77F21563F0291B236A387E0E
:10231800BB03495392CE8084D3FC4A3063F8458A84
:102328005E558B3244E16AB400B02E3D9D9EF4E0C8
:10233800262ECDB594137288F39AA83B3A9A464C48
:102348002C4D328868D903C61FE49752228794D54A
:10235800B03EA2507883C2A39829D324DC84CC123F
:102368008048BAB4C570E1308D2D5741ED87447B64
:10237800D43A988DFA8BCBB4C3E5124B77B36D0A78
:102388000C0647676859AE02D98D6DA9FAC538465B
:10239800B90B5400A472431A96321078B6F003654C
:1023A8009ED5FE17F797C691919A5BD39EC29BE381
:1023B8009EFD38EABD739C281347005E3AB0535718
:1023C80033F1381FF801BAA18FA60D2A65CC55BE86
:1023D80080E8E5D1F952530A3865C508C85FCDF0E1
:1023E8001476FC45A847FC2B02F2DEFF0FFCA6DCA6
:1023F800E87B3C7F36075AC0DB7614431C9E0B08EB
:10240800B4933F680FE872300F2C5FE71D00B75A8E
:102418001C6D252AA88B75A1E161A355CA53557C6B
:10242800111E7CE115AAF056D7DE49EE2334343369
:1024380008C56B2A30E5F2BF840B547509A8DE562F
:10244800CC1CE2D01B02EFB5FF9EE57C7323178BF3
:10245800C8E6388979D74352EBFE059F40C410B7C8
:1024680015D76FDCA6D7A8B9FE525F6C30C71A9E85
:10247800D5950146BAA3EB139ECE7A415A88887443
:102488006A4FFAEC9C480A2CF43D0D624F51C1C3C7
:10249800516404ADD7C9706D14190706DD28D6C478
:1024A800A433919761AEFCFBD2895F090EB02CFE74
:1024B800D109735FA6BF82739082D1B63D4A33209B
:1024C8003468D77EA1E4DA6DDC04637DD682D1D28C
:1024D800E56DAC1ACECB6557778D10F07BC1D896D9
:1024E800C29FC5C43D5565C21590BF1E7FCB82F5FE
:1024F8001B6488FBF5198A5740A2B83EDEABE6BBE1
:102508002C911FA3FF18929FBE482C27908B06582A
:102518004BA455E3C4ECE82BC86EC39EFB5BE40EEA
:102528007BC9B16A91D980E327E1CEA8C00C6F2A94
:102538000D6CA766B134EA880B7A0FF2BF2D9A6743
:1025480095EBBAB58B0E38519734DC9364EDBAE04D
:10255800D60EECFF94C0DD6FD14867861EAF4812D7
:10256800550C68F715B5B4F94F52485CE391F7F389
:102578002DC5452316D6497A401F3BAB9B952C2287
:10258800BF61AEBFB9D7F84AF55715F4FE0063C26C
:10259800E145C12E682BA395ABDD8156E8FFFE36D9
:1025A800CB0D5AB7479D86582D657DF1947032E161
:1025B800F8658E36A24C6261ADC227C114B864506A
:1025C80068B4AFE1C9361FDBF2800AFDE1BBDDF478
:1025D80060AB54F35D293B3114D38746CDE6157DB6
:1025E800F5A84269DBF9AE9AAA135637D7E9F791ED
:1025F80083DA9DE9D50044F857265BF42951B47F66
:102608008FAEB38D087C6A5C3765C422106693B2BE
:10261800888BE8BC1553305EB8EE247496FE5F06CE
:102628003C9B28745FABB43A6E6CA612FD9672841C
:10263800B97176FCBA6A3D3927E2A12491A598B907
:10264800254C067551587610BE6688012B75356580
:10265800F5FE753E0025A2513A9485921C2E62A281
:10266800DB1352509420EEB55E67B6218E16C24336
:102678009E48E221793724761EE4D2A9C65D52B07D
:102688004D2C614B86809AB4C4E60BA46C10C5EA45
:10269800680295F78E2E337DB0D24B9314DCFC790B
:1026A800CA2564327E7582D7850ADF854BF3161CEE
:1026B800C8A69362FBC2AF619783B3A47887C78427
:1026C800AF2B2F2E2A2F8CAF9EF9FECD0100314B58
:1026D80013B4ECADA1CF91B8E23128601383F85A56
:1026E800AC94678736E4C63B0A84EC5B9C3B506934
:1026F80019F914FC6E0CC8C72D3E5464002D07FF51
:10270800A9DA0D2AA6F9F98FC3CF541323F9744314
:10271800FBCC235EBEE0DD9EEEB177896931E771BF
:10272800B842FD6E8AB2ED38FB4D6E2B425A84AC2E
:10273800E3D85CBB153CC73BD726145616A12E7BA5
:102748000EA8DE6D5377EB40745394DC933DD8DECE
:0E2758008C82F4DB59313BAC07B74367565B0C
:02000004003EBC
:10400000FFFFFFFFFFFFFFFF50726F6772616D6D73
:10401000696E67496D6167651C0000000000020061
:104020000716FFFFFFFFFFFF50726F6772616D6D34
:10403000696E67496D6167657627288C1A25553446
:1040400022100200301700003015000000000000B0
:10405000FFFFFFFF0300010600403E00FFFFFFFFE0
:104060001C000000FFFFFF070004FF160700000010
:1040700000000000000002000F000000040000002B
:104080002F7379732F42544C5F73666C6173682E83
:1040900070746300000000000000000000000000D9
:1040A0000000000000000000000000000000000010
:1040B00000000000000000002100000002000000DD
:1040C0002F7379732F666163746F72792E696D67D0
:1040D00000000000000000000000000000000000E0
:1040E00000000000000000000000000000000000D0
:1040F0000000000000000000230000001C00000081
:104100002F7379732F4040726573657276656440D2
:10411000400000000000000000000000000000005F
:10412000000000000000000000000000000000008F
:1041300000000000000000003F000000010000003F
:104140002F7379732F4040666F727379734040000C
:10415000000000000000000000000000000000005F
:10416000000000000000000000000000000000004F
:104170000000000000000000400000006C02000091
:10418000000000000000000000000000000000002F
:10419000000000000000000000000000000000001F
:1041A000000000000000000000000000000000000F
:1041B00000000000000000000000000000000000FF
:1041C00000000000000000000000000000000000EF
:1041D00000000000000000000000000000000000DF
:1041E00000000000000000000000000000000000CF
:1041F00000000000000000000000000000000000BF
:1042000000000000000000000000000000000000AE
:10421000000000000000000000000000000000009E
:10422000000000000000000000000000000000008E
:10423000000000000000000000000000000000007E
:10424000000000000000000000000000000000006E
:10425000000000000000000000000000000000005E
:10426000000000000000000000000000000000004E
:10427000000000000000000000000000000000003E
:10428000000000000000000000000000000000002E
:10429000000000000000000000000000000000001E
:1042A000000000000000000000000000000000000E
:1042B00000000000000000000000000000000000FE
:1042C00000000000000000000000000000000000EE
:1042D00000000000000000000000000000000000DE
:1042E00000000000000000000000000000000000CE
:1042F00000000000000000000000000000000000BE
:1043000000000000000000000000000000000000AD
:10431000000000000000000000000000000000009D
:10432000000000000000000000000000000000008D
:10433000000000000000000000000000000000007D
:10434000000000000000000000000000000000006D
:10435000000000000000000000000000000000005D
:10436000000000000000000000000000000000004D
:10437000000000000000000000000000000000003D
:10438000000000000000000000000000000000002D
:10439000000000000000000000000000000000001D
:1043A000000000000000000000000000000000000D
:1043B00000000000000000000000000000000000FD
:1043C00000000000000000000000000000000000ED
:1043D00000000000000000000000000000000000DD
:1043E00000000000000000000000000000000000CD
:1043F00000000000000000000000000000000000BD
:1044000000000000000000000000000000000000AC
:10441000000000000000000000000000000000009C
:10442000000000000000000000000000000000008C
:10443000000000000000000000000000000000007C
:10444000000000000000000000000000000000006C
:10445000000000000000000000000000000000005C
:10446000000000000000000000000000000000004C
:10447000000000000000000000000000000000003C
:10448000000000000000000000000000000000002C
:10449000000000000000000000000000000000001C
:1044A000000000000000000000000000000000000C
:1044B00000000000000000000000000000000000FC
:1044C00000000000000000000000000000000000EC
:1044D00000000000000000000000000000000000DC
:1044E00000000000000000000000000000000000CC
:1044F00000000000000000000000000000000000BC
:1045000000000000000000000000000000000000AB
:10451000000000000000000000000000000000009B
:10452000000000000000000000000000000000008B
:10453000000000000000000000000000000000007B
:10454000000000000000000000000000000000006B
:10455000000000000000000000000000000000005B
:10456000000000000000000000000000000000004B
:10457000000000000000000000000000000000003B
:10458000000000000000000000000000000000002B
:10459000000000000000000000000000000000001B
:1045A000000000000000000000000000000000000B
:1045B00000000000000000000000000000000000FB
:1045C00000000000000000000000000000000000EB
:1045D00000000000000000000000000000000000DB
:1045E00000000000000000000000000000000000CB
:1045F00000000000000000000000000000000000BB
:1046000000000000000000000000000000000000AA
:10461000000000000000000000000000000000009A
:10462000000000000000000000000000000000008A
:10463000000000000000000000000000000000007A
:10464000000000000000000000000000000000006A
:10465000000000000000000000000000000000005A
:10466000000000000000000000000000000000004A
:10467000000000000000000000000000000000003A
:10468000000000000000000000000000000000002A
:10469000000000000000000000000000000000001A
:1046A000000000000000000000000000000000000A
:1046B00000000000000000000000000000000000FA
:1046C00000000000000000000000000000000000EA
:1046D00000000000000000000000000000000000DA
:1046E00000000000000000000000000000000000CA
:1046F00000000000000000000000000000000000BA
:1047000000000000000000000000000000000000A9
:104710000000000000000000000000000000000099
:104720000000000000000000000000000000000089
:104730000000000000000000000000000000000079
:104740000000000000000000000000000000000069
:104750000000000000000000000000000000000059
:104760000000000000000000000000000000000049
:104770000000000000000000000000000000000039
:104780000000000000000000000000000000000029
:104790000000000000000000000000000000000019
:1047A0000000000000000000000000000000000009
:1047B00000000000000000000000000000000000F9
:1047C00000000000000000000000000000000000E9
:1047D00000000000000000000000000000000000D9
:1047E00000000000000000000000000000000000C9
:1047F000000000000000000000000000FFFFFFFFBD
:10480000FFFFFFFFFFFFFFFFFFFFFFFF65FD68E00A
:10481000FD90BFAF1E191FA4AB7845121C0000000D
:1048200000A6010054657374566572000000000014
:1048300000000000030001060000000000A80100C5
:1048400000000000B78E0100073A39304ADC3CF026
:1048500009464DF65AD1E65818CF081400E5895993
:10486000D94F8CAB214E585DF7F55E8C11242FE9A2
:10487000968FCA360210BCA2362C9E3140189090FA
:104880001C36A44CAF2BDE000B7DDCBD92B7AC4ACE
:104890000FCE185B27D7378F66119CABD1635A1A9E
:1048A00095557CEE61FE3998BC844782A6D9D364C5
:1048B000B4179C6AD24FEB7961434D076E0760AD28
:1048C00093B99B1CFADACE1E384C001F1433A26D2C
:1048D0003755895B607ACE5310FB474ED8FF877AF5
:1048E0009CCF484B409265E75C1D016ADB3DC24F9F
:1048F000B8AC87C2FD36E887AAEC25C4B9BA50F92E
:1049000027A96BDA241ABDB6105E55BD4EBB31D255
:10491000181EF8F3EC3522A68D82B43BCCA115A06D
:104920003433BAB9657A39546DB30679B9B681A30F
:1049300014A1875AAF54E2E4E175942F8A91DC33D5
:10494000CCFB2202B7BE5453874C6457D163D37D4E
:104950001EEC10C451E7F66D8B3D7A2BFE36ABFE94
:10496000DB48D6617723E81A4E550A1C52FDA77121
:10497000C3A591AC1AAD9896FC81836208052331DA
:104980006BA9AF23C91513071929B4F562EFB15B01
:10499000E196B4C07ED5D59FCC1A79776C9112D6AA
:1049A000DCCD4B9ED0A063863CC87D77A782BC2C13
:1049B000986FA4344A57AA2E03FB851A6A2DA208C1
:1049C000DE2A78BFBFBFBB2BE3A35D96859242F67C
:1049D000E664F2ECC02FBEAA9092D871C5B426DB73
:1049E0006B0EB06CA4B4823CBB8C0FC0998290D289
:1049F000E0E127B629185A531111A981C46A903CE5
:104A0000C94BF14B420AAFCF8B263544ADE6153D7D
:104A100025F0ACB9537C43B54D9E52EBB1A317F1D1
:104A20004149B1565B03059366F7D69240EE217576
:104A3000B147FCB2B3EA24AB2AEA27372F67BC2D73
:104A40002295C2A21743E20A552851B38DF5C7DC5F
:104A5000AA6F2CA79922B0C8880A70757F16E1F753
:104A600062E4AE3D207670E3BAF527C4E6217E1DF0
:104A700098584103830A5A4B2D41FDD5F9568D07AD
:104A80009FB14DBAD3D980DDAD44595A2299116EE8
:104A900058CD6CB78477BDF8105E59B864EDA54960
:104AA00092B08A5E605ECB7B951B79725C67B0B218
:104AB000DD9ED40F1D669F320D246B7159E97FEB8B
:104AC000B7CA8726FF7E677A2ECB6BA9258190C354
:104AD0004AFCBC85079481E95F2ED05085E83457A5
:104AE00018B216368E0CE123FEB13447B831E1A876
:104AF0002FC386F55341CA8A301AB7D70AC7474829
:104B0000D13AD144706FD065C0524A46486BD20941
:104B10004F9F581704B1034D998009CD4CB9D2A7C6
:104B2000F1F0641F0EDB4AABB16E8C808F70BADB84
:104B300055CCB8B6AD60841C07370A50783AE61BEE
:104B400034E324053345071581482859DE21B57E15
:104B500057619FEE19D2028312BEE53530145E0014
:104B6000B3C59143835F333A30E4C6F675DF9937B6
:104B7000497488837C721229E74B5D1906CC2D5D40
:104B8000C3F47141A4AC9B3C1C7BBE2A5DB738FDCD
:104B90006CB4F6BFBC95145C8AF36A5D61D457AE01
:104BA00003233D72030AB398EBCB59BAD4C6BB7F3B
:104BB0003863963D0604DEE30E3E263689574BDA0F
:104BC000B56C9BBDB6A69F69CCFF626F5B3D8372DF
:104BD000B28D18FAD2E3BE6280830A9CB8DDA0F1E0
:104BE0003D6313620AA342EDCF09E1CFAAE86866EC
:104BF0007BAD2670BDE1CCEEBD2B0AF3AB6BD210C2
:104C00006BC42F6FD8AC3DBA12883EEF48B34EB19B
:104C1000B7D79808635BFE1594E5CA609AF60E9FB5
:104C2000DF637442CDC6B0AF44DE63DEF9CB4565C9
:104C30007BEA9DD9BE7F4B6FC0F358D757652BD009
:104C4000203F90704AF52F5D7D8742A974497F0C03
:104C5000DF85298D17E04B3EC508853233250417C3
:104C6000C2A9FF33709083A324C7357E3084248883
:104C700001970032C8B6598256FBF95CE4A746603A
:104C800059A31A60E8B4D8C68D6FE7A7F20B2D823E
:104C900051FC3D8C3676178D0DFAF0B9F59A68DC2B
:104CA000B1E2E3DE03CD495757786094E45FCD224B
:104CB000081BFBB10A62DF2E96B3A2A4634DCD6F31
:104CC000D604ECAFF2818326B5D2C0DC15661F7323
:104CD000875C9D0C32F56B82E0E4842F2E94E964AE
:104CE000F3E775C585245EC73300A2371650AC477D
:104CF0003C074CA638515DCC5FD921A54F07C25067
:104D0000615F0AC6C420476243A9DE461CA796A27B
:104D1000590DAA7E4AB101C3E2B1A6F82CE8788BFE
:104D2000D1E0E7736DC0736B150E8292B772BA0B48
:104D300037BE7ED3EF0D9F9B0066D6E595D234EF4C
:104D40007D0EC3C83CFF73A703F2D849AB7E5E9BC0
:104D50009F71AE098AD7B4FBA1B35BC46BD5FA4986
:104D6000473C8AF67E5B51F23DC6C53CD47728802D
:104D700043FA17D0357FC5E172BF691855D709923C
:104D8000093E741F7A127DA120B159626B54D14C37
:104D90006FADA120B06000C17BFC0CF234A1804B50
:104DA000895D0CB666C17D0E83C41ED134DBC3F7AA
:104DB0001E48A5D579DA698D96976C738B80A9E129
:104DC00092CA7D6580341B67DFFCE578A455645486
:104DD000F340C1E057092BFD8C8AFB1006D7042055
:104DE00028BCE9D7789DC60DE265298042A5B1832C
:104DF00072FAB00278C332AAD187770BA65A421B47
:104E0000CFC4B65406BA9BDE727EB7CC8D513BE060
:104E1000ADA259BE38A30255BEA3BDE5E70D9A77F2
:104E2000909AF98CFA625E5EBF290FEC55E5658BAE
:104E30008E8F7395FF715F2D3F27AEE9F68EA061CF
:104E400094337B1CD8018F335DB895B8E656BA0908
:104E500000BBB2A30F6270AC2A6CF8356A5D523B9E
:104E600080B2C7F50679FD3BFB8780190B29E74621
:104E7000D0E9A07CCC3B32A2A55B06B5D8C0E793B5
:104E8000AE46F4E26141E55FDC28011439BC2DE255
:104E90000E95A574016CAA08B78B787DF9942E3E07
:104EA000D5ACEF0A304161269BCF20DFEA89E4AE22
:104EB000379D0C0076918FD85B3CB7A252FA8DAD2E
:104EC000B660EED714F9B0F18141425F90D86BFF24
:104ED0002F47E96644FA20E273F0EC49B81FAF644B
:104EE000D979146D085B9D89EF0E57ABF5D98838D9
:104EF00076D0B21C547EF7FAE584CC5C08FD01A4A0
:104F0000A1775874E93F628F7F1D6DA38522DF5F13
:104F1000F06FB632541BB1807B3C59FD3AD2A1AD43
:104F20009F2C3592A37B025D35274CE07AEECE7E36
:104F3000C14A42CF8033AAC361AE864E585901E8B8
:104F4000E0CA9D67F7F93D2157AB7B1ECF9BDE651D
:104F50007E33D729232C47A8C14B1EAE7D30D0F716
:104F6000E36423E34E113693A669887C99D1003619
:104F7000764087A0BADDAF2BFE01ABBBFC8DAC2E1B
:104F800019F9A0858984DAD56FE384E728FFB34C4B
:104F9000F80BC9BED95F3D647A0DED3E74BA0D06BB
:104FA00036BB109D4927CEE7A0FCC34B480E59568F
:104FB000B260F76E0520D7574EBC52ADA269799BFF
:104FC0000CF667726005B2A8D3D78E983B546B3F3E
:104FD000E1C9EEBAFA1A568F4F785B2816B0E8B1DD
:104FE0003E0D16BC3D4E92D3BDBD4D9256921B3A1E
:104FF0001D60F21B329116D56AB6F653D044C343F6
:105000002ABAB4699C84EEC31F785B58544CE7B24B
:105010006B3EEB8F3C742701EC17B0DD6204E59E1C
:1050200026B2678B93AA6580397AC12DB536F919F6
:105030008F07A000EFC999060A29038E773E7B3FB0
:10504000570A731E3D9A2D87F57054F7735442A387
:10505000138756D1F958473E32C775677A8985BCA0
:1050600063543EEB743F1BD1CEEA96FAB512BDA154
:10507000B9BCE9251E4A2D74A11E294C22F6CB4746
:105080001C4D380D45EFCA71CAA87CFC85D9FCBE01
:10509000E22614AD8C4BA363C1B73AF5318AB1B6A1
:1050A000BA975DD4EE2C84E0416E5F31E8F8DAFD0A
:1050B00067210D65E8FB665DBDD22423C68BC2F374
:1050C000F1B7E76B2DFD40223CEA5BF0C8B2FF264A
:1050D0009CC4AB9BEA5D881E1FD018818CE46034B1
:1050E000132EF09B97B218F99EC42BE6D456458C2C
:1050F0005A11589D6A5E3DAEECB9613BE74FFC909A
:105100005977C78DA789FEA1EFAFB180A097A801FD
:105110006F34E79EF7B85F536529855B2F60A30A5C
:10512000CA8B40E53F9BEF2A134F91A486CCB087F2
:1051300017E425DEF8A993EC651E44C93165FD88A6
:105140006BE700CF92FCD6107754B40C91706B9142
:10515000AE360F8889EA9096BCDFDDF7E25017087B
:105160004B4FF6395F06B59DE1E6E06183C75F51BD
:10517000CAB53EDFE154751DBCC04B1B6AA7B249DE
:10518000A9589AB950CC471E9F23AF714B79D5923D
:10519000140F0FD59F79CBDFEC4097433DD1CE6BF9
:1051A000B46877D734F8A9CFE0277F20A187ABCBAD
:1051B000CFA18A3A29008A0B4C8CCFB63667B65DF0
:1051C000E95857AEAE584304B637A93CDAAF3B0EA8
:1051D0006C9CECBF56563956E99E9CFCEDC9B55FF8
:1051E000B8E0610961441707FFC9FA306B54085EE3
:1051F0006EC8E196F42373040615A4AB70873FD8FC
:1052000097FDC3B396A4C911E761F2E116B526A6CE
:1052100096B4B493983E1BAFC449C877B8207D3C80
:1052200028C3A76772E3D3D89C513D38668D36D426
:10523000EAF7CD1FF5C211B1D3F14013B6852C8921
:10524000A74651A379656A07FC9FCBD6892DA52077
:10525000EEA78680456FBC55996089CC3F2DA0FC98
:105260000F28C68D54F98CD03612663789847B7925
:10527000B81437E1EA1CD3E19C287FDCFF9E8293BF
:10528000FB6EE4EB5BE5168657D56B700F8BC67C27
:10529000B21C38E50C8C6447CDF4C8FD6F757623DD
:1052A000AC4F274858BFE179BBFE44183A2A201E6C
:1052B0001330F41495AC8A2B83370E37F06409F35E
:1052C0002B5F8CFAFEB48EE2DFECD14146D998FC1C
:1052D0005EC42F175D73015A83C68B8028317FA16E
:1052E000F8867510AD28059022D61D7AF90E1004A7
:1052F0006E09F2095FB8A96C9D9AEEDB24DEDB2D06
:10530000A60CC7856EE82CF7E57034D8F5DC3DC2F5
:105310001BE9FD25C945ED6E4CB366C6B60637E9F7
:1053200047AA412E394F51F5348050CD19BFAD39C0
:105330007205D50A59FCE199E4786216686AF9B4F5
:105340003071899C569293BFC379AFE30C9AE631D2
:10535000D5D6D3F884D189E877C05BC19C0EB1580B
:1053600093088E4F81EF13F6006C36796511AB37D9
:105370000A7383025427242176463878D0DF5E866C
:10538000B25C608135DCDA113BEEC94B90BCFA723D
:10539000CC80634480274A2A350E015E3140FD01EE
:1053A000D581D67CDE002D5795564AFBD35F07A5E5
:1053B0001A166006C9AA722A7A32BDC7AAAD8045FC
:1053C000D7221E29D8A43C64857C6F323F5A08B18D
:1053D0008877EF9479F516FA6C31C87A5D65486F75
:1053E00069AE2B93A0575626960E5C3DC93B46A549
:1053F000EF78E48F38452595D8994ACF3F7EC3474B
:105400004359B55735B3EAC9561436CC262FA0B147
:105410004CE85629D626A35C21062FC90CC4B18AB4
:1054200044A4AFECE8E837A1B4B7A1673DA8F3AA5C
:10543000DF6A54D51A0CD3F128419E78FE823CE0F5
:105440002917A6D44EAAFA3FF21EFFA384FDA84155
:10545000DD34C6886C6F1CBEA5F6568FDFF36780FF
:105460000AD3A6A1EB4117526BD3382762167F18D7
:105470002C31B5D66DF6CAF0F9D43345FCFE4D1784
:10548000DD3FA9F9B5287E369F1D7C6ED853EE7B93
:10549000305D96BCF7FC2BD555AE20E545E76501A0
:1054A000813D5A526514E4B7D14AB9E26E6B5F0E82
:1054B000627E4506BDC7C1EBD1DA54F5FB3A187FD1
:1054C000FA9B9162D50E2ED6DCB5FD248B2028D711
:1054D0005275FAF980874E671F824379FB89CE1790
:1054E000D4D5B26C120A08CBE2DDE9C6B6E99C90CD
:1054F0006C1F1E57DED71A44029DDEF84AC5706144
:1055000052A21BDF8E842BAC0340681C5E584317ED
:1055100045F651FC0D0BCC8F194ECFEA8B63D9D4D5
:1055200022DA0E491F39ADC3E76F084F560DAA6442
:1055300046813D76519E71A5F7F28FB8546D842D4A
:10554000F2B6CFFAAD0407762C3548C5D2A2AF2704
:1055500086FAC3E71E24B8D6D1255DFCE69A0AEA8E
:10556000168D35F186D241857610848E33201BCA84
:105570002B75BFF2D88EA94276D1E9332E422C96F4
:10558000659B4201B68306C58DCE363DD5A0473119
:10559000B233A265A84CB0E0D5B376592C6FB7C42E
:1055A000A85BE060CCFB5B2ACD9BF00A074C28206F
:1055B0002E9619EFAFAD4F9CEE8BF268DF3DAA75CA
:1055C000C4D74C7B825ABEE2B648224862C920004A
:1055D0001C136430E11C41D67EF77A869523983CF3
:1055E000F9D6A52A5B12A330CD4A3E43BAE0CF5884
:1055F000F674A914A67D2B92F36EA3AE945B39DDED
:1056000009AC9300BD017C0AF32F1468672E25F0C6
:1056100020B3408AC7EA711DE80483C3D32DF54542
:10562000641DCC66B408AF6E7BDDFC6C451C7265F6
:105630007D09897B017BF507AAB1B5077E1D9FBF58
:105640009DAF84869A0575C4394E195720F4418F51
:10565000D63BE67525A17C74749DA6EF00E5931FEB
:105660009809A0F1F31F4A1560243934067607B96A
:10567000E32383093D7C564FCE17729B79C1D02D11
:105680006A6553F651E2503FF2933B3483C259B2FC
:10569000391F7FB6AAE7DFDC6D3F67EE8B75E6F05A
:1056A0009541B124C47552E06EC905BA18FCA8C86A
:1056B0000A7BD84498A201B8CE0E7EE921D5A01A63
:1056C000B3B02EEB8B82D6AD79279A230EAF7065DF
:1056D00028AEBE5693840D22DAA95294BCE8C402C7
:1056E000FBE5C322F8AD9D0A5AA481AAED5DBC601A
:1056F00073009DB8EADF09C11622A017D9AD743A2C
:105700002F79B7F6AE221A175238A0E9D16C2C3493
:10571000885331E0BA096E252C056CC1FFCC2ECA26
:1057200052F2E7144B7A08EC07041CC518B697AE82
:10573000764908363D5E693AF05004501721116AE7
:105740001AF2F0F4F110FF17F9A0A059803FBDAE96
:1057500087873C91DC78391175467BD581CC31F750
:10576000D5FC6CEE3EA44F8D797C27AD9487EB7D04
:105770008B9AAF94D2DEC0F2CADEA1C58F75E45217
:1057800090CF2655033CED0BE2AF6FF750F823DDC9
:10579000EA26DDAC4F34ADD32778223F968ABEB9D6
:1057A000889F8BAA19668BC4A5CE45B94F4911FBBA
:1057B000878982449F3708D8DD8C882779A6F48CA6
:1057C000C758439396F28A189993C6D0B3DE9000D7
:1057D0009B3977ACD4A3655D42A24C3B4BB2309B66
:1057E00004D45B906B3510A77A36E54448599E5D2A
:1057F0001631AF6D15CE4B5E99BE25DCE2DDD84586
:10580000336F1086FF533BEA10B26AAAFC8BDDF3BC
:10581000A53C6158CE77D2D17C7D4729710A57C902
:10582000247E81907537140C7302AE366C3090FE76
:1058300096D8B572AA207D5C60142B470C69F1E004
:10584000C37E56E17F343D2EF2DC19B2C8720214D9
:1058500064387C3C9F0B072E8DBBDFCEF15D038B44
:105860008E4B2800C1A0B8B529D72578AA4FD38E72
:105870009E92EC5730D68B001C5FDD863C36D0956F
:105880005A5B0EF821D82F46884F02FD0C8D11442B
:10589000EE865B54FF915EBB4F2A0F005EA4B325DA
:1058A000953331F6FEC1F4861B0F82628E695A4B26
:1058B000128E7A91701C7C32EF4571BA1E976AFB8A
:1058C00076C13F1E40B4CC824635EF4F980C922EE5
:1058D00028B5134FAF6B05A64FECA360C96D44E22A
:1058E000A98A92AABC4493C34ED58BC8A5D76F8C06
:1058F000E13770116C2FEA0722CA9AEB1D9C684DA4
:1059000034810CBE831158699A8CDB8986BEAA2A21
:1059100058A5F5D575222441A540B7BE298EF5724C
:1059200041621CF4C0057FBEC4BF29E33E58D4E7E2
:1059300089492870733A172583412DDE721E663A15
:10594000B5F609B9CD42A4876AABE18DBF1AB2E0C2
:10595000B3784EE227C4B56FD092B1593706447C74
:105960000459198891F60093CBD2220820FE29B958
:10597000FC783E1D1CC8D4242353718D05E2845C41
:10598000A246799CBDB3AE22BE16F01DFAEA4AAD1E
:10599000EA4A9B69DD12C972E00FA9AE7BFE4F3661
:1059A00055712F9F34C1C647E200707682D90A5CD8
:1059B0009892D2857349B8636AE3A52AB89AAE5F14
:1059C0006B84E899A7F540C8C3158E7E07D881A7D8
:1059D0003D1A3F21D871AB85A2347FAF027FFAA96F
:1059E000B5D140C7E2E67CBF2B0F0FDF5ECF60145E
:1059F000C1832068DE7A32226E6CF6EDD40FC16E60
:105A000089D71F109A942F24B0D5B367A029B28AE2
:105A1000F795A4ADA56ABB8666BAF1A21AAF2B971B
:105A2000767AACF3E6A31E6F263D680715C0410BDE
:105A3000F919D13B246F24F8DE901D89D8F081AA92
:105A4000F0EF12C29BFD6E11F1E7032181A968F509
:105A5000CF791B6D60968C785814706C0AAD07BABC
:105A60007469792C18F137DA3AA7FA57388B328DE6
:105A70008BD95DE682DC6F6C6302948145823A21AA
:105A8000E0A4DF763466DC0B0666649396699F8239
:105A900061E326850C57AAE05EE633DFA6330149B1
:105AA00057BDE4CEF9D91CA5A40C96CD1E4A1B8E79
:105AB0008541993CF30C545FAC2F8E2F7144B8DEB6
:105AC000390D5A1BE24D11E9FEB06051CADFFB2DC2
:105AD000D0FFA32E11A2F69F3874813381611DFC83
:105AE00023312D85D80577A5FDD36EBA4F7C78423A
:105AF000E9A43D8FEEDDA2C50230CF26BDE14E6F99
:105B0000A48599C702A4781678EB95B9846CF566DC
:105B100050EAF7825AB7261488B30B227F7DED95A1
:105B2000030B0E2BC0D074C6EDCB971F1F16C78872
:105B3000A977D9C3D7553DB5567643D105B9562572
:105B4000AD48C7300BB5DFEAF5CA63390A830C6B81
:105B50001DBB2AD41D11F073C03348A3F1CCFCD86F
:105B600048DDFC3BC1069A398E1021CCFF1EF0C4E3
:105B70001A6FD3001C47D977E9D7B4CDD70B9A2237
:105B80006BFFE117AC42DFBE2D1798BF7E7F8D1AE9
:105B90006ECB42A877B5956DE471ED48B1D8A8D920
:105BA00048746CEF13594DC76421C01946830A63CA
:105BB0006C25A12B69C7E73EBA3238D6A8624B44A0
:105BC000CB34E2EB98FD15F23FBC5E7F5613752B8C
:105BD00005BDF0D239D8B556B766EF490279E78AE4
:105BE000ABDF162629411E95E80D91AFC826155B3F
:105BF000A91E10F9A4250F336C32DA140D414BA8FD
:105C00007B101800F0506298B58E0D39C4E99C05E0
:105C10000D87923175825C9E9E231BE91CF9FDC3A2
:105C2000E18A86DE08158C9FDF9D3D323DFE765E63
:105C300046B9E29E5FF3710EA98A22A7F822236576
:105C40005B07F929663551D9760FA8A0D6F78D687C
:105C5000A594708885361EDA993CE49E4904F5FEC9
:105C6000A269B4A4B4C013965C8A7522EBCBC1318F
:105C7000F55BEA7EA268E2C548DD7384A8CADA5EF5
:105C8000CC8DB2BD0D6F783124377B893990BDAC96
:105C9000A769C794E9E42BC9DC335F31EE10546384
:105CA000262A6E4C75D20B2815453BC5E23BD867BA
:105CB00092B8BA8EE11F150CA755C69444F794E12B
:105CC000AB6C17C37053CBC549314513BF7D6243DD
:105CD000514384726E2AB4EA897C8520E428F65503
:105CE0001036ED9571B84AB9C8FA800D1C6B8DD786
:105CF00081AF02EAB97A9D45C17BC90C738D6649B3
:105D0000C5350BF4CF7939FCA6E8FFCEF407128233
:105D100000E65F22B65A87B2B8A6DE6DED8719910C
:105D200027BA4DABF6BF1499563EFFE69775C0D122
:105D3000F096F7857FEF5FDE0D7D8AFA2187F8DA2E
:105D400065B8C500D0ED18B8663C07F9BFFFA85785
:105D50004C385A2751A0C9DCB26AEDCD3AE188CB64
:105D60005298432D88930CC69F363E5A94F4C3D75D
:105D70009510F69E5B133B36CEF3FB8B0525611227
:105D800003BB07920608C768C61F2E7A7C1A82F0EA
:105D9000AD3ACCAC1EB8D216BD6CD9B855D477721A
:105DA00084302CF9AB9DAED3DF72B0D03BCD23DC79
:105DB000510534B38E1D31D538F220F972C70C95D8
:105DC0007B40989EFB7E5D8E49C92A7142E45AD77A
:105DD00031C3B9A0A9CF13E16C8C055F0F00CA775E
:105DE0005C4A1D46AFB9AD120B32372D2575B74C45
:105DF000E7602BCD8ABC333EEC9A1D0E6BFE95D529
:105E0000DE424A74ACAEBE0A19FF9E7979CC788D19
:105E1000244D51C5BC79461F3CA0BD4185885C839B
:105E2000AB2C775F33C60E7AB2A015F229F00C4383
:105E30002DC9B4BBA4752F05E82EC988412EB7A182
:105E4000A7A255BA131E18001F53A068A2A11517C8
:105E50000BA19A96E23371A876A02034C995A919AE
:105E6000E9FB52123E590A642090B91BD3E635D79C
:105E7000EA4D087D4DC59F94F4B79FDDEE7D9035CA
:105E8000540029F501F40C95C4A5606F720A28F43A
:105E90007E2F4659EB34F30793DF15C487BC20C926
:105EA0000C91D15C6B5B2660455C7A97065317D1E9
:105EB000F972465639420ECA582594DD86DA8D0DA0
:105EC000837F2F38D01F03B0CB06A9156911D1915C
:105ED0000FE2FEE10864631EB59254D36A8CA9D226
:105EE000DDE7698E4D60454F4C129FFDECE8C559CA
:105EF00007DE65579BE00613752164FECDBDD29A7F
:105F000086C4901704B91EB7AF8B95B863485FDCA1
:105F10002D42652E55C298E8D5BD278A938C2997C6
:105F20008060BF707D00111A30E56B7A02FB9EF431
:105F30000179F68DA3DA20FFBD4EE344A74F4C6AEA
:105F40002DD830DF2CC492B44CF27B51C063318E1B
:105F5000F088E9F303DDC57B1F171CC95D1B7C328C
:105F60006F90E829904571BB51F3D004D6BDE30B87
:105F70009A273A4C0D36B92ECE2C5B87BEC928E243
:105F800072CFB2716D94DCD8716816B60BD4EFD3B2
:105F9000CDA87D0C0AB5B9BF55D95025DB7D25C8E4
:105FA000796DF3CE7798F3A1940A7086534E02F977
:105FB000682E3710087F981BE9996DEC3F479A438C
:105FC000EE3D0AAF778527A46C428872ED3011C48C
:105FD0008BA15B24569BF9EE8373ACF84D6D5E107C
:105FE0007AB82A94F3D2025F5DC95F2A60C9F58C42
:105FF000A5386BE631D29B0028647ECF50D2606E0C
:1060000007E783AE2D668FF03A1BD2E0BE15F7414D
:1060100068913B009FD97178D659CB4FDE84081523
:1060200063A2E987E985586418598FA1AE91A80E3B
:10603000BAC4E1A6FE1A4519A52BE44B17A63A28C7
:1060400009FAB0A776CE45BAF360CFC160E1B1DC02
:106050004E5DBC9132152ABA85F086EFDCE2D4C6DB
:106060007991C73C7CF47A2DB1B745C05C369CC0B1
:106070006A2F8E1D916CFBD5445DC8035D6678E682
:10608000C8C9EDE47E75796B2C7B075114330E384B
:106090008BB4CE3B02E6985BDF6DB6AE26D4895D4D
:1060A000880573E710CBE764A33FFA2A06B4EAB881
:1060B0003D2EE7912B301A89BF8096BE7F1C5D86EE
:1060C000AC64E425A87111134BA9FDF2B6FDA24BF7
:1060D00073B176B5D953DC1D4838B959436202D043
:1060E000A90832C4C0656D977F8897C58F93E2C5B4
:1060F00025B7D231B65E913A8CC171FF160C28F2E9
:106100006DA78442B03F1B01BD52E10F79B4266EEA
:10611000908FCACCA900C98985C8F736D93887C0FD
:1061200072C1EAABA0361B6ED399DE8EF056EDE05D
:1061300054C14D9427F831F4850D8D37BEC0A96840
:10614000347603AE14DB5FF55A6189E20A7A4D5C5E
:106150008A471FCC9C218D3095CE662A7158221318
:106160000CB6AB9243C311B98B4B2A5A463F7B31D5
:106170008C3C4BF483FC4B0B2C64519CB72122E0EC
:106180000C8D4513AF10B09A42D444762D3DF66184
:1061900042DDFACE1755C3E0CBEE50C07B497D00FF
:1061A0003814386023084F6C92F277B38C9C99C2F4
:1061B0005CF4F5CAA92BE72D372457BB4B070B1E00
:1061C000B6FE28543478E44F3A6B686B3D94B29035
:1061D0009813ACB6BFDB86F029284849AC472CEFB2
:1061E0000B5225AF7B5058926576A7F11772CC748D
:1061F0002FD48F2DD29CC7BD44A82474A50775DE6B
:10620000C1DF5B5B0336E02DB0C87C47A29C8339BD
:1062100071771744C712AFB581F095651F103F5EC7
:10622000A92C165B44EEA08490D99944E34A290E28
:10623000CFBC6C35713E5A9BEB1433E7835FD3368A
:1062400035D6F9F06FCB29EF0114C8C6468CB7AD2F
:1062500008203E6511615209234992AC828C6C7E04
:106260004BFC2EA6CF2B8E34E3834A4714FA71BA27
:10627000D58CB403DD4E092867B599FA4AF273C488
:1062800050C0AD938BF4646556447A67A8C13E6AEA
:1062900045F7BE7586555CA6220949ED4A7CBB4C84
:1062A000116B1B8743F8FE690927065E01CF879FA4
:1062B0006877DB152AF4D2F0D7BC3398E944C03FA5
:1062C0004097B6CB258D31EC5625CA5C864A84A909
:1062D0003DF5F4DC20008E56B50B974FEFDF909024
:1062E0005B4222612526CAF323E24215ADA2F88F54
:1062F000EFD1590405B4A2C03DF770A620202B8130
:106300004CF13F1D9F50403C936C982F94EF0779C0
:10631000CECE7FA69117C1550FF4D1E33C4D12BDEF
:10632000C7BA0B8D2119514FD793D938074FC0FCED
:106330005D3A3A2B5ADD0E8DE3E8715C49F3583132
:106340005E07F7735A809C000000AFB6967D40D080
:10635000B547521100403D54C072A3213AC42C727B
:106360001AC5B80D616AEB2ABC7697E9E401DCD561
:1063700086E0730FB1E4EC6B04AE1837FC5E2208C4
:10638000CBDE137026D6A8DE3CD2620954C6630366
:10639000EF8310F93ABF44ADB24577C046E0DD1156
:1063A000224CD9BDA3BD1DF3B3E73EC245EF19E1B1
:1063B00024B33DB647202055106E5AB38F2699C39B
:1063C00038518505032D79293288726E1E756CEA65
:1063D00042D1348E80F38E83977630CF0893949B8E
:1063E00047970416AA626530112D9C263B15BE3DC9
:1063F000A97469B26E1BF0EB03908875B15884F7ED
:106400007F1362D48ECB2F5BE9363681473FAB2CAE
:106410007FFA2B98C874CC021531F0C8DAECE57617
:10642000F09196327E243D2C9CF302EDA1103D624A
:1064300008BAF9C613B36A3500A537C93F540FFE31
:10644000518E55A08E3810CDA0C537C04A970D4D3E
:1064500030D644E5F5309971762B1BA3F3AA1BC007
:10646000FBC2AAA518B825AB631D0E93B7F19EC554
:10647000E024022367950670C77B8F0C34DDAFBE26
:106480004BE32BBADB8170568B886D3C40FC6198E6
:106490009AA045652BCC019493CCDDEA6CEADD969D
:1064A00042D77067948B026FF52D024AAC1B99D6C8
:1064B00069D2813B344F76ED0BB16D25C4EE715935
:1064C0004933713A91394267503885188ECA714301
:1064D0008E84259BE4E6F41B5C2CB0A72D1C62C9BE
:1064E000CBF01189402C57C5CBE9314572895F5CEF
:1064F000EBFAB88670F645F32EBB43A8FD70E62094
:10650000919F62588D3EF6A4A534EC92C8D997FFAE
:10651000D3B027F7D789443B3D641B0C179CA2DB03
:10652000C07BEB52A0A33D21F21DF5D24DB7B11EA9
:10653000FD7644EA97BEF5B4CD8A90067B27D11547
:10654000A9609AAD6A1370ABC0721F8AF5BC2E3A6F
:106550008BC9B46A6B25D4AB41C9E4B476E61C732D
:10656000308996F4505E5155B2D62D654CA0971FD8
:106570004175CD51863ED9AB7964CA1246257AACB5
:10658000617ECFCCEC3BF5CB73E3B508A3E8B58CCB
:106590003F45152DD32BD7B31DF343DCBB39AC1BC3
:1065A00052F05544600E99D8AD492E525B5D5C9314
:1065B000852303C66FCD7FB66BA6F91382E3F2C2C3
:1065C0004C32852B7B08D4452E8F69EBBE7FBC44B3
:1065D000C016DF3F603D0E5EE3B84DC3686E101815
:1065E000E23D4B114FEC394AC80E10869B56D7D668
:1065F000D684EADFC630B0899AC769D06A22E6D469
:10660000064978EE627166E5D812D6C420E5FC2012
:10661000CA6EEE701C66330392B416C6457B2173B6
:106620000888F6E8F20E6C8694A80CB7DF67B22DE6
:1066300034FA2683F7064FA4ECBA08DC582843F74F
:106640000D95CD83D7BC3AA18B0936941D5F9D155E
:10665000F9538A71610E207E22B5363A14883FCEF6
:10666000BC387B4642AC3F4968E988C0F7155D718C
:1066700023187725DB6133BFDD2EA90F254F2C634F
:10668000B30F8A485C0C7BFC4FBEA5D93A56E2F9A1
:1066900001AD15A47099781260B8FC9305104B6198
:1066A000BB28418A82A9BB3190AF92C3F0535653A5
:1066B000C74FF616284FE7F6B9DCC7A363934D45DD
:1066C000347E3EF6A3434155DA04F715A643C8923B
:1066D0001D56B9FFACE053B582C975139D60A794F0
:1066E00032B0F6F6558509B3C01472CBBD3CB95033
:1066F000C2CF4EC6CC842B2C21B134628308131038
:10670000CC4B46E8702D84285FF359D8D6021EE69C
:10671000B8D5243843A4405DD765AB500721790034
:10672000BA685E1CC50F6DA59B4B6F7748F1D5D637
:10673000DD1DC4DAF29CAB18A06CE09B68CAAA8489
:10674000C4057BB28EFE145DAC34AA37B749D5338D
:1067500077BEAE96AB9B822DC5F94A3E6ACFF8DE76
:10676000618E774AD0866BA7866FF3C06F85863AB5
:1067700009AFA585AB3D68BFFACC1E5A1F960339F9
:106780003E31318442F15DA71549F5737073CC67D2
:10679000B8503561469C398D0B0554975FA0CFD911
:1067A00078F816A8EFFCD68F83E7BBCFD103869588
:1067B000CD1FE179DDEAEC4E0CD5E71C19C50D4182
:1067C000F96E3FF4AD49BEA8A947F18BBA687CDEEB
:1067D000E987EFEC965B3244654AF688A2230A7398
:1067E00097736BCBD64E26FA27C08C5ACB60456187
:1067F000641E19F9B58B2528D1B35D9192361543E6
:10680000A50A0D379C3432FF76B93687CE2644660A
:106810006C6939C30B36EBAE657F643A050F2EFB0E
:1068200062CD61DB6B9E20A0AEE3E5183263D850E9
:10683000CF502A3586DF55EB448108FA9AABBD3C30
:1068400084B3F460DBE52749466FB8EF5885375DC0
:10685000432CAF17066F87AF5DFAB01FB3B91C7D2D
:1068600086FB02C52C365D1250FF56DA6CDDE1E87E
:10687000853D49F34ADD3E91B92826ABE1280FBF9B
:106880003F79A5926883B6735F0498063C1CE30CBD
:1068900013EC55A5B4B40A191F1F2B0D4FCB0E5B7B
:1068A0005EF236794FCDFD04842124335B02C5FEB0
:1068B000B48F64B4BAF7E3831778BA7426EF927F83
:1068C000588DD97D1DB12335B9C7FA39B601A64E09
:1068D000001D243994B54BAFF8F56119D75FC1A8F5
:1068E0006FF2D4A97066443028DC5A16BBBDBA4D8D
:1068F0006FE8B1853B22B047F2342419C549A16C39
:10690000D4779FC08B5F87B8C820C0978006A7D771
:10691000FBD825EA320237D5838E8230BCAD13FB1B
:1069200051777AB09B1AC7432AF59A63F44911E369
:10693000A0FBC61769E2FEE7FF53E3402906256581
:106940007E6540974B9AB9EECF90138E77F7DF5361
:10695000EA0417BD46C38C84A02A3773EA22642355
:106960004A7B8292BBBCE91FD2C42623D1113D7160
:1069700006FF99CF5EACC23BB4C83DFA049BF93622
:10698000565E45F5B5A1BEFF6DA43774D8E44063EB
:10699000D9DBA7E48703F9ABE2615B396959466D3E
:1069A000ED6E75B3A90BD238A9E27DA07FD69B4EC0
:1069B0003739E2CE2DC38D72AB2112B91CBBC1DFBA
:1069C0009A0F98327153A1CE57A42F8F9F23B7757A
:1069D00033D7D0E7A93C50FABA22C8852F5256A225
:1069E0002F3F45605F5168FC0515A9E77AF6C9D7C6
:1069F0003875DE0E6241F4D0245505DF016132E2C4
:106A000046916B573195588A139EC4D4C8B6889165
:106A1000101B89C7D6233AC49368B57ACCB0AA6054
:106A2000AC3B2240CAD641B6CEB2A3C4D32C2C8FE5
:106A30008668A3D2F0B6B31B44A9C95A2F1594ABEC
:106A40002524C78324AF05EA86D3FDF85CBE01FB8D
:106A50000EFADC0A451865BEF7C5E29E0EBE467208
:106A60003A35FDFBD762DE4A0BD43CCB16E3322726
:106A7000FC544FD0668871E2A39AA3F1CFBABE4FFF
:106A8000A3EB3BB713B8F999918E9BECB7EEDB8380
:106A9000FD9201238A392F2AA1C1D1FB5992263BAD
:106AA00097A56D23FFBA098301A6357E2DCCFF6B18
:106AB0008E613866B7693548E2D0E47788464CF88D
:106AC000765D754B10C624539FE5C8D2AF61FD3784
:106AD0007E1CB2812A2A825E657A22CF0419E27670
:106AE000453DAF64E5C9602604B7C3345972304CE4
:106AF000C2627BD81AAC5E5C42D48427930573B221
:106B00004A9AD6FD5FE7014C186D941E52B3BC7EC5
:106B100026A82EA8B31BA915C7D77A18326CC2793C
:106B20003FABF641ECEB745BC72E04C648256456B8
:106B300091228DBBF20E613FEC8DE1FE31EDCD680F
:106B400098B4F74355C4AEA18BA8591A6B0268518B
:106B500073245426C288946866FB54EEAD961E9644
:106B6000499DF8DD3FD1BDA7152CB64445F9A22CAF
:106B70005026630D1531EAC37E540532E33119AA5C
:106B800055FF0E4D9ED1145CEFEA6EA4394EACC297
:106B90002664CA1B6CC3828301A2820ED3E7C8F8A5
:106BA0001A9F847C3F5A4A13832F1F556BCA1B348C
:106BB0008D2F4272AD11ED29A8B6444F2F4E9C3B4C
:106BC0009644F62E786CE6E8F0E97A54AB0CBFF206
:106BD000C80598BAD1812AB72331773A030520A98D
:106BE000D7161D83780F733215EA22F16B17A0BCFC
:106BF000A0091F4E074A122F1169686674808D1F05
:106C0000D760E9F22086DB73640CA1E983372FD7C4
:106C100087186BDAA98BF0726AAE42C852D18EC562
:106C2000B2BA156859C22C545CFA4204D56B7F8FF6
:106C3000B41B59454D9FBEC4144B44977CD9A31037
:106C40004E3190F15DE352223121886E74F79F2816
:106C50000610DAA16491ABCE7CE5DB7AF5315D6696
:106C600098BF38E45310C7845BB0544F3A6E191381
:106C700059B95BE2D0BCB0D871D0B8AD326D3556E1
:106C8000FD5F8036B583462B987BDE617C4673279B
:106C90001D91F2A649E8F7D407ADBC7AE9BB183DCF
:106CA0006F5F2ED5E58343381C2889B64B9B6EE970
:106CB0000FB826F16A6DD36C12885AF142BD5D435C
:106CC00067D5F6A6CB2A0CE51F2295D31DF7290F11
:106CD0007AC6C3E267AEAE2037B7E975139DFFF4FD
:106CE0006232482FD04DD6C225D697EDA85D0A6DE9
:106CF000558EFBC74AD25E33C8040431DB31EC3811
:106D0000EE5D69F0997E52E916E43F32E2E890CCFC
:106D1000F5378397977269585E8DA6A8992F0C2D29
:106D20009DA1203E4DA8515635470532FCDB06C9D2
:106D30002B3CD3EE6DC3E78D768295102A3F3A192E
:106D4000C17A50FAB938614E655A7D27F1CDD48F9A
:106D500059A6EA156D53DB7C3EA3F92BF8F72E2BD1
:106D600072F817691E32DB7E390BA9EAFFB00810F2
:106D70008D68B1981CFFF0DDBAD2382DC2197EF1B2
:106D8000482AB32F97040243939F7874AC4929ADE6
:106D90005192504F487EF994D65E0395F0EF4050E3
:106DA000952BFDFEEA65979FB41416BC15015D8412
:106DB000350A999655DD627C16F9200E4B50E4A6F3
:106DC00078BE6CAFBC2D6384B268247E98A4E8CDF5
:106DD0004A08FF32E0C16428AECF1FCB6FDD05F05B
:106DE000E4A7757DD7353A3C2B156BD624E468CCE7
:106DF000EE27D6FCD86E15B47759A381602A86E9B0
:106E0000A3C7C17A289A6D4F82E971F287850E1A5D
:106E1000779B1751C18CD1B67454905E480B038D8B
:106E2000045CB24E89961D6124CBF33C08F83DA862
:106E3000B9129B40ED887B44AFF3A1668955F17090
:106E40000B6CC6381A3FFF2260DAC5D172ECC64D12
:106E50008C9F3C18174ED7E990345B667B81BC5DF4
:106E60009E7FF10B4F846B441E58AAEB841ACF6AA5
:106E7000CCD9F802860863930484E44236ECDC98AB
:106E80000F817E51412E396000C73C322ECF695BA5
:106E9000C3313858D8F641BB0D2E0A00CE7DCC95B3
:106EA000B9BD71AAFDD96E002E4A931C880614EB59
:106EB000621536B85077B035831FFF805D4E2F9B2B
:106EC000E8EC27C3A4BA389E9D7C0A9B6C5EB6F39F
:106ED00066EC0F1D28BBDF92271BD855CA3EAA3A85
:106EE00064CD3465C521A9BCFECDA3B08C600D84F2
:106EF0001D04EC902D1E41EF2BB517C5563B38688D
:106F0000F0B10D81CB5A6ACC46018950AC8EF9673D
:106F100098A2FF9E436F2CF13AA2608822C880732A
:106F20004796620B9703891686E81AD4C078B0F8A2
:106F3000B3594C7C205C72FB86217208D17826D331
:106F4000D50899E15298B45681038D7FD22CFD5714
:106F500058EA8C8080E6A2E389612A7466988900E9
:106F6000CCB74D2EF6AF68FBE6477FA5B0DDC5D8A0
:106F7000E7CF02E1A8C19DEADB6F2A8193AEAEDBC9
:106F80008F3DE7AED33305D21CC2DB94285C9BADAA
:106F9000E215815EFBEE7D94BEA76F47714F9AC5E7
:106FA00011B7A9CCE395ABE8318918BDA46D6F9BEF
:106FB0004DB1ABDECCD549A663418616187A82491D
:106FC000397EA15BDB23709A0FE5CE2C20CB177A9C
:106FD000E68E5E781F941037974FBAF8238ED2C48E
:106FE000932EDC50190BB09AA0D96F3925612E8BE6
:106FF000C0EB3349E6969B54BE7639BAE4C8036EBB
:1070000096C3DA92C70F83CD6FF89F75CE424DCAF3
:107010001DD5EBB55E692E414DB15F1207345A099B
:107020003FB93F362A87AA74A901A4F70598EA89CF
:10703000EDE540D4A8E67C65BA182008658DAD70F2
:10704000BFCAC4879680864023722961E0A9BDC665
:10705000903775295ED77062E8FF475E9CE45F4415
:107060009A30BC7267DDAE901F3A0204640E64A8C9
:10707000F28B46E6101731DC64C85AC92E2DF5375D
:10708000080CB3CA9F33449B1CAFE87DBFC5D32710
:10709000F63C351B143B57CE7BB5DA349FE219D74B
:1070A000BB832CB8C8782FD5DA7D68126A4FBF121F
:1070B000CD3323744323FDB8E1FEA5967BBCA082AB
:1070C000A8ECD36007BD2FF44295EA50BC1FE82A14
:1070D0009E2DD25B8A65731A944CF153B1E235A5AB
:1070E0002A815CCFF02F0F281B1048DF1A1CE67690
:1070F000ED5BD6D8ADC295EBF4FCEF6736406789FF
:107100002729E3059B7F39AD81270B801FFB926701
:10711000441EFC3186A4EAF834D52057AB537C3E9C
:10712000856901C474D9F3A8592B40936E36878CB6
:10713000B63C8E456BD0BAD0A5E094681DCB645A9E
:107140002455DA920F4E85ED06D911BC97740AB911
:1071500092213CB86F56D3A205C36B8E2018AF683E
:107160000793519DFEC83C210DAD56C9AD2FF9F4D2
:10717000A2C4BB3A1975D46624974291DC202754E7
:10718000AA7C4CDF7495452691ECD2CB319AF3F76B
:10719000224C862A5593A69403D47581FB244E2154
:1071A0004B697C4EEA4F5C2EF317E4DE32DDBF7C88
:1071B000C890A9DBB389DF1F213616B562BC5469BC
:1071C000BA2B0CEBB87D83309FFAD96D432624DBB4
:1071D000325B27F4A3D8CDA89061588AF5BF2A6105
:1071E000A31FBEAAB2787D146F3F9558EE8C277E00
:1071F0001E51D43CAFB677899CFD090810583769F9
:10720000420EB98BEF9BE33235787AE8F6F2D21F63
:10721000107FA7A757791B95E9AACE48D1C8E7F1F7
:10722000AF5438E031B10C7602607F61C44507FF8E
:107230007959FDE5593AD6F9A5ADA2833765140F02
:10724000972AC5CFC02FAB7ED344A4FC43E82FFDC3
:10725000CC400E790F8A370E7D5A50BE9251B62C13
:1072600068BD4731EC8EE675A9CA7AE7836AB542F4
:1072700074015E1752C6D3648BB448CE926C0D4D28
:10728000B943B62F7ED1CE5B027FD4A925D5E912B2
:10729000C160F79E7E26074049BCA0FCB3C6A11B77
:1072A00072204FE7FCB46E30F82F7F0C749201AF60
:1072B000A7FEC7DAA61B456B40E2663654FC2D14C8
:1072C000E6A45D87AC3F8CAC64ACD83DD25BC034E7
:1072D000236360088FA7B7599D9E20879502D5F636
:1072E0008418C6BE8D4B5D461C4DF5C0AA0C0AE342
:1072F0004AE3D74765E329C95D533DB1D19D8E0768
:1073000082F880B7DE0EF4A9024D10320C0DBC4E8F
:10731000C4E8BCC588A12066FC987F8B6160CBAFB8
:10732000A66BD493909C3372DE0CE423CBA6E9ECDD
:10733000F0F2BA732E4AF721555898EFB3DB25D7F0
:107340008F586E1F9C1A0FC7FB6DFF5845E5B95447
:10735000757182E05CADC00E98497D4210843A9A06
:10736000303EC3A297B4BA4EEA75AFC5719D6F3B6C
:10737000866DF5364C17074A2DB5C385A7066455AB
:107380004E9B143A762FF2E3204CB46D6CA738ABC9
:107390005333F1C79815650CD85411590FC3415296
:1073A0002C2CF28696BC8F5A8F138883D526B36710
:1073B00080C64453A32C41C2E41919CC570CF924BC
:1073C00024EBF25E4067060E68B2E74D8F9F0DED2D
:1073D000164F7008A29F295AE023A7FA1268C11F0E
:1073E0008132B548E53E2F3A96A66C7C69AAFCEC42
:1073F0007BA4B77C2C0BF667BC824BA80788508A0D
:10740000E513C4B843CE53C5FCFE694503638A0245
:10741000AE869F0009D1E69715D01500D33597BEEB
:10742000E82DDFBB17010A31B83FE4A346862E885A
:107430000BE9EA77253877D46A44035E52D7662E83
:107440005A7972245B9E27AA89DC459CACEAD3E377
:107450006BCE92266ED4FBEAFD5D5A9C2375E0D874
:107460008E89516BAE73324081A7D1BAD223C979CC
:1074700095A4A5DB45ABAC54B8BE91997A10A83160
:107480000179E5EFAD46B4B889F0C7B160D83A8369
:107490006C18C6803C92F3EF9143631EF2B52174E1
:1074A000D24B05AC81EFA213F5C1083206E6356E6A
:1074B0001B34794654F572D65CD3C7D69478C9F19B
:1074C0004740A33229A51275348EB15F0FDB7D2CA6
:1074D0001D30E3CD0B90E4A0D24386650059D32F35
:1074E000CA4606DDB6A1FEF3BF79CFD451B790D915
:1074F000A2476814C8BF6983214FE72D980EF64450
:10750000D38485F666D53B77CE472DEE589369BA7E
:107510003AD3490D27CBE6B1233649E312406B3508
:1075200000FA3E11E327DAEB92F998D451CEA18408
:1075300021D9E74B6B4FCC49543D1F4067B3146FC3
:107540004021A4E80FA3930CA7CA6274506246C5F9
:107550006F09FA6A00DD303271CDD9CAB322D36F18
:1075600010F7FCEF6B739E542BC6309C96BAE46404
:1075700082906B819145AD235E8FCD779168C49ADF
:10758000A7122D4CBFCF722336BFD9C6BEE5127BE2
:10759000B9DF496091BE3F15609D9A2FD7023F9297
:1075A000D459C890B8F028E8E3C42588358545400B
:1075B0007FBE867CC6A14BA4E3369C453A10DD0213
:1075C0000CD5956665CD1B9A3B611F2F015AF1DBE7
:1075D000A6C8A6841E173A0E7010DCECEDDD974F9E
:1075E000629B27FE7A0B9BC9B5A9C8DBACF432A01D
:1075F000E8A2CF0573FD9D5B0615C5476C032163AB
:10760000FDCCB247EA093EFC41040A1129741FF778
:10761000229A91D4FA88002991BF0210777D9B07A6
:10762000D170123C19D0539D5A532A3B675FB2A9BF
:107630008C9E71A35FE3F4403CF6A8BDA984309012
:107640002B5A166570DA91B2042ADB536EEF7B6217
:107650007A51EB1F13C22BC14E84AB97262CF0A19D
:10766000AEC3A75688905FE94F765263DBB9D66EFA
:10767000BC00625651F038393584A4EAFF488ED9EF
:107680006FBC381B1D2E6E503AB411B38AE71DA88B
:10769000D1DAFE5E199168E7E168546A5DF02DFA6F
:1076A00080F7CCF53413268870A1604AB11C4C0ACF
:1076B00099D078B8776E4E835E614C8302B2C3ACCA
:1076C000BE27A926C09DA7B70D4E7C5D3EF804EEEF
:1076D00083B49D3021773D7ACE3BE0614AB97E92FA
:1076E0000EE89CA7D9DFAD01EBAB33ED1BC02CB18D
:1076F00010FFF71ED96A7D17D272EB49B7BBCC6079
:107700001147E7B015A570CCE79863E6E5F34BE1C8
:107710001A0B66D2D12B80134498086FAAE7681C15
:10772000135DB3E011B3EF48ED9F730DBC92B73F0B
:10773000BA0B02504A55A5B26AD4B77CBE2BDE14F0
:1077400035D18BCBA9252DCD4CE15E4AC7C487AE80
:1077500015BA15396EC4B26CC1DF8D30C5A13309BD
:10776000ED9B62C5E1BA23331DF05B9849F58FD8D4
:10777000FF5D29A6E5594FB5B4382A2F6E9F895B66
:107780002213FE0547FC2DFBF9279BFC26635EBDFB
:10779000460883D4BA915C37A31067B0E632DD8720
:1077A000CB59FCD1E06D9372FD4EF4E8FDDD43D57D
:1077B00091DA692D1640DBCEDDB8D3A101C053426A
:1077C0004A07950A5320D72A4867F5EA6B15CB0A72
:1077D000081F20615D61D203B11A9E1D159D28E42A
:1077E000D592B8D6BEB429CA967758ACF5668975D5
:1077F000B084271FE20EB36263F7E353FA313B36DE
:1078000072CE5E7C45A641954742FF0E5502584B0D
:10781000EDFA347E9E6F8C5D91C0D36E0846416058
:10782000BEEC5B76534687678A738CD1CA8CE0DFE7
:107830009097A108D208A7561B08A11A015634CC6C
:10784000036B6943B15AE9AB9C3897579CB1A28846
:107850002CE4FCE0F745FA49B56460322405B00237
:1078600056A5AE1FAFEF83817E3783E2339105AF1C
:10787000C81F947132C75E0A2284582E9EB762EFE9
:10788000A71D315BC4403F99D8B5B336E4FE516BB8
:10789000C9E187041FFA5B61B2DC6065B523979D7F
:1078A00003BCC2AC901A73298CA4CC0B6972DFFDA7
:1078B000E9EBAF15B6DFA5C691402EDBA8B5D4A77E
:1078C000AF1F98F5B5E34EC457BAAA5AA9E11933C8
:1078D0007535B9E060A0458B5A60D9627F29BDDC5F
:1078E000AEA26BE3817CED687E993935FCB8B62891
:1078F000BFF5A9578A8DD672149CF3C7448A694490
:10790000CCBEA1E921A57288A5D6DC683F6CD33C2A
:107910002C5F2A050B595DF60479FF3BF042B3E278
:10792000E514894C54477623BD39F028170002E549
:10793000258B71341C29E7EEF110619DF28AEF5519
:107940003E3E4AEEFBE776FF5E4125C05C3B177D7D
:10795000A26C5D8B5D8961B2563FC0A92C3F3B1A7A
:10796000E83CAD785FFDA58C319ED8D28B64E80BE6
:107970002DB37E37AB042193106092796D59EDBC25
:10798000129DE7D1DE663C1FE98A5CC3A89E632B8B
:107990006813B1963753A27A16D2A9CDCA2C040225
:1079A000A4604EB14695BE52A2F7E2787EA8CF11F0
:1079B000D44A8CD372D25D7F62ACF480EFCB782F47
:1079C00098EE512324852B8B6585DEFF189F66F981
:1079D0008E27512C6F452475D38DA78E88F5BE5CFC
:1079E000914471A3BB3284E2C9B60B4A9A9604CF84
:1079F0005F07C5C73C56A11FC01C00812FDEDCDB22
:107A00002FEA12A80DA9A19F61B2AE0B48ED11CCCF
:107A10001D405AE6C8FD25B29EAD1322545B6D8A07
:107A2000198D1FDBCCD2BC35C31C2D9226180289C0
:107A3000FEDB5C1A7715410CA812949F3EBF7A5A60
:107A40006DE00978142AFD0A44FE0CE6EEAEC0FD96
:107A5000B05108829866FA26AF9CA196FBBCE62B33
:107A60003A7791134F946583249B9ACE4E11D44D4F
:107A7000513DDAF632264E8F5395E03C4EBE751BD3
:107A800053753CAEDA75A54575A75474ACF25070C9
:107A9000C201ACE8FF54AC80FA6AE1AAA0511E967C
:107AA000CDD24322D96E116603BB7DC41C2169CDA2
:107AB00075E4F986ED796E2B122245B81BFACA1AC5
:107AC000BBC00B050021872118F204F16FF6C6DA5E
:107AD000193EF5B5AFE98AC59E3BCD7B7C8EC93496
:107AE00083489D8BD9A66551F4043D12162E097367
:107AF0001C0CF1025B6B7E1DED2552DE7CDEDAD5BF
:107B0000752A2D90F7F3DED3AE0DCDE22A885D1CE9
:107B1000EDBB141078A14A3A89EFFC1DF0B7202C78
:107B2000129B9849918AE497A26FF92B41B9F16AA7
:107B3000B920EA160A6EE07C322D561EBB013904CC
:107B4000311A1E5BC9481AEE4B88EE5D28CB148EA5
:107B50003655390DB8F71629E765C66B102E364B2A
:107B60003ED05489072D2884FE42AEE1DF8138449F
:107B7000A4E2F93AA165A7B9EB03C66302E777600F
:107B8000C0811396775CE8F4AD38AE0F14DF227F26
:107B9000FCCF8C6143E431F099A35ED93305700BBF
:107BA000A401307C8484EBA33EE207374AF88E952B
:107BB000724F4D8EA2C75F28EC49413997DD9E6414
:107BC000D7865E513882A0364C517843527F9AFD59
:107BD000E19C2AE78BE530EFE75D13431DA0A5E6A6
:107BE0002A5F0DEF8C4FE06116BD89E6FC0240363E
:107BF000110A384AAF92CAD136FDD063D7A0E8BB8C
:107C0000C7197A2534AFAF5EE3155F813B8EE7CEAF
:107C10002F65F7F4421B116AD4193F840E54B6DF66
:107C2000B987C3E039ED8D767A201C9BD33F631072
:107C300065B4199A2525207FD7C3E7EBFBE64ADB1D
:107C4000A3AE801A462627B43ECABE39037CB5646B
:107C50004762571E608BC60572BF419D2075D6CF07
:107C6000410C833587437A0FF3FBEE823F5011CAF4
:107C70001B7F7D4BAB5D1C770DB5EED3B67AF3E180
:107C8000F49491B191D77274CA9DBA5C967B669355
:107C900039E88DA5BA5090AAB6A0353005E4AA05FA
:107CA000E3C8707E5D48C3E53F23230FDD4AF56FCF
:107CB000C74AEC460971A28A08EB16D41D56F3A4F4
:107CC0006AA6C7D1858FC67DEDB10A837EE9E51F1F
:107CD000E1ECC5E57C56BCEE3684D1707DD876DB10
:107CE000495CC56201B365F5C11DEDAC962AA04A99
:107CF000BE791D9B50F727263F34F8DE802FBF8FBB
:107D000025C0C465FC7BE1AB87D1D5260AC5D3D598
:107D1000C82A1520BB8E1F6050EED1D332EE5753C8
:107D2000185A6C6526A1196F637E1A98C8FC2F2B10
:107D3000F30D6C3C040E62555F7FAECD6E7B113C43
:107D40002CBAEEDF81A3B0A1E13CDAF5213B2C0097
:107D500022FAB19E25417E49F9F6B8E0FD765AD661
:107D600008F5B7F1BA85E1B679091CB22CD0714695
:107D7000745E39416C2FF5452BF647D23D74792955
:107D800034CBCB3712604C581A446D46EFA3DA60FF
:107D90009065C1547215EB8AAD1F82EEB4EC289B3E
:107DA0009E65A03C9281D9E715BA9234176FC51B26
:107DB000E5047B36544F48AC80716449FE6D424403
:107DC0001D485B23436178BA4DAC1B90027C9889B7
:107DD0002A3A54026A1D051E65614088899F04275E
:107DE000A720911294A337D9B57D9F0E2A931781AE
:107DF000B151D3EDB5F7A26236F20E5A69E9889413
:107E00009637C9ED9C21BBE70E59B683F76B2E5C04
:107E100092763C052263E34FBE9921F89300EE046D
:107E20005CFADABA5DCADA838C7F289EF9ACE9661F
:107E3000FC7EB7FF018D64257F7B2EB9DC00744A80
:107E400086351D655DCBB00A6A41621B937EB4AA7C
:107E500060A02A72F15F67E04181C67DBC2161B0FC
:107E6000309B3B249DD978FF511C065223EABD3E2E
:107E70002EB97A91F7D068E04696405968A90FA1CB
:107E8000FC5FE2BC7CC3C4C5E8A318EF5A8659ADB9
:107E900029AAE3563247660167F974D1D04093604E
:107EA000BDB157C59B242C01AB647AFD3E53907243
:107EB0009845F2042B3E50F6F37A26E9B70DCE70C2
:107EC000718454F872CD4080A69898B6C9DAC05D26
:107ED0007C140606015F204071EFDB8A865B136528
:107EE000A7972FEA8D23F0248154837005137841DE
:107EF0000B190E9112CE63B6348710AEAF97DE75B4
:107F0000E74C02CF4D752EB99403DF379F0E4DD34A
:107F1000B419BB5EA072104AF91D193CEDAC5609AC
:107F20004FF29AFF744D8A5066CFB0D628969E972E
:107F3000E86D1255C1CA533DF5D4D25B8F67F996EF
:107F40000A4C1347FCC7729708E2B9FDAC9A4E235E
:107F5000DE097B95ED271E667F61436792E98DDB25
:107F60002DC15DBE71A92F70A2D208779B0E7B0632
:107F700041A2E4158579DF7AA1846FFF2836760364
:107F8000F2425068BE7D7BF87ACAD05036C0807904
:107F90005EF111CC650A2D98FB2FB6AA0C756BD03B
:107FA0000C39BECDB10AF2F10D56C2C3C562ABF1B8
:107FB0004443888D25D430C12166118B45FA3402A3
:107FC00044B384BA2FB0B5F6216252571C9C1CAC46
:107FD000C7B1418ADF13AA86DF7A614CE4F35AB74E
:107FE000681C4F7CD614CB3AF31F729D939BE8D745
:107FF0007C09DF256309421285BA045515E8B46C83
:108000009FED974A5D34AA8C820277C210FC25D579
:1080100073437FFA007AB18A53201FB9B1EAEBB1FA
:10802000BD220671C78E9C06494C80F6C683F218A5
:108030004567B457CB5447A3D8593FDCA8C6FDDEEB
:10804000186E8017D5DBFCB2A6D1D3BE58D59DB52E
:10805000F406A611A138CDA8ED634D2178424CCF8E
:108060009C2D1FE43EF108B0EE34D8B923FBDDD9D6
:10807000204B03978EFD916B037731BA4572820ACC
:108080007E71746D59287B413982808E811769E435
:108090001C7DD618FD609A854773B511B065D67002
:1080A0000607A58F21CB8FE46B8E12C61E6FFB6077
:1080B0005328521F14E37E73404B2467B55065A3C9
:1080C0009B8140091A65457EE85E577B83270BB28A
:1080D0008DB83D75E823471CD9BD6BBA5B2EEC5AB1
:1080E000B08C0F46DE63D9999C61E6FDF3D75E6ADA
:1080F000B650AA02D22DEA85FACB10C1843E200DDB
:108100008B4361A1344108923567A060A31D1C48D0
:108110008D73ADC7A54C877B891B1B8B5E73923318
:10812000E6D089171D87EEF05BD4F45DF5A9C9EAA6
:10813000FDFEC6F7A6077D05EB7CE92D8A56D7E63E
:1081400037BCA93CA5C16ECD765B25B95A7C2CA75E
:108150007021885FE25B8C83A424A0A556B3758050
:10816000AD06A60BCF13BECDCBC6D6171186728E29
:10817000512998732B7883E361F7E573B81B317845
:108180004E1DB182F040B50EB6E00D8D0D75DC319F
:108190009D49717B619273A6D148C0835642C8EB5A
:1081A000692D13F5BA3F93E01A1F6FE3833C312D1D
:1081B000DFCCFE69D459A26FEB20AC2400CFEFD8FE
:1081C00018B1A7CFBB46244587A28FD6A043ACB732
:1081D000B4521263D75499BAD8167C2ECD6114CEFE
:1081E0005CA270C8ABDE82D45E088B93880E7C558F
:1081F000842041C9E44E95979F9C70517298BE0FA0
:1082000044C20536BA4EE06CEFEF50C683ED4AD655
:1082100008FF85B1FB2DDD3B9A20E3897750A2D67C
:108220008AC4576DC0295B3369F40E3D9D28EF96D3
:10823000D05D44B85B0BD1C015FDCC071623E3D944
:10824000513E9FA189CAEC7BA0DFC23E74A889176A
:1082500009C34383BA2D9478181687D11338B0D345
:10826000F0DFD2A7D1EE04B4A23F45172052D418B4
:108270005870ECF75A97D5C7D030B3B2919D83664A
:10828000F2DB3212F4F1AA6DF47563FFE55FF57C61
:108290007425940056D352431C31D7641C45B33B1C
:1082A00051C6B532DEFA06B0AD4310042B51ACE82E
:1082B000D7B2253600ADFF89B09AA4EE68B326C6C2
:1082C00075384CAC727AEA1CC29D9399D15B0A0452
:1082D000D6A6B28F7D3878DF474CFBE3E0AF8864E9
:1082E000E6BDAB56C890E16FD47D7E88AFE9A5B5F9
:1082F000B7EB7F1C7A03D06482248DE867A72A86B7
:10830000A51783566F8E65819DAEA943F91E8427FC
:10831000B9AFA4AACDD5152B580EBD6FD4599690E0
:108320005EB550BB4D74D68AA542DEFD42227A630B
:10833000AEFF8858B5457647A0FA89ECD8CF24D748
:10834000FADEB2090059A88CDE2BEBA272DF48D00E
:1083500078F76D1259081DA28D3A619DD34AF754E2
:108360005A850F6E65C065F05D6682C178784928D0
:10837000EF9ABFCC3965B9C14B63876398843A9F44
:1083800066D1E88E0ECFBAF4E0D2A18BF8FB584E3E
:10839000DAF9858A34F75F094D44AD78867A1A2F69
:1083A0001F1D10B1E9F54A7FDAD611A7508809E1FF
:1083B000E478F0AEE6383265AE2D5378AAEB075B71
:1083C00052173B7829EE32AED0B6FC54F564400625
:1083D00073C4691659A111154847C3FABCC5E7B261
:1083E000BB36C513F3AAC5BB97271288455C90D24C
:1083F0002163148E8A4B25EB2B9C1082F6AAC4F8BD
:108400004FD52BDBF8001BC85E68E1C10D29004386
:10841000DAB113351ABD5BD61A433BA2DC6A61A9F7
:10842000EE7764FD5631AE1FAC10120B092A4412D0
:10843000FCF7FAE381879D51F9A7D144369AE6A467
:108440002F4A8403D91F4A3B564D777CA97291F27B
:1084500079BFACABC8293766FF9B18BF3FE00A1451
:10846000A3975C6466F7CB6B1F2AC15C4B601F8AC5
:108470006F3823AE865B659FFDFC4B2ACA4E49BE12
:10848000F23781F9A6E0C09C10C0D1C7F52FBE839A
:10849000B141C46346A4641E32640B77CF65F71400
:1084A0009D4FFD48115EF78758FC780E9B3663257B
:1084B0002E50E88ED665C44D41CBC3046DFB2DA56F
:1084C000BB674FBB787D70E717C0E37B655DCA1F54
:1084D000DD7AF32049671EE31C63BCC65F32A86DDA
:1084E00008784AAF1C761751EEF0821FB45BA44B9C
:1084F00044EC400BACC6DB18DE5028A8907500F7A2
:108500002198AB79B99C683EF1AE1A196BAEAF00F9
:10851000A5418A7492D75918991C9760D484B620C3
:108520004B3C39C8B184885C9D022E5F8EF525C80E
:10853000D66F02733D379588FF2433A8CFA94ADE52
:108540003B45365934BF2D375D12FD3D2004C85FD1
:108550000FC75D87C0888C27341C74F257357FC3E2
:10856000913CE2CF2ECEA35B85FDFA9C6A48F77161
:10857000A3E95E312FBC006C2F2342C89B4989C6FA
:10858000330E21B626871087385CA171F64D4CDF7B
:108590009A2EA44BAC4ED604F6337AE93DC53DDFA6
:1085A000ED74E899991460D4E0CEEE7D21AA64AF11
:1085B000D6DD672F1F4CADEBE7E9562B968CB83113
:1085C0002B0810561179F917C3F4AAF845E1514464
:1085D00033F0AA8879A617C1D50AEC86A0C76AB875
:1085E000258F3B72153A737637DF4FC50AF2C8B450
:1085F0001E5A1D85BCDCC8442D5284A6D8C8E3FF92
:10860000A642298B0593A995A9F9373FE5F4F260B5
:10861000B2F09495FA0BE8CF1C03F171087A939E9F
:108620006539BD342C374CF7073A33AE9DF5478199
:10863000F171CF16333D5E6597A76792152FBCFF8A
:108640007E6E571D4606531ACE9B2177788F495070
:108650006AF9C5ACB71FE70419026FE75F082396F4
:10866000F674F5A8372C630F0030BD5C4E8AA41158
:10867000794936A138767411C658D7F8CA53D25FF3
:1086800041B4A59580CA84EDE29C1C73B70DCC5A09
:10869000B68A700F7073293302ADA57C165360281B
:1086A0004B13EA58180A1BA43477178573FDEB198E
:1086B00005BAB48357207E5B8DA8CB055CD7DD3F20
:1086C000312A91ECAB056436CE728763AC9FD967D3
:1086D000A106A4C91A842A2DB9B252571138CCBAAE
:1086E000A5148E44184818E0F646A3F3FD1CF018B4
:1086F000BE02A6707FDA0E848D81631BCA4BB169FE
:1087000092F7D600B0700F6AB0B6E406BC33B50677
:10871000060C5B8666B5799B79F983A891955569B6
:10872000D0891E0DDDCF9582657890A11F82BC7720
:10873000E430D55141D4BA3997622B4ECA735B2AC3
:1087400043C55DBCCE10CBD8157A8616DBA6D1D832
:108750003CD1293CF3261AF831807A14442E9082B9
:10876000E0DE9F2601BEE4009D9A79C36559F3BF00
:10877000A25261518A07BB4CA24870AAE0D956E2C6
:108780003BEF4C4DC636D351F13346220A187AA23C
:10879000D9D131E54495148BBBBE54B54B87AB9909
:1087A000697E4FB5C18F04E2C0E4DE1622B921C94B
:1087B000AB2C8C198309F73256A8B5490686BD64DF
:1087C0004995F3B1F3CEC041A02FF0B8D373E3E3E2
:1087D00034CD6F29F9C434F2846A4DDD06460B8529
:1087E00065AF7CCCDC4FF069D017D0E6B73828F302
:1087F000CD60633A97A18F8294608703F14C45E482
:10880000388DE53C7962DE1253F296890032D661EA
:108810009E782AE46710AA4454A561B272C6216FFB
:1088200073143DF421D6190E28F5CAEBA822EDCB1E
:10883000EDE6A32B263EED4FC3EE58682263939ED0
:108840003ED732843A3AB51BAA9070D729D1C8E1F5
:108850008AC1E9160C57181843457303994B19CA76
:10886000BF6C25CB9A0284E3F1D4FCF39D253ABA80
:10887000A0E5600956FCFBD92B8F5599BF490E32F4
:1088800013B20BF3DBC7F9FAF4AC69D8013F4CFD26
:10889000B4E432A621C0215331690D30F2B5343F22
:1088A0002DF728A2C3B309848A886910A36C111B11
:1088B00066680821C252308F32D9D26784D3781BC0
:1088C00067A21DF502918931958F19F7EA2C549012
:1088D000F770124ACECCA9D998E278FA0E4A4147ED
:1088E00046DD2E4378002497C546BA8F2A68A4D364
:1088F000C4B2C5E8410BA60DD988CB56A387428FD9
:108900007AB5385D58CA190B9F20C8E20215EF806E
:10891000F7DE5F41F437545AEC932168B774E7D41B
:1089200090D682DA9E0697A76F08F0856E7131B1F6
:10893000907F591DB48E9B437C625E20736A6BB836
:108940001E5CBA82794D5A5C3CED24A16147F7A2C6
:10895000E9BF688DE939A42A3AF524620AFE237A30
:1089600002B61660F2C2F645CBD76D29F3E1505F2F
:1089700049FD5AA8BC71547A737BFBA1CCDA001F65
:10898000616D7839B58DE40E6FDE4DD6149736A63D
:10899000D526F2296C809C5EF212B3C3CA59AD6C25
:1089A0003E1CC610678893EA1B6D741B9265B56EFA
:1089B00022C03EDE7ABF7CBF74511385929017842B
:1089C0002E1A6CE7936174BB5E4BC46D2618596A0E
:1089D0004FE457B32A2140959C1B957BAF00829CA6
:1089E0006A03650EC0055CCD2425FA42B821F68DD8
:1089F0006B74E7484328FF08FFFB04FFA18A63214B
:108A0000A9239A6DFF6052CE52C0E3E9BC4A032904
:108A10008749CECB063FAEA92A7243DC7DA1BD5368
:108A2000F6F017D420A09654FB3EECE9C2D3707642
:108A30004B1F8F2C667AEE5736BEFC7348F7EB045B
:108A4000770C9E13BD3F4F3A1AB6DCC26E14EC5D34
:108A5000A3C792F39C63CA69A0607245B9DAD5FBDB
:108A60000F8E291307C3FA1AEE33916EC09A39B2EA
:108A7000E3E65C3D8F932A81E85ACD3D1EEE797581
:108A80000B74322BCF507253B2FD7772D7CCFB965A
:108A9000D0F89A268B79BA414468DA4804CA9359C7
:108AA00061EFA3F09D6A6DD699A3CA1B20D018D49C
:108AB0001FD019D030C696E37A9810CD5927B46EDE
:108AC0000E666C83E07F6CB53A8CFEC4DCB084B07B
:108AD0006DD9BE975FF86A03B8F881DC98337F637D
:108AE000CE920FFB3A4F3C6E4D6335EC0909E89985
:108AF00033D489548A4E0AE9AD38300A1B8DAE4210
:108B0000635A2FD6B50CD71DED1310BC8863B7EB95
:108B1000AF84AC22B8C4DC5BBF64C505502F0E50D7
:108B20006D250FFFDCF7B58A70FA8BB4086BB2A520
:108B30005AA2EB5E255BB4CE6BDA995A1C00F3C1E6
:108B40008BC5E825E53AF3DD542A401859539D9A20
:108B500097340597C00AE3FC9775627C6847942EAA
:108B6000DE87BF801987DF368DAF840557311FB68A
:108B7000CACBC8F48AD463DE01D1A8A16A8686680C
:108B8000DB7E16E9E30E09E79B7E19D11E139F4693
:108B90003AA6E798CB31D777D70436C47478E66D18
:108BA000E140BD5D93E80271B08ACB3252C868CE15
:108BB00035E7E24A4273B93FBB9A32AA0AE660C17E
:108BC000CED92CE2380841147F46381C899A33509C
:108BD0002A24B7761914989863441464FDA4D17AB2
:108BE000897F58B173E5F8FCCC33E8AFFEB232E6CA
:108BF0001140D5DD95BA6C62A32714A3368292EF9B
:108C0000D0CE09B4E81A7D7265E9D6D975AFE6DD34
:108C100024C1E289F2A20CFAF08CD6B9A737EDA6EE
:108C20006A66E4245F57ED4B9A420517BFFC15F8BE
:108C30008F3D41D83DFBA6175BB2FEF2933F570133
:108C400058DD94F5559B51E755C1691711C6125E61
:108C5000A5E7A7A7D6C1D00C5ADD158E515A86526A
:108C600031A198607AE669A32D2318D33A3E9AC5BC
:108C70005B127B33C319C152242E6500A0FC01B7DF
:108C8000DE32D5AFE2D9B876791E38F1227301A66B
:108C90007AE9250FCAEFB9F14189FAEF9F4EDAC19F
:108CA000C161D1D328073ACC173E42F45B672F0746
:108CB000ED5E8FDD21A7DD3A93FEBC830A6344F0AD
:108CC00034DAFC12D00AC45A277F5C5B4F8C4E34D6
:108CD000F60FB35558E18AA1B42FD0FCD8F9C6D00D
:108CE000B3C2FAEC7B6C2D25E7C700C5FC96CB3FE1
:108CF000D614A200571D9BF8E32A792D0758151F9B
:108D000046B1D33304B347D0C6080ACBA15C93EC79
:108D1000C576637878BDAAC4B68B54326C3E48B22F
:108D2000560341E7E3829EA7F2C2B0F77F2BEFDC48
:108D3000385401DD67E1070F04E6C9F08ADA0B69F0
:108D40007A2F366A5C443E22774858FF9F1ECD3FFB
:108D5000C59C31B9CA78B48D92E756E9992D196D41
:108D60003DA03C9A5379D806609EE7B601DE67D8ED
:108D7000636A725CD501F3E813C26421DD74FBA25F
:108D80002B3D2EFDAB15042D89AB7F4D49B2846080
:108D90008C2FD59CA94216D049B778EDBFC4BF6DC2
:108DA000A70B27388005A69DFFC2889A4A256443F1
:108DB000F1A2EAA26D557DD1B32CABE9707D987E0E
:108DC000A5866E82E6FF66BA37C26AC550CA019EA2
:108DD000C94A1B1BFB84B2E58BDCE49D3D6DAB2DCA
:108DE000E2E05B8DBB0035F581DAA1892D3075920B
:108DF000D10E52A9E8AE50B857714201B7E48023B2
:108E0000BA85F98A04FF53C0ACF3081657B1E136AE
:108E1000EAE46E6C942D9B1BD83FC9B6DCF8B071A8
:108E200033B0FCF95C3D40D94355E732F2B42A66D1
:108E300083F1BF9C1A65839C7BB30A0C48FD75BC0B
:108E400078E1AEDFDE5ABE70F270AD905223A51508
:108E5000222A933E7498A100B14FAF1E0B2A171D12
:108E6000147A19F86CBE54E1A171A06DF104724C32
:108E7000C324EB72259E7DF6009BA580A7FB3304DF
:108E800007D002BEAAEBEB45D47295FDE55C7BAF43
:108E9000946F004D3D3AFCF591DE61F59E5F427A9C
:108EA0007B9669805AE15279F5EA2549BCC809AB3D
:108EB000363D8C6D1BCD28C423EBDD599DFD054E41
:108EC0001508C1E4E6F873A37AA3E61DC18C9323C9
:108ED0003FB004C24E4DD3F73F9CEEEF91AE15B5B7
:108EE000184CC6E46B5E98C366758593A39F2001FA
:108EF000EE86A974BF8CACF1EF722C7335EA79C59C
:108F000067B14E36CB3004940E29D6091F42CF11DB
:108F1000203DC009E528C1690064CA8939CE1845D9
:108F2000692697FE4453335EEAEFF833162143383F
:108F3000C2ECDE06ED9B65ED710E30A50332969C0A
:108F40001F467EA2D349F7F184E70DA4219B3AEF97
:108F50000FA8D13CCDEDBEFB89E971AEF53FD2053E
:108F600010D2FA13B96F9D411CFC6D66D05EB34BF5
:108F700012D6C20344CB52A75E0B95B52E27A8B8D4
:108F8000A021D53BBF1F68C6C4064096B91517255A
:108F9000F8B9496EEBE824C9C38B60E199BB3BED9E
:108FA000B87332A18E995ADBB18015BFF30ABC3A6F
:108FB000C3B30B3DF5736A86B077AFB4A14FC80059
:108FC000C1D880DCD3E0C78ECB0F1BBBBE7A0BA30E
:108FD000567D1BB91D603F66D1B39373FF6F287F29
:108FE000F0C25E51774589E8508F81D1FD77A3F5B6
:108FF000A770116F010001260568E7D3F08FBE024C
:10900000BE7FD17EE50FFF2088CDEE826CFFC78B3F
:10901000935B6F92F2C27E1C9AB4AC9EF6EFD9A815
:109020001EAD54F33E71DD2B41B3E9C940A9F1FDFA
:109030001B5F81655EFC27B206AEA3691690C6224F
:1090400076D07CA669FDF8E4A33345EE52635A6FEF
:10905000A0F10670285DA08865DE669EB8E57E9F5B
:10906000F2152C816B593D6869577DEDB15A83C764
:10907000618E5A5145802532AC1EDA8471DF743618
:109080007F7D500BDA5D4C74D57878544B4453F1A6
:10909000B6C77BC4A490B13B11AB279B8215D00E01
:1090A000C12F27E76408EAA346DA265200E3F94D08
:1090B0005F3B5BFFF41B579EF3CAD1DE951AF98B19
:1090C0000974688416D3CC43C209F4FB7AB5623ABA
:1090D0004A08D36046CED02716F3772A1577D0EE0C
:1090E0005A6C71CC22B56A72DED6F9172F83F7A0BD
:1090F000351B1CF644866688946AEAF4C1A3DB40FB
:10910000A510F73FC04812E21DAB2CD8B0B0A55D4A
:10911000D5A8D3987B5E98E265D04C3A76D6645D4C
:10912000762809CE13E1705FF3B2A6421558AE84DB
:10913000A9C8758CB2F014498EB858C2FB8037F0BC
:10914000EE5F5DA4BAB3AAC5A74AC677DA898EE3F3
:109150002BDF9FED802E4F96BA2962F3DBF7C23BDF
:1091600070B78D1D8F1FFAF8FFB16F21E7636D0592
:10917000E4735F22B858E03613E35A9E7AFC4BBE84
:10918000EA762348766CC4AF434BA779ED56BCCB47
:109190000A676392486667DE0EE2C78BB2929161FE
:1091A000A2B00FDCE11E6269AD2C9302FB639F88C5
:1091B000CC606F8CB7B67F51F5BACB1AF8E646098A
:1091C000A079DA30D4122C833CF89A538D5A571A6E
:1091D000F573C90DD262ECB476C897356BA2D16134
:1091E000FDC2C3923718BDE5C59AD9BCB550561B10
:1091F0008FA6F33A12FA38A0543034344A1AFA21BE
:109200004A2FE1A9E4C83FD3E8E9EB39E5149633E6
:10921000F2E15F32D492389797FDBC24E5194E787D
:109220008408F659ABD2D39A21BEEE2C7653553C26
:109230001847EA522B7283B3F5C67CD000A8DB50E6
:10924000C498A7730EC9780E91E09DA6BEF4FEDC0B
:1092500003253CC3841703D123D5B31F62C183E127
:109260005B01F61403F12EAEE4F4B3398B39867446
:1092700063DDC59FE81394F271F3004BCFA7B32CC5
:1092800023ABEA908453E27D477413E578CBB08337
:109290000AB1951AD754B5E0CB4478EB5D4F2082E4
:1092A000D17C32A4A29C282253C06F351AD0F67804
:1092B000FBA8335B070A8FEF061DAA471A91C11856
:1092C00010F08C1CD008D8ACDECBBDB2435CEA16E3
:1092D0003EF28E59048D103F6C4FA4515421CFCFD4
:1092E0004E8397263E9F088705F1E29CEDAF47002D
:1092F000F5E66015348BDD262E054FAEBEE3E7257F
:1093000077A065C9218E1A47F8CE091137D6AF73F9
:1093100095A550EF10BA612EFDCBE3882512E59A92
:10932000AEC20A5B35C4B7572C070E5FDA260A0CAB
:10933000D666BF171DDA4339376D02BD12B53D0C35
:10934000CD0B754B721829190AE00E2C8D5A861810
:109350001454F81CA2CDECFC1955D75922EA56D664
:1093600011BE83414FC102D6E46F18F87A7D297C83
:10937000AA75CFDF1D67E6B6F734D8E72FB4FE989D
:10938000433A058E9BDC790C3945337970C3088FDD
:109390003005330CE65FC4034D2B327524A29B9835
:1093A000614E6534FC77C9485093F08AF807DB3486
:1093B000890A9E0006B48661F57EFDA81E2A5357D1
:1093C0006159AFCB04E28C654C41B5A2153E9FFEBE
:1093D00000D39AADB4C7367BB7BAA82829E92C5672
:1093E000D92D5B2BF4F7973D370C3F492869C30E05
:1093F00016CBAB046AACA17272E6F05D0BF8A62046
:10940000BEA755833B58964325777CE7C1DAF20423
:10941000494297F0D021C6C3470D33CAE5FDBDBA16
:10942000F633F3FC0A93C50D3620D22A2EDE3D0C0E
:1094300038BE4C2C9C9F0F36C18673F340D4ED761A
:1094400021D7A062374199FD4866307E9F25B05AEA
:109450006E5289E0163540189E9009F8EFCB29EB43
:10946000D03F8D5D45782587F130D9134B9CB08E68
:109470006B0174D03E06DCC1D72BA1CAA87F35CCC6
:109480001714A9223BD2341223BC7241A4E053C466
:109490004B3361004B5C605A3F0D6E181908C4864F
:1094A000CCD1F30C34BFDDCFCCB71FD3ADC859BD81
:1094B0009283F107E51069CA96272F39E2E8113F38
:1094C000FB139ED5178F3C681F936535C9F9989497
:1094D0006ADB424B8A5B84F99524FA3156DD7DCAFA
:1094E000ECF2343CEC5CCD913A9CE3C225EB3C7150
:1094F00060EB8C2ACB5602BCCD25E6FF6C8FFC2698
:10950000A4B375B07A9FA7D6A8689BBE755123CF28
:109510003BFDCFF5F60DDB842F2DC9670B4396225B
:109520009710CEBFA5492AC88BCAF0B2041E80305E
:109530009FBCFE4730B07BEF3D353E30B336E33A5B
:1095400040898D461574BD1CD75358F14CDF5ACA5B
:109550005DE07E2D863E951B0BA569E07D3ACF6AC6
:10956000ACF0C3CA57A04DC082ABB2173AA810DE08
:10957000591C837FCE8A446B4645926D04D17D761B
:1095800001F2F73B14613E19BC934EE64CD8CE89EC
:10959000B9983E78E4BA913AD3190C5AC5897354F4
:1095A000AEA3673BB3835D5CE0D62A3A31D5750C38
:1095B0001120CD1F788AEAB5A2A64F8D30A27ABFBE
:1095C0003DC959C8246F0176D8EDE89D870A5779BF
:1095D000AEF120FA7664332585D707F4F572A178C9
:1095E000E86D8F374D4B9356C8AFBB8241AADEB0B2
:1095F00063CE6EF1A5000B2F50CD879C8A4C30DCDA
:109600005460B84F60BAE322CF11B551CBBA9B94E6
:1096100080CDE4BE08E6E0ED788BB4F29930CBDA89
:10962000DCBD67F8FC48C43F8B9D5733BC8036696E
:109630000E09A27EDE2507834B3E275DA2FDC3E512
:10964000D38288958E5E6938ADAC59A6C884ECA3E8
:10965000A8BCFB49DF263AD5732A3A53F29451F855
:10966000AA6AE25A1E5867AB7A07DF98AC315BA74B
:10967000AE55EF47DD983097475F20AB0D624192C2
:109680001EDAF48C18E4FE60D4E1093986F4C09A3D
:1096900067B1D2801AC035222B4C066A34AE0B67F4
:1096A00044919A8E9DCFC93424298E75DF2467A5F5
:1096B0006A6DE5126B6FBF271A527C0A65E580F36D
:1096C00045FFE1C5F2094A26B5DF2DB9AE231C25B9
:1096D00072130E033BC29C80A2262999498AFFAFD0
:1096E00001656547B41B10B8C3ACD368287B7DF80F
:1096F00071A83B26FECECEF0614F259EB08C54ABB8
:10970000358B26222E8A849FFBAC173D520A1A5FA6
:10971000111A4DD72EFF939454DF639BED8359A705
:109720008A1A9B3C2A4532BB764163A70D446D9C47
:1097300019559C9E6A86C562828B67D022EA1CBF3F
:109740005F75DE5762767309324771D08D01B7912C
:109750001084BF8767AC588B70A7116033A05E512F
:10976000E9F4DB518248700EDE370E4B9963776760
:10977000A6A18C8AC3C1AC8DE641E6490B470D50CA
:1097800045A5229D968773F027AE15DC32EA392372
:10979000BD4F3C321E229456B8225546581D74F9CE
:1097A000A110198B5D6B01BD3B91B5C5471DD978E3
:1097B000C2CFFA29D53CBDA3855EE236BE6789C813
:1097C000DEBC2A1674927D73DB37A038396F2A21EC
:1097D000C798D1578A0918CE9B0B9CED3A2A83D0A3
:1097E000EA7236EA86D66983974D55023705754F7A
:1097F000CD16379D40D1372752883708580E6FC194
:1098000007F5CC4BDC07BADA76F7F242B719CF444A
:109810005E0CE74A2C9C3D003C656EA2198378EEF5
:10982000631DA2F64D6C757E116B10880CED48DE41
:10983000D9E4BEF86E8B34EE4242F64DC24DD87B71
:109840003EA318DCEB69F538B6977B120DF4710A6C
:10985000619D9091A2B872B83A9177FC8E2F47BD66
:109860003E12D6C458736BA8CF4BD563BA5E7F5EE9
:10987000A712AF0FBE6ECF263EAA0FE11D0EF55CFC
:10988000B5C40A3000E0310D36009810AA8743B401
:1098900087E397FF508F61055B8674D0B5D33F8710
:1098A000ED260125142F8648828AF80CF3D611FC88
:1098B0009F4A35717B4E3EEC5B980CF05ABC6D595B
:1098C000886697FF8F0B524767D34B6EAF882F3355
:1098D000DD7CB444D9854D7D6E35CFC29C4DA668E4
:1098E0006F861A12CA1FDA05961D1BF6AFD06CD010
:1098F000510D64E7F39A6429D0555F90246BCE3AFA
:10990000A3C89616426368E9098A4D8E1E183BE784
:10991000BAC2E6DC00D05F16C7C186CDECF4741C79
:1099200014269B41C379F05EACBD37FFC7F54A7181
:1099300047F9EC0083141BC157B5C5E4291A472D1C
:109940000C6D22174F11DD1458A6C425815A3EF024
:10995000D56AB8865EAB33C56D7753AD63CA8A925C
:10996000438624FFC349E8D96330901A19227CC981
:10997000E58B3B58E6E28CF6221D63F56E5538EA1E
:109980007244C69249B080A277EA272993971A16A3
:1099900076F0C64083D799576FDEE143F7E60E5263
:1099A000CD1142D3350F2CE58B223E424E71539799
:1099B000181496A35D960BBB5F0F3C19918F9E7A8E
:1099C00063D178B1C267EA594A53EA4F60C94A9DE8
:1099D0005F741E4F0809C199E34064771EC9B73808
:1099E00067377A511099243DE0CEE3CBB6130CA92A
:1099F000583DBCC56D990E3A261C91A3239589004C
:109A0000DC494128BF52192D5388842EC2E29E237F
:109A1000B1C484FE22F92FB43383EAA30CEEEB57D2
:109A2000D1E75DCBE6AD5BB5DB29931AD2CEA84F6B
:109A300023BFA2520283E242DD4E402377B63A585A
:109A400037806327828E82A0DF0143A356C1881E20
:109A5000CDA9D6C6991CF40D0085F5A41F9E480318
:109A6000235759F8E374ED8AB249122EA19FB10D24
:109A7000289A1C1118184F1D1733C09CB44A1BE1BB
:109A8000620BCDEAA99D02150767A2C57BA43A1413
:109A9000C6B2745854091A83C13A652B453422E37F
:109AA0006BBCA845764A6F1522F43AC5AAF5DC7C52
:109AB000DCFC3071B4CBF957CF3471F22FD26A4746
:109AC0007A79469E3648E0D9254ACFB20E4A3640CA
:109AD0004FAAE26A4024F3CF15207C82053849EE74
:109AE000FF3085500296DDA346080490C4D3AC3302
:109AF000DA92E6C34E3D4580CA5C2231A4E763F1A9
:109B0000CD95EEAE77A54A13010C46015EEF9F7C22
:109B1000B58C6CEBFB4B7133BEF3D203F7ACE27345
:109B2000375A1A68662F501E1ACA23221B40BC4D92
:109B30002696D819A64F37C49AD21F9C128B2B3861
:109B40002AB2DB311FF9AC97EEBFF563A8C1F9F675
:109B5000910AA65CB79EA4E27A9B565B4E99D29579
:109B600065D6632C56A0BE67391AC44C8AF2689930
:109B700098E4218E58F5649FED2935F42C74BC17B8
:109B8000E4EC07BC615B8CEB16D1AB035B8A6CA089
:109B9000A335DA4DA5F8D0300181105FDEC3EFF3B5
:109BA00059FC6CB2B38972DDF3228C0E37E60E6677
:109BB0006B556AB2493281ABF7427A71A16F2F13AC
:109BC000FCAA3B319B7CDD8ECC806DBC37270B77AC
:109BD0005065420894E9E3C0B0AC7D64132C4E0795
:109BE000614E16E16E9649B2D5D3429B7F04B5B75C
:109BF0007C0F1CF1C1B898ED6025CDD0F211A149C0
:109C00008192B10D6E9A6A8D2E92B630156227350B
:109C1000181E9E87BE2EB405DBE9CD1410E70B603D
:109C200039FB7E65F2000E7150B668556CEBEDE9BC
:109C3000F391D055E2606583E6BFAF48177721B056
:109C40006CC567D12D3FDD81A0675F578408F0A107
:109C50004199822D71166D1FD41BDE7B8F2D5E44C2
:109C6000BA53B3874A3F8E0B7985DE2DBFA5AB5122
:109C70007855B81B44415CC27ECBDA64B8A3973AEE
:109C80008115851B480C59FE1AAA302C90042635E4
:109C9000F692588646268FA8A48E72E45AA76AD6F2
:109CA0000A0864BB7140DC58593D0E49D67E67CF27
:109CB000FDD9F7BB3030EE85CD7BDE99C4DE74A2D2
:109CC000EA9514940E25798FDDD3BF3779D33EC73B
:109CD0000FEFC7F05F1E7EE23572693DEACE992F25
:109CE000F411CE35A0802C2FF91C3000661E88DDC3
:109CF0006846293B0B5F6D76A148154CFC23830910
:109D0000676B9876B1A2F261D1A0A915D72B97D92C
:109D1000E00B79BB916F54E9D141CB81F5B5FC7271
:109D2000528B0DE56B5C76208206A6D7108B8FCF09
:109D3000846AFFF8A5338AC52842CAA9C9FF83648B
:109D40004BB9B6F1D7DE6149C3ED896A66E139B82E
:109D50004280AEC1747A6CD96374BDBF5ABDC58EE2
:109D60007EE25E13AF8A25396BF3012D9175B0AD9C
:109D70006AA7DF11E7FDBA54B6E0FA647A8D2E8F38
:109D800015CFE1FC7EED7BCD0DDFAD0080C545B08C
:109D9000423C5855662515E06FCC8AB2583FDA6DC3
:109DA000A58A8F57695510099ED1E1C947DF8F5C9D
:109DB000CC0268479CD5602FCCB4BC69C653CFACED
:109DC0001738BFC3930AB35A1D16BEF828BB90E5D7
:109DD000DD6BDEDFAB195FF1B648C0AC34EFE2C932
:109DE000E3C89076D2430B3AA8744EE5A377B1311D
:109DF000A085D9CCE775A054E458EA832A6C6D613C
:109E00004D1EF3D74572D19DBC53507DAC338BFCB6
:109E1000147D88484334DC02305B2DAB9E81237770
:109E2000C12F83C2AE7DFDADF8E74D8C972BB7BA3D
:109E300071716D8DDB40EA8F4ACE596B9EBB805DA0
:109E400040E0A844240C180C0DA12CBBCF8D00A61B
:109E5000F8CE1308C5517F205F97D2CD1C272472FE
:109E60002D33FF0364511EA2ADC7DBEC24300D4639
:109E700043B98FCD084FA8AEF463F14D93EB8C82BC
:109E800009511D6DDD2181727FE7ADB08E215939F9
:109E9000CA525547A1DC361D5E6A23B89DE13C14C9
:109EA000A15414DD16B908A91EDE18C8D50CBD2DA5
:109EB000AD495800DCA6575D1AF132E640ED035E6D
:109EC000A0E5FDC741A29FF4266F0B815F2DE98CB1
:109ED0008D4BDB02253CD88DD25B4ED41E361EC482
:109EE000EC319C45FACE429BE131D7506713209765
:109EF000A32CFBE15256DE5845A1797222BE3D9E4D
:109F0000DB8CFBE466FAFB54060A396F8471AEFD04
:109F1000269E4F144B08525EA03129F12E90E72463
:109F2000390434FA79A55E6CE9A8D696154335C98B
:109F30002186F7D48E30FD0788159EC4D7ADFEC9A3
:109F40007478CD55F76777A6610507F5FD64FB8347
:109F500006AF269917F900FB2C3FFD112269E07727
:109F6000FFED61F858770F2B4FC398450AA8F3CE41
:109F70008057830CFFED2A33E6363BE638AA2F7470
:109F8000630DF56413C82EE03F50AA39209F5E4E42
:109F9000C8757E3F0A2F3D7CAD4D07A665E9E527D4
:109FA000DDEBA4C885F005947238F221D05A22F571
:109FB00064ED705F5785DE49A3F9F3DECA0E4EC229
:109FC000D55F2176F41EF8A85492637B03A2731622
:109FD000D92AA3E48670759332526573F9DDCA9A63
:109FE0008D05C1903137429350FBCD90C390D8FB83
:109FF000D12BE34590F731449CD562DF08C4598EDC
:10A00000B61E43D4C96C516215878F771E796A1DBD
:10A01000E0F843B66CDDA7F09BC3335C9976EBCDDB
:10A02000C0DF3075F116B24DC7D44B8649FA84446F
:10A03000F7B3F4B3E3A989153EF6B71E5A4D684A43
:10A04000C6DF5FBAD8EC4DE42D98497FD36855043C
:10A05000510742315767634BC51471B74A55CF3A20
:10A06000A82F2E03D55771A5606E7678C3CA4AD340
:10A070003C18578FFBE23456AAF2FBFA6E9A4B2239
:10A080003D6AB1A443A1EDDE41F44A664D0C4BB8E4
:10A09000E7376B989374F4739A4480B63101CF49D3
:10A0A00051E2362057A2105016F506EE2DD9215058
:10A0B000B5E342F798A82B69689E7ECD20BB01FFCF
:10A0C000F52E219536963E97221604BD93900ADE12
:10A0D000AE80580CA518B2941D009B5D17D511B326
:10A0E00082A5EF995023C4CC8540A0E774EF0047C8
:10A0F000C8FF1EDBC2C2800EB5CA317C0DD0A0D213
:10A10000F0BF9A4C79B48065974752F1CC628D9F2D
:10A11000F569641DE4DFF61436ADB8997438436F01
:10A120005762F095BEFA4A8E6738D0120E5D44FB36
:10A13000068B7D22A4DF68F2FB6D732A7D9675B1D4
:10A1400089EB39AAB1A6AFEB3E57CD26CA6B05986D
:10A15000355D04AFF4D853724E7A678D510426BA38
:10A16000556A4389345944D18F159907EB158437C3
:10A170001EDBE21028F85939F72AC478C7DD1B1115
:10A180002629EBC0DB7695B40E426D9F461D4DBA75
:10A1900007A573A8DA284A496F9FE0B7EF7C92CCF5
:10A1A0003DA7F263C7E994CA78E6E62A5EB6D040D6
:10A1B00022B79FE218C2541096ADB5E0B2DCB748A2
:10A1C000F794E7F303454ECB90E1832D968B1585ED
:10A1D00040E74602C403EDB007CB8B4802B5C36429
:10A1E00053CF077035838180DB4A9ACB8FAC94853F
:10A1F00081D84DD2B6C994215D2050EC0F28D96585
:10A2000097D530BB6FC0A2E7AE990B5F56D48C6177
:10A21000232D2362AE6B0023123996A9E54EC66446
:10A220004D88BB9F3D11585039EC2977D27C5A2775
:10A230007A907E83C3018906028C620F1FD768F46F
:10A24000BF58C2A068C3EA494B7FCF56C0312384B0
:10A25000FDA0AD51C3E3CBD54BDDE1F9F749F47374
:10A26000E9CED92AF4BB2B19617048347DF6B0BE13
:10A2700017EF7C664F692FC76797F082884AEEC94F
:10A280005F8171A8D65467B5A7DB9C042FD8BC5E4C
:10A290007206217B13757291661699193BE386C28B
:10A2A00060DF7BC14B1B4AA01967F6B97250B6D468
:10A2B000ED9787211D49B20C1833BB8CCF3621197D
:10A2C0007120B25ABD545ED3F89193F15C6AAF79B4
:10A2D0006904508E20E6EE571895A13C3F9C7C13F4
:10A2E0009724B5B9F92C291DEE55C8E398A3998692
:10A2F0004D1B1649A8981BA3D8DC8D1525A860F026
:10A30000CBB62050C59A20AC249B01DFADA416C566
:10A310009DF7EE8AEC9208E23AFA7D3CBB50B1819F
:10A320000C48985059C8C57A4BAE28ABFDDA854524
:10A3300098CB0FCDC3AE9778481DF88549F1DCD690
:10A34000877718C763CD8ECC4A3458CCE7BED57B0F
:10A350006E73906FFD285A795E2C402A6F19D604CF
:10A360004BCCE8456F02B3187CB3D6681C2BB5FB09
:10A37000CB0F17EFEDA9C35BA0B4FEA7BD961BC919
:10A3800074A119D1F6B0BAAF6EB52658BCE541E755
:10A39000806E3C8788C665F70CD1BEFD86E8D19DEE
:10A3A00091EB00562BCF1C90B37E068966929F33AB
:10A3B00061A11D3EBAAB85AF854404FDF9F0D8B16B
:10A3C0006522D95E370ECD48F926CC62683E335BF4
:10A3D0008B7B8A4A89EAEFDCD5F1A506DFB90AEB67
:10A3E000E1CDBEB14E045CC023F857D0EF49D92A65
:10A3F00079506E697B69A357BE01BD1EBB31C27423
:10A400007CC00A6F2C38632784FAC360FFB93273AB
:10A4100002131B128B1CA2DA2E065C8544B392D267
:10A42000B386506B173EEDDCC406C883FBC1AA3B64
:10A43000349619DBF6CCD61EB95CCAFD76E7BB872D
:10A4400054441554952E1A086E446CBDC238658666
:10A45000AB247A8D8F85F45A3FD9AD65B37D6D19E4
:10A460007E69C31251B5D3ADFCF61993F7E225C34B
:10A4700003861BB61FE96460CF217A18862D96F4F7
:10A48000B60279385E59BE48E560E29ED7A36804FB
:10A49000FD5AD8E2FE848C2C8484BD68086D25B7F3
:10A4A000C5091E653D4BFEBAA0DE26DCF7BB41DFC9
:10A4B00089D3B3841317CA784C6DF158102A15C686
:10A4C0009E7B35ECD395B90CBF02A6458DBAC66903
:10A4D000A3186F1CFCFF2DF92B2611CC629BC578AD
:10A4E00008D584EDB2DFA43CD8E34B85C3A03BDFA5
:10A4F000B211517B708A37FDD8D29593F13DC90FC7
:10A50000D71DF157B0823394B3CC6AF10F13BD82DB
:10A51000F1105677E5C57F3C04B61DCFAB87B783F6
:10A520002D3A90043578187D81FFFC2D46F107D82F
:10A53000F99A5D5C753C5F29CCE346230E4045C229
:10A540008D267314BD16427EED3D2EDCF130926BEC
:10A5500074B6E60998BED7E62E37C327FBD9698CB7
:10A56000ED767500FFBD2642A2AF7EAD919D8204BF
:10A57000092D813AF04FB80F424786AE744EDAC2C9
:10A580008D949C775B9AD84EB254AC77903945073E
:10A590007C9744C47B3729EA1FDAA6EDB69C818DEF
:10A5A000AD7753BA4BF82ECBE15DC46B27BA354774
:10A5B0003ECC65B31DBBE6645A64F743CFC913CDE7
:10A5C000C2C7DF165B3E47FC5ED21958F3DADC21C6
:10A5D000E28FAFCF749C4FCF84F0335CBE8A6F2084
:10A5E000B59008F8A3AC048BE0B7847FCE2F4AFC6B
:10A5F00070B126B62AB93F71B51DE94A3E0E38251D
:10A600004E3C77DA1525A81572F8E7CB8D0F68A5B3
:10A61000A6A13C3D7DA00AE762E4985A5A0186450E
:10A62000CF6490EC122FB4B5E76FE980C4E77215E0
:10A630008CD72004E6B1E116802575DC80F009A3F3
:10A64000C0C4EF6E215A76CAD673EFC6685327632B
:10A65000F1A3CA73C732008D71FFDECE932EA8D648
:10A660003EDB0813E8C60162B658F769568C0BF159
:10A67000441E86FDC0B30739B62B171C9907649B8F
:10A68000795A7B7CC79528A253D1B2C878C40C7F75
:10A6900074659A6A5F337E322FB86AADFA440BF65E
:10A6A000CA8F38D52E041449F29DB8FEF3050B610C
:10A6B0001AA0C159EF2CB09F28FE34C7466C4F8DAD
:10A6C0005E49643965E59003A35B84675CC567A850
:10A6D0005AE6AF7AF54488D7E76EBA1822CBB708A6
:10A6E0007D449C08AFF8795770C2313027551C9EC5
:10A6F00008529442B9BFB9948621031F0A6AAD1863
:10A70000A1084349E4B7DD589A9A14A15AE3F57AAF
:10A71000B1A0352ACB6BEE440F14C9B86B96E0EEAE
:10A720004CA2188465FD468852C6EFF5363D4012AE
:10A73000F8D52B992CD3D2CEDD596CC8E4503843D0
:10A740000A3F877B7D82D3B9175559E997C474BBFB
:10A7500081F57D92194B39480E8775BECB4919D7C3
:10A76000D9D7B684F2A2577D8CD9DFA4F4F043AADE
:10A770003360B282509F5E2ABB34FBF9EC9F3DE20E
:10A780001A94A5604099D7CF5DE63A02F8E93B17E5
:10A79000CC148D84BE6C8DA49099FDA8E2EDA77CAD
:10A7A000BEB2D1C9978FAE67E53EFF6F69E0256FF6
:10A7B000B2E126D36DC7B2889681D753F74FCE97B3
:10A7C000EF482995E4A4ABE7F58B640C597E30750E
:10A7D000A9CD3FD0E1B3FD0D2AF5D1C1DC9D1D22ED
:10A7E0005DEBE50DF21A6FC61E8DD44590C2A978B7
:10A7F0004FBB073A02FB8D06AA7BE2F121CF599E9F
:10A800009409FDAB7A09E10AADC7C87E9A8AD9A737
:10A810008D4B3D2182809FC155F1F7A51F2E57809A
:10A82000E5510A1C1D21C597364ED3A2AB8AEE080E
:10A830006C1A28B39482296F5FD8E56BDB4D7F9645
:10A840002BB0C4FDDAD7A336FC1F8556591D272A25
:10A850004C8B5381CF2824BDDBC5B70DBBF0F476FC
:10A86000F941B8BC084BB50AD4F11918CF0B43A76E
:10A87000A5F3790E283331689A98DC2333185A1DD2
:10A880008FF91A6D3F843478CC6AA4297C0BAEC44E
:10A890005133F52ACB100C1420497827FE5A58F46E
:10A8A0002F0A98F51568847F3D77428B53D4BA8C74
:10A8B00015F6D0E1434AA84A678CFAB59301C1BDA9
:10A8C000ADEECF73C587FC3142C345BF18D26214C9
:10A8D00045CC7321398690A9D4783F87AEBFFF6CF1
:10A8E000DDCA8F202B96B9680B2D3300611DBC8DFE
:10A8F0002E290B981BB528EFB098A5C0BC9925D37D
:10A90000B375F354A9AFB99F92D78B4ABEE75EBD2A
:10A91000642C929DEB4784A579CBB0203EBFBC064A
:10A92000F74C469E08D8FEB8E2079CC95BC9E926E9
:10A93000169A87146D99634130C650C34627454720
:10A9400076F98B75DF65BBC71A996536D02BC9B808
:10A95000934F77BFECB377CF17F5D34016ACFDC854
:10A9600039D691AE5ED93D21C8A3811AD4F7EC9EA9
:10A970005C790531999959F30F9816F9D65426E563
:10A98000F988512FE407468BBE3F4C439A65B11AB4
:10A990001FC4CF4B4573B2E48630E5FBB95D42F38B
:10A9A000D64706A303F63FCD97B9FBBD6DB10B04A7
:10A9B0007D35F836D260F7D59BC4599E7F825EC93B
:10A9C000CD4FA73CBBBE30FB8EB32AE48A8D1775F2
:10A9D000DBF6195F1B0D2FF4239A633DEEF9F6AEFB
:10A9E000877695888B3654BFD369C614C95A7D6F54
:10A9F0005C5C729439429C52E52BDC7F718EF407CB
:10AA0000F40830E059451A99838C7476764198851C
:10AA1000B0E5AAA290E474C32C02C52A1B7C2C6664
:10AA2000DDD54C8EBB0B1422E67A5F108397DD9C3C
:10AA30000DFCCAED3B1DD9DFE621CDC09947562359
:10AA40007D3D2A4972DA813B8D4EC4B82E77F79945
:10AA50007D02342CCC056361DF7EAFB6E198AFC5D3
:10AA600021FB56D2C7013D1A951969876856DF1C2C
:10AA700054C0C0CD4C06121827B6E2237347963354
:10AA8000CB8C6507CB7968D2665059311C42AB74C8
:10AA90006E6BA5440DBD7059785CEB9357E1401285
:10AAA0002784CC3611D8656D7E5C795F65EB43CB2E
:10AAB000444478A93C59025009C64D0226CE840A66
:10AAC000AC510167218174A7F803BB251B6C6B6B2C
:10AAD0007153CE0B7BB3FF15DC35C31FA427059F35
:10AAE000337FC134E214A4087B1BA291FB79620975
:10AAF000D62324AF427736CD86F1F62F8EB9CCD24D
:10AB0000ABE6D16F2DA38F09CD028278314969EA76
:10AB10001691E1870D24BA5A12BF7DFF12F2FE563C
:10AB20005CF88A4CA73A71875FDA6E1D01A3713217
:10AB30009D5D95050BD56012680FDBF4E0A83762C8
:10AB4000CDD5BE21C44FA90A93A5625A79A42FF28C
:10AB50008A4C58525C157529599D7AF1B1FB6F5D8D
:10AB6000DDD18C3A11881C9142E9A38104DD49CBE7
:10AB7000618C6C6BAF35FCCFA373E9D4E04C7B10D8
:10AB8000079DB6E71DA170A498F1DC2542868C458F
:10AB9000174D54A9EFFF16732375928E005D973BF6
:10ABA0000DDABD2BE4FCFB9CCE429F7CB3708ABCCB
:10ABB0004FB623BEADF6B380919DA331C66FAE3CB8
:10ABC000C51B3637EE602B259535BA611E1EC2E4D3
:10ABD00053A7CDB96E016AEDD5796C56333327D4BE
:10ABE000C0CE54B6BB9022ECC4E8A3642357CA136A
:10ABF000CB1A13297AAB41DE5593727360B01D975F
:10AC0000EC482E3B704C75CE4A18381FA64B842A50
:10AC100010156743916C5B8DBEF2AC072CB5B1ACDF
:10AC20000434D820777187FF07B9E364FE2E93F5CB
:10AC3000974907224544EEA6369123DA66C08F4D28
:10AC4000D1A616577551ECA737937D988264F0B45E
:10AC5000787ADFDF32B4AB872D6421DC2918DDA6DA
:10AC6000A9F47D902B3DF6179937085CC5594673BA
:10AC7000849E921ECC764E1B811722A3A293C99D5F
:10AC8000B7EDAFF1E4F05E6665DA385543619A7668
:10AC9000800AF5F5359CF95192F89118769450B1E7
:10ACA000D1AEEBA587F27B6395AE60CE08CA1635B0
:10ACB000864BE898558EEAE13A338ED15A52BCDC85
:10ACC0006D8498E019D14826B9645D6474373229DF
:10ACD000C05F698355CA2B41A9B7747D8E49422450
:10ACE00080C658B9AC28BAA9B92F08E13C766F9D47
:10ACF0005AF21DA97D306A5B0EF8B38BB2943AF814
:10AD00007524951C18682F3A41CB5066D6D487F726
:10AD100082A60838F01598D42677BE6F299116BB05
:10AD2000324C4B29003E067343BE0678C16748DAB1
:10AD30002F4B85DC51768372A51F77929CBE33F929
:10AD40003BD83DF7A3CCF90D91808BE7E03430DDA3
:10AD50000488D238276C4E29D1FDF250F8D81ADF7A
:10AD60002CF45C923B59544F481992AB59885B3391
:10AD7000EC7753EAF25EB389A3F841D6E17C41AAAD
:10AD8000F0B275FCA0EA739AC4C1EB059D906532E0
:10AD9000C9F99E322EB8B82630057F99AD1E58A845
:10ADA0007EB026A297796EA9FD8DB1744D5BE197B7
:10ADB000B181FFC248F13A6024F3D0AD5C7C0361FD
:10ADC0000567CA552843C16DFA35969BDFA156AB7E
:10ADD000A829E3D2094DF0D2A25FAD096728F9A4F2
:10ADE000DEA592E19302E6AD614CFCBB4E2C31DB5B
:10ADF00006F63AC8FE5CD50E5834AA1425B683056B
:10AE0000A4F51D255E62CC66DFE34199017A09B3A2
:10AE1000F0EFD049A3DD71FC59E9A39E444E8C6943
:10AE20001E498ED8207EFE64CF0193FE4ABE12BD1D
:10AE30003EEE3CC146327C30841B5F91AB0AFCDFA6
:10AE400052A6E24647B338AC2882F7DF4ECFF780F0
:10AE500042CB318FD90DC5CA3B3907C9BEE0A31516
:10AE60006A6ECC5C7E0AE488EF59221B4538B44CEC
:10AE70002AD48CA4F1937FB2FDA1213F53F7BB2BC1
:10AE8000E17F1F0F620B1760D5FA5D164CAE908CF8
:10AE9000FE521B71A55090233B326DCFF363751C9E
:10AEA000730B0E7AF5A2F9971F281A857CAAA9CBF5
:10AEB000E74926E9A29D228B71D32C32F626104752
:10AEC0000F00594D80032667BE5922941D6C580B04
:10AED00061C83E5CED40DB2971443D643136D2FBF4
:10AEE000732DFB292D66BBCF1151999055851423E5
:10AEF0007D8B6137D03BD5676A38371ACC05D14E88
:10AF000076186944D752E66D6D3B8C5CDDB0914993
:10AF1000EDCBD4CE182996C53BE0F92170F05B3912
:10AF200043D724E1C260354778E9E27A3C97D00301
:10AF3000B03535A6DC25BE90ACD70DD13F616EFC97
:10AF4000DD02793B306F122661EF576330E7525BC9
:10AF5000AAF23C9D6824FD92D16E4690455BBD2EC1
:10AF6000A615D72D3763327412EDD3D69165C5621D
:10AF70006F643F184863D22293EF65F2AB51BD2D49
:10AF8000769806FFA9F38C3B428593DFD258A0B395
:10AF900042E971D2D024EB6127E36D6ADEBF3B4604
:10AFA000E3F58BFCD02B4FEB52BB5240B3FA614F11
:10AFB0001DD74016631F1A5C57B3FE137615CB6F6F
:10AFC000DA6D9F813DE9E8E6D7B5C8C1A92AB78FF8
:10AFD0006C06CAA919B11298318EE40956E460CD05
:10AFE000E961F38A5D67E180AF501975938A034D7B
:10AFF000043C93BAC8203057957CE2E48B52B0BF32
:10B000000806CC90C591D2C1F49C65A34DC8995354
:10B0100014A87AA1C804BD5A8814E05AABABF0CC8E
:10B02000F74488A2C4F7ADCD8F70903EBC5DD2B618
:10B030009F848FC0FCB9BEEFA6F702EEF4905DDCF2
:10B04000FDD27A6CFDEAD38A963E41956EEDB2CF81
:10B050001C5C5357117E515A43E801FD3DF88E8028
:10B0600079F4CE0771469DAC85A277C138A7C61783
:10B0700046D7C86497A56D20AB2203FE30DF6EF77C
:10B08000147F70E499AA87E7DD8FA7EABC985B0D6F
:10B090009C7905A310CFF9083FE3109D2229B44DF8
:10B0A000371323F335FD028D70F874D5387085E1C0
:10B0B000718A348810CBB8C2FAD2D2AB510DE89B5A
:10B0C000907DAC6DCC43525C503B80219C1A7F2814
:10B0D000BB443107B3CD579C9A61FCC53BD060D3CC
:10B0E000FAACC6013C5A4323A163DA25C9E814D758
:10B0F0004028EC11F6FB36501B3866ABF8EA1A63B1
:10B10000D9153BE1E37ECD6971DEB9918BF788F605
:10B11000D2678D109A87A5F8D6CE51C2050BD6DC22
:10B120002D628615E85CBFB65427634FC6251E7690
:10B130000082893BCE2DFE414B325E84D8CDEA7829
:10B14000BD6D1F24AA40CA6DB41D384D6D7A925D45
:10B15000A2BCDC837D57FC63FFE271BFB3E945C449
:10B16000C893ECC9010D213ADD6CF9A9A0C96701AA
:10B17000E1165FD57F04D7C0377F76B16AF7755087
:10B18000760F29E888579C9F4BF13D1BED73D70440
:10B190007F8898A877B63152C031C1EC2815A579BF
:10B1A00036CA87891541EC543DCBA1956F94B4A75D
:10B1B0003C19752B3D3F0D363358D2D6C773909747
:10B1C000B2248548332E6741FE13497E998D57700E
:10B1D000087A0BA223755B9C5C131A213F6FEF7DED
:10B1E00043ED5294CB442D6E3BCC96FAB65D26854A
:10B1F0008B94D7F4DFC68D034A56DD96924A586F7A
:10B2000087F8923AB2CFE1CA22362E3BBD933C3644
:10B210005E3361E9F27E6E8BAFC8C0ABDC80682B19
:10B2200034735AA97398444325FE2DC826D516E7D2
:10B2300090DE190F95A45B95146FADB4219D23CEBC
:10B240005234ECF4DCF59B3AEFCC36CC0D75F8D4E7
:10B250009E6186493D9F5631248081566765D04660
:10B26000E21A858C276A6D124F53F415C77BD03ACA
:10B27000759896CCE49324525FF3B41F633098F82A
:10B2800000E0C13E316B9EF466ACDCB9881F7F8262
:10B290003E5D284F04C5122F00B95E74614CD7CDB6
:10B2A00024634B9807234581C893028D8A54D43C6C
:10B2B0005C7F8C8925A312A5880E2C047E88FBC98F
:10B2C000D53DE85658883A3F2ECA36A48C3EDEED6E
:10B2D00077A6550044BAFAE7E387A2184AA12CAB37
:10B2E000B928825679AB6FD67E218432731847D144
:10B2F000376FCDAFED8B5BF183338F1EE6F37C0BA5
:10B30000EC8F17F51FAFDB73982066C3E7C260F2BE
:10B31000A85468CE71353919F1BA78CECDC7A518C1
:10B32000DF88FAD7E874849E59CF0C94A0759D15D8
:10B33000762435C9900DF4D906A1E307453B75295C
:10B34000583EAD2886B8FB601805E7F7FB74E4EAC1
:10B35000762177E0823CE07B4FD47D29C71F93E0C4
:10B36000A06E02B00CAA892895333215D4A784B2F6
:10B3700081CF3C524EA64A7249CE773FC4485A2AE2
:10B380003008DB0EF94E411A8F0C3F948F0AF75F9D
:10B390007DFC04289BE5A54B8ED11AAF2BF15B01F8
:10B3A000921E0D2F61FBD5B9C4ED9C9CB4914AADA2
:10B3B0006D3ED5C4AB476C3CFB54DA390409C0136D
:10B3C00061F658ACCBDF82C8B78378D5F4E2E9AC3C
:10B3D000CA17DD4418B5779ABD26588E934C1D3494
:10B3E000F30BF16E2D9F9A5C701421BAC69A9D18CA
:10B3F000D5064ACE140FAB73732736844D3859EFF8
:10B400001639A0E5722237F749C8BD62B5CB399B22
:10B4100008BEB33A50A1E186C639B087BBAB0892EB
:10B420008C2A11541F27F8CD86A9C54F211483F308
:10B43000424431CF3800DC0EA91565F5E2601A5F91
:10B4400047714D364E3FB2B2908AB75489D20A4303
:10B45000D62AB137A0E266D70630EE7D5B899B869F
:10B46000E6609E7CF1FB0A17D810D6BBFB3CA93ED8
:10B470002607F6235529F89276F105EF4DE099CE8F
:10B48000C1489B728311BA42677C966DF0A316D4B3
:10B490002920472A530AD0E77C59A03B365918F394
:10B4A0001BB39432266A112ABFC3FC01600AFEF165
:10B4B00007BE39BFA23FF90893B9E9E5BC2046446D
:10B4C00036037A5D88F3395C27A115A79296179702
:10B4D0008442CF53015F065367D302436277F53B43
:10B4E000BD72484E213EC19F393124FD29C95754B0
:10B4F000403B08CCD18950E25DA933AEDF7A3D10E4
:10B5000074020F230E331DFC939BCC1B3723735304
:10B510008F3875DF5D5BC17DC4D04A02C5C193AE73
:10B5200089962E4D81EB00026611CA5A466CA959C4
:10B53000745880C4E0F70C4EBABD1B901C60A50681
:10B5400070899A8DD82B4D70B1F5B904373C27D747
:10B550002E836758B5780FC728C4BB8AF4F53EA080
:10B56000CA343E6EDE3CC703B2970D50DC4DC38F2C
:10B57000B73445880CEE0A6D9EEEBA90064907A9CD
:10B580005368F418461A10DF5ED360ABBF5761549E
:10B5900027CD8A0416BB9CD4E9EC626CA41410017C
:10B5A00079038EB0BFE74A761AAE5287C6F2A94633
:10B5B0002DB9647FEF2EDBEBDD613375E2DFBBA8D5
:10B5C000918D33D9E5F2A790B01E31FF809D501FB9
:10B5D0009987F5A1881FC91ED98F4F02893E764FE2
:10B5E00004D56208AD0581782FCC5BE3FD70B934DA
:10B5F000DFD821611907DB205623B61BCF4524A8CD
:10B60000D7F816DD7BB2608B9C9EA4AADC55442043
:10B6100084C0A62D4CB385A85E37B95D37079E72EE
:10B62000D6A38E2734D5F65D329AC8E33E62A712C0
:10B63000D4753B5BF3BB054F044F70917CF460FD08
:10B640000315930A4A58E5DD8BFAD511127E020ED6
:10B6500093C4664B7CA1BDF7A78E8BEF4823ED59B1
:10B660002F80A9B03027E40CA4B089CBD1785EDB61
:10B67000012302FBE0B26974DBEE90C8797480D3D9
:10B6800084339B0D0DC562573C1FE3B6BD7098B562
:10B690007FE0DB4F323EB87171564A629987CDE246
:10B6A00026ECB67266016F7872B468361A405BACED
:10B6B0003F426A389D1E530F68DC823DCF2AB8A0F6
:10B6C000E83131D8A190B62C69B5E0AFBFA39E8414
:10B6D000FCF13FEFBEF60AC86D3AAC1FB6F05072EF
:10B6E0007F9DE42544DD317E7261C56B2D669069D6
:10B6F00047CB7D5112F6F1DB248FEDDB0B49361F72
:10B700009CAE193A955D77EB17DE5F16437C48B027
:10B71000522F1E11DF2BEEF6A099D5B252938FFF58
:10B72000E5B0948FE9D9C0E9FE1CE445AB983976C1
:10B730006EFD4D70716B388BC506F488EEE9A7E29B
:10B7400017952CE9A584992D67990981A89E649481
:10B750007017E25D7FB3C630810B58FD3891D5512B
:10B760007D6D28EC233B38C6492D323E50D034DB6A
:10B770001FE6F34AEB0D0EDF6081E013A34BBA1A0C
:10B78000259E5C156BDFE2C34991961CEA61F8289F
:10B79000E10E29C0C49A765FC52EFFFB227F609F11
:10B7A000512840F0428E5B193891EE3FD3E9F9E61B
:10B7B000511815E704CCE6AB36DE7041A2182377AA
:10B7C000FCBE9D88623A32D65F2133F18C4B525FCA
:10B7D000F81AA80C30883E77762F87FCCBBE6D30E8
:10B7E0005D4A1FA1B77CC4A080DF61820891F3701D
:10B7F0001DD9D20D8B5CEC18F63888C36A79175BBB
:10B80000A8CDFEE7B1B68CEC69AFEEB1C4341DFD36
:10B8100075213FF78A90AC4D97913BF9D8799518EF
:10B8200032D7E6B93AEF7AE41E90ACDE0184E43612
:10B83000AAE3301941A1193BCF97DE9D396FA3D6FA
:10B84000C7CBD1F3F8530DFC069F73D61C31BBE276
:10B8500020ABC8312F869E5B06BD03284B961C206B
:10B86000C337382B6CA0929BF5C276E841A1525D9C
:10B87000C901937E9464300FDCF574B684196900B5
:10B8800060684A27176770E9AA17EE4F516760B8DA
:10B89000827CD752AC837B0A7D19BE2712B30D512F
:10B8A000E6CBBDDF9201E78C21AA706373BC946E76
:10B8B000E94F3909FA09958F7DBE834ED8B664F0F9
:10B8C0003D3C756B3A01BF932E67BF7904865CF6E9
:10B8D000E8C884DC7FD70202A580CAB2129E7DD65A
:10B8E000BB99A3C500B4A18B6342F718418EC04930
:10B8F000CD5512AB7B181731E922E4A6D448A953E1
:10B9000064F5FC9B07F3DAF63942F83585D3A77264
:10B91000F50AB9348F87DCDE9FC7682A73ADE6422B
:10B920003D833C49085D794A0EBA5BD614202EFD52
:10B9300087BCEB2BA2D158130B4892B141F307E01F
:10B94000191DFDB47856F001B100C1B05CD002DD24
:10B95000E27ED1A62B30303ABF88B75A5909D66358
:10B96000EA01F55CE12F04BF7C86944550A4189849
:10B970007054FD3DED517E04BD99A3DE4F408A3FDA
:10B98000FD9BB6B24A3EAEF33A8883F81265AC40EE
:10B990007D93D3FB7EB37CA31067C56DAF365DE3AB
:10B9A0007893D0546BE463A087986D0467EA277C92
:10B9B00023B78AD331772169C7B7EFE030E5873401
:10B9C00096F1C8EC68E71B5AF907E1129394D4A8E2
:10B9D00083FA04D95FFB501C716F8EA4998A9A3543
:10B9E000B39ECC20F695F2BC888A4F32CBBFBFD530
:10B9F0009FE527F60205F97E31CE56F19599D5A53A
:10BA0000A8AE4881F58F6ECC416A02E0D3527041F6
:10BA1000362C398A069DB0B1D2BB4D6784DF9CE2DB
:10BA2000602E2E8566531D351F9AE9ED995F6A9247
:10BA3000D8CF8A29F11058946FFCC9D955CB26AFBD
:10BA4000857707DDA9AE41003D5369408C91CAA4BA
:10BA5000AD1EEB95EB6F25984EECAB0B649B01652F
:10BA6000BF35AAED73D95A8DF6BF89C16D800FB865
:10BA7000969AAE9FA66D60DDD73ED781248A3C5949
:10BA8000C782F24A6C5D21E6611C58A4AEAF9B50A0
:10BA9000CE06600BF95FFA997FEFE03715B7A7E59F
:10BAA000CDF8358C121777E9EB21BEE4503C97D6E0
:10BAB000F74FA411780DD23C9269D5EFDA16F83120
:10BAC00037C4D33569E9000948701EB3156911FE02
:10BAD000E7F9902C78DC79E8D2E351790D305BA856
:10BAE000399CC53069852900CEA164A13E7997773C
:10BAF000DDD12F1F811A04240A9A6DC19FAADE1678
:10BB0000C0F3D6723B53840BD173C122856FEA9583
:10BB1000B86E49D43BB757632FDAD6692886BB9BEA
:10BB2000BBBBD3D2D985829EEEE7B921AFE1E12F2D
:10BB30007C008B150D8293FF14C891F8C506134045
:10BB40001E8E31B1A33644CDEB62EE8440FA81CA39
:10BB5000190DA69B36AEE820A3FAA279DA6B7AFF1C
:10BB60002990B03EF66D8A23C55984B09CBF4346E8
:10BB70000FD64CB4ADC5AF70A151BAA14E7ED6FD63
:10BB8000E413BE373305CF1169EB2E0FFFA63A0140
:10BB900047057899E50996CF467497CC32591FEA44
:10BBA0000B614C91EDF4C71D026B18EB05A12174DC
:10BBB000CC6F9DA946E9F4CC37558A28E40BF4AB49
:10BBC000044A9994E49EEC8363EFE5CDA158359542
:10BBD000299BA6DB8507402DCEEBA93A6EB049F133
:10BBE000B48C87FF57951EEED6983FEAB6E4C9534A
:10BBF000738400A04CFB3DB6A4C908B8B225CB7035
:10BC00000369ACE445B678C50402DBB5F63E4423CF
:10BC1000DE1A8E7E5B0C7D59F2D549DC411BDA546D
:10BC20009889B52F1BF1B4CD14AD76FE332E343C7C
:10BC3000926A4451D129133A0EE1345BC3A635D937
:10BC4000E4E8E6DDDD142876BBDA2274CC9819D757
:10BC500026319F8A519EAA432A0026ACC571965E62
:10BC60000F74B0AB8B99BE5526FA90B111D2D07437
:10BC70005B003F7B92BC2C9A822CB2830BE046C3C4
:10BC8000B4DDCB61ACB1DC561C595AAD839F96E94B
:10BC90002AEA037A05A1CE7A32563133B7FB9735BB
:10BCA000BF742523016386A5395EF8DB4FDB32C7FD
:10BCB00088B428983EA671A4EB57E4B1B4B22DB66F
:10BCC000431F5F88F3CDA71E4815326F55520FA151
:10BCD000591B86A88C4F5487F7AFF1D5A251052682
:10BCE000DC5EC42D0469DB0732BEFFDD45FDA8B96B
:10BCF00073199DD7FF589864B81CDDD81D8026485D
:10BD000073C24F450717F3ED8F9AF969C92AC3BB70
:10BD1000D9AB1B4EC4FF52F0E54F8BF44E8D5282CF
:10BD2000F5DB9E3C2428028C91F47BE64ABC4CE770
:10BD3000F1652112BDF670540A1349B11AFA62284E
:10BD4000F77D39B0B7B567874B6E223B8B7051CA10
:10BD500032DE083D439CCD369E5679BF6629E6C04B
:10BD60002EA3BA08A6CDB2E271597AA434FB8E3D57
:10BD7000C4682ECA122E9E57A053773CB1176D6C23
:10BD8000B2AAE5976068874D2197800BDBA0F2721D
:10BD9000469A9ECA467578E0799D023397C2DAFBCF
:10BDA000B5DCB5C60D98DC7E2E26C1075EF29DF18E
:10BDB0001CF5B6393A36D95486D3B4DF4089BDE094
:10BDC000ED0188F09B8E844ADDAAE653578FF2E39B
:10BDD000C6E4979116410D53F58FB724698CB6854B
:10BDE00020E53820885108C17D41D1DE7898C822ED
:10BDF000EEE8973E0665AEE12C084C29E9C1962A8B
:10BE00004A2D737686C0DF0608FFD4A1BFF877916C
:10BE10001FBD7F89C8F93D957C09FC2F6E58E57BD5
:10BE20007BDE612E1D76A9CB2500751C88ED29B817
:10BE3000F9605D5B1FFCBE0F34FC7035B63A068CB2
:10BE4000DD5962C7245593E435F559F41F5F567CDC
:10BE5000937EA9369146F2EFC6E08A0EC2BDD9D9CB
:10BE6000CCFA3271FEDC0790FA39E7F00F7AEB89F1
:10BE700096B51F09A704AC77E55264048B89352376
:10BE8000D8C25AAEB5BD6E72F8BFC5F120C18D8A59
:10BE9000C20BB91B59EFF467A661FCBE61AF57191D
:10BEA0004FD6536F50F2B7F53CD3FDCB520AF3B8DF
:10BEB0001EB4C371045499B17362FBC8C79AF36F7F
:10BEC000DB32C0F5EE8C36901F8E339D71E572F734
:10BED00074E9F261852626566820945B3397E2F672
:10BEE0000E496BA2783D0CAC5BDAE879894FD360E0
:10BEF00092CCAD2BEFB668BFC85D0A1FB55FB7EC3B
:10BF0000CB94CD4CB5DF7D377C32A4E7B8192EFE3B
:10BF1000DED7AF9F17EBABAC1AE14226D25839639C
:10BF200089EDCCE578239D9F5FBF7269B0AAF7D6F3
:10BF3000DC65D74AD70DDB1CD7765E29A8824C7DFD
:10BF4000202B1D9BDEFAA109A491E42265BB74D9C4
:10BF5000370C7C3ACBD0084C206D370A2C7B0C7206
:10BF6000417B4A1ACE297454E9D24CCA10BA507790
:10BF70008831AEB6022234ACA5EE37DEF9F0E544E6
:10BF800036BB73BC2F55D7A37F71953329455C1EF3
:10BF90007CAD5FA88412DB4234405987AF42CD8B21
:10BFA0005E07EE927CB9FF4CE085147F4C25CD25D1
:10BFB000073FDCAB8856BF4808E769D6ED5EA44A68
:10BFC000BEC67FD3F8F07F6A661A09DABB039E3FCC
:10BFD0005A411B9DE2775C2E8B05291CF0825C8AFE
:10BFE0005E7F1073575EDF3351573B5B4D0460BC7F
:10BFF0003FA2FC47103E8149719013422C30889B30
:10C00000C4FB56C0BA0C48E318D00A5CDF0C318878
:10C010009D4F77618077DF7DC91F150973D64D5E0F
:10C0200004C2019FF47B8F94F0C6C189296BB54788
:10C0300053A75B6A1DCE1503A42702654DC6BA76C9
:10C04000611C47742E4559809EF85D6A8FD61C2569
:10C05000C46E247772C5ADAB5472C5BCC1C93C5324
:10C060000F07255AD332B3FF914635610291C0E0E4
:10C07000FFE36769E13E92DB4D947A4B4FD1633D1C
:10C0800047F25A0DE88064769E087CD0517058C7FC
:10C09000F984346080513F7D4AB86F54CFEA186B01
:10C0A000244151EE144F290DF24A8C823066530818
:10C0B000C1739E0858757B3B2CDDEFF628AAEDA8CE
:10C0C00008352BDC859817EA4E69F88F2EDF158C22
:10C0D000CF59F199BEF5824233CC7E0D1BBD23FBB7
:10C0E000A4E9F711AC243D34357D7B97A6A2EF007F
:10C0F0007EF58EBA06DC85E827CCCB8AF4C8A1BFD2
:10C1000003153DB48114CD9C7B61971B2BB4A85FB4
:10C11000B8B7E3CB4A2F7E008ADF352F2F6B7F1D08
:10C12000757190C054F5EAF9B00B729868C3EBAD25
:10C13000FBD220BE593A0A09EA6467328012D9AAB2
:10C140002AC8CBD45C3A1A7B2A6344BA41A9794AFB
:10C150004487CA026B3D5460EE11D259A31FC2A797
:10C16000D7C7A89261DF7E237F5C6AAD0C66973DDE
:10C17000E8EF3531F397DE61C5BE4411FD41F16250
:10C1800012CFC6C9D44A88F7EB1152F9C27D01C259
:10C19000123A2286FFDD3E10171DE83570DFD45CB1
:10C1A0000B6CAE87C8F303DF815E9525837D642722
:10C1B0009BF0D48698B0E420F78C3961B3C3A2C752
:10C1C00003C44BE81F3310AC212E113C8E8618CED1
:10C1D000891FAAE6D0F2206D3EF672D7F78C62EC8A
:10C1E00014C64B8435F073A4EA1D31FB8FD47E4214
:10C1F000925FDA5F0437467AA5B96EAC31BA8364D0
:10C20000731279A5C0471CDE0E7CF237DED12252B4
:10C2100071E57A7C0E1F4B354C01AB82D6E98D0B54
:10C220005668C7CDF5995D27B604B7D2E00B07AFC6
:10C230000609C3E8823164694047507E2D277B0D93
:10C24000162B0E48ACB3C2D69AE9FBB4D8A9BF7E70
:10C25000EBC9DC4138CD743F0E092EBAF0B071390C
:10C2600023713482362BA92BB6FB80A3B3490E5021
:10C270001C957FB9B1A08EF37DC194A6D21CBC18C9
:10C280008A1E202DC92C4DA7C2F5044309D31D6A6F
:10C29000C9B25C05E8BF02491DCF6C3AC1045C2EEF
:10C2A000B8A96070198C31376B3942357F2E0E6119
:10C2B000DB2F45F9B774402A0671E70BF830B9D87F
:10C2C00099631954D88F69D3D81FF5C0B1DAFDCA64
:10C2D0000687C22C7A3B2AC8F5803955185B19B4F9
:10C2E00000B21EECDD964A72A1FBFBE42082F4E171
:10C2F0001EEC67A15F1919F596246C253F49B04CD7
:10C30000B7B4C5F5B57E70CB177FF142114DF75725
:10C31000ED05AD8E98F53972480E3C3D8D365302D1
:10C3200074CF29B06486FE25B9294DD19958FB2DCB
:10C33000CA8F0E051DC04321C1EBD332A388D4316F
:10C340000CE5B380C612052E6477EBA1396548C4AD
:10C35000E66DB3CE517BEB8C858A740EA7D846333D
:10C36000D5328E798CB347DB1B07C7FA823EDCE7F8
:10C37000E35A3842DFCBD2448CB039A09D33F1254B
:10C38000CA6D1E9DEF59A71E988C8486A3A4AAD6B9
:10C39000C5364C1C340AE9A29CC0747E19AD6713E3
:10C3A00051354AD80AC85F0CF4791F5DCE4C5D0F39
:10C3B000EBB82CE8C682756F51C2C2C17EF92385E5
:10C3C000742F476A6BE0296B30E97F6C7176FF064A
:10C3D000A808CB2A1B5215974E8751C09248FDD70B
:10C3E00036A2F80A3F8DD3418FA33072BA5C92CD4A
:10C3F000CC321555D2E4FF1A8C3F76641F7580D974
:10C40000DDD15BC22221876A0256ECA86B5F9D06D4
:10C41000EB1D9CCE42760A36B2ACFC2986980E778C
:10C42000DA4345276718F9953254A4B3D9334A6AD9
:10C430002FA8FFCDD4D722DC401C3831EC5DECEBCB
:10C44000AE7811D925781ACAE02AB5D944DC44C29D
:10C450006CA3BC2E84FAB8CBCACE22FEB53E45C131
:10C46000F0120F303FDEEF6C6978EB8E6D6605D50C
:10C4700052E396C2AB20851E6C98F9E4D33F622943
:10C48000DF256A0905E200D60E3EAD027DB3D088F5
:10C4900070B46CC804B43B191615B168D6FE0B5BBA
:10C4A0007BF0593B478A3AF7B3DC09333505D08D29
:10C4B0008B97C3CA103A75C5D4C7280E9077CE861D
:10C4C00030D8A90C22ACDBD1A1ADE29553EDBEB8BA
:10C4D00051321902A473CD24B0267DD190727A0C0A
:10C4E0004B1A0FDDD60E651345110B40F87737A3B5
:10C4F000CC03BF7EAE18BA6F319E86985D8909263F
:10C500001F4D2001294D46346A432245840DD856DB
:10C51000BC85BCE826739F25A4F65D19BD8D8D50A2
:10C520008E886C8D0B345243C6F2BA24DA817A625B
:10C530008F2A30E8893399AB00BCB9ACEED9F78FBC
:10C54000D39111F3743FB308F599A32C4D66CE0037
:10C55000F959B72EE4222FF88BABF7B43E43A4A8C9
:10C56000FDB5C83FF7F788D57B1C4B9AE33C169A7C
:10C5700033EB16DAC6A00EDAF146CFABE556483FEC
:10C58000B1EFA6A7CA77AEA1717D350AAA2E718B2D
:10C5900031189E4D9CF55AD866EC116E38019FE516
:10C5A000EAD6789509160A08DA343C1386EF12D1D8
:10C5B0000625B6B32DBE36CB630A122999F75098DB
:10C5C000F2C97BF7E2ED5A5B053CB067A8CC8EE47C
:10C5D0003BB872F757494D4740B8B41BFAACA68830
:10C5E00080977B3946B52CC947CDDCAA81302580A0
:10C5F0004B28E2531D86F82754AEC9663657214AA8
:10C600001A8F144D678F84A68F08BC283109FDFB53
:10C61000AA157662D8D5AB4865A10756883ACC19D9
:10C62000ACA7FD68E53B31A075EA8C140BC2A35999
:10C6300006C4E6E2D90CE00DBFEF9EC9F3EE4E4111
:10C64000305573AA7DF42A61F7A6AE3ECFA3C4FC91
:10C6500029B1F02B4341C18D5B8EC4E00C406807CB
:10C66000D03EE740E0C695C539CC7A039F0BF23245
:10C670006656450643918778724245B8A383BDE666
:10C680009D54EF61A511A88E7CCF5AE2447B643B98
:10C69000B39BD77B832CEA6E77EB22989A035A5D83
:10C6A0000A4DDC5064908B6F8927844BC7617246BA
:10C6B0002776A7A44E4A7E9F6E1EBCB914DB10A637
:10C6C000F66F18621FEDBE08D94F4074159C4218D2
:10C6D000FEB44E607659DC13B376D04449C2372D90
:10C6E000EFFEF6EC935423430B9A740DE0F6A5CEBF
:10C6F000F46A32BDB5CA404FFAEFA6484C91C3AFB9
:10C70000AD86E43AB0826F2C081818A6ABC37CCC77
:10C71000D26F058C27DC34C9221815AC4376EBC4E4
:10C7200011DE8B3C2C2C667A4F27FA761F34FC35B1
:10C730006FF36867EDE88C4D6076B602D72B5D37F6
:10C74000B5C2272436E90AA9DCBA8AC96DA2EB531F
:10C75000E416CA6211176DE388C50699D57E256473
:10C76000275F995FEE4F6697CCF1618C6C543677FA
:10C770009D1A8DA707138DD4F517670360389607A8
:10C78000B50AA186C6E70FC810146E14A56908691A
:10C790005C73929E0659BBF9A1EF7933FB554BFBB5
:10C7A000674AEB0D4FFCBD7F82C33A35BDB9990B8B
:10C7B000D4F8E40BF54444B956AB46CBD475A3EB9F
:10C7C0002C26055595AFFD50CD8FF8BCB8D9AE17C6
:10C7D000106D7EAEFE486D2E9D4E5D76E2D8CC1A71
:10C7E00060100D8DBC91E210350BE92821D0379EE9
:10C7F0008EFF61D222DB3DA3692A5C8DD5B542A7AD
:10C800006DFEADFE4FE06362FDAC0D490F1B906500
:10C810009AC478F39955224DC68E67C197479E6298
:10C82000D9350518C8367384BDC4119510D2F720C8
:10C8300029CAC0FCE229FD2D79302C8880925F172F
:10C840001D3DDEC4E011A99DDDC3047A9FBCE1D982
:10C85000FA463201871AA79A05551252B111DB998F
:10C860004E915997978E9F323A07711D55B20C6CB5
:10C87000B1D4A55110E16BE24C461DD763DBF9BE84
:10C88000C430357D000FEFCD2F298702E681668DFC
:10C890002204D23AAEE3C822B29F90B9C3EF5C70D3
:10C8A000F798C2B7C998CBD3BD5CE2B93AB626496E
:10C8B0004E784687659654AE66BABD45335037907C
:10C8C00009A96906D147EE0A05EE0CDB2554207054
:10C8D000B7ED6FABB4218EF4C41F1546AB0C07A89F
:10C8E00052AB3F0DB74D826B3F9489E5412F16FC4B
:10C8F000840C771274F72E4C59421B58D6EDDFF793
:10C900007D45C04207A50562BF0751B49EB08B6F3D
:10C91000108F486B0EE31867B21F866D4D586090FC
:10C92000E3537C1BE4DBCD8A5BC4B25937ADBE5DFB
:10C93000A202B483C4152DC108F2679DDECEBEAF3E
:10C94000E5D1B504250BF38C66DA664686AB3F1459
:10C9500036824E0E68C08F35E6FD963DD875379607
:10C96000540633F8793C37FC7B7ACBF74353E69097
:10C9700055AB4CF4DBB57D891B68801160196CC523
:10C98000B15CF3F36B3C180D1D3468C2B6BB631881
:10C9900079B3EB4C7688A319667F3439B0AA6175F8
:10C9A0009FB59E3A1A0C2BBCAF4131E604B95B46E9
:10C9B000A9CCAB423E3D7A115117123218ACF63C6D
:10C9C00077764F0C6DAACAAE8A6ACCAC83EA7FBA7E
:10C9D000C8D9C7B3022CFAD12269D5A72A6B8850CF
:10C9E0007DF016FFDB0D33CA2CC1AAB0634FD064B3
:10C9F000E4C65F3BC87A85B37A558A2D226F0D2530
:10CA00007D885434F5978402F564B5D3EF2DE9A001
:10CA100098235D8795FD55E3C4E9C150D60A72A0FD
:10CA200005CDEE28CD9FEA38C612411B9CC372F497
:10CA3000DA99BEA7701EFF914C01775F9F981D0386
:10CA40005436F5378377AFE9CDFE124D4BE981FEC1
:10CA500047BD404E40AE45C61664D349B65D1B2D5A
:10CA60003E097D45772C103DE8AB56F329912CA06B
:10CA7000640A7E3F60ABF6F1A3DFD2ED585AD03C9A
:10CA80009C788BF714D434BF9BE970C726828C47FF
:10CA9000F3E35253BCBF08C0C0D3F219A6E72F116D
:10CAA000BC10DD83809492823E29B57E3DD649122A
:10CAB000D5D471DCB960EA649B34B3E0221121AEB5
:10CAC00034AEF5EE89C9D121E97D20E14911D18546
:10CAD0004FDD44E84DB20848C8A3B77D60E3B8B263
:10CAE000A0C4DD4996BDB88A0953AF1E9F7B6E4234
:10CAF0006C039CC4C1437DE6B8CE18C60A61996038
:10CB00001D75F0A8CEE17DE775F0B4B9538595E3C6
:10CB1000D1626814D73DCB2909B04F58DBD1EC67FF
:10CB20005728A18C3B376B6604377D919E8DB89B4F
:10CB30009FBFA908E794CAAF8D876900AFCAF39376
:10CB40006D968E31B8C1709A3769B867582D6AF3FF
:10CB5000B8DF6309D67B9BE3EDEBE02DA9A6E8DF08
:10CB6000D6035A0F6C55336A48EDEF86C4130D2A6D
:10CB7000BBA2B65F53DAC01DC56A190710F88494CA
:10CB800060F148F1C5A5920AD50DF3AE82AD58D734
:10CB90007C80E70E30F090C93D01E2030080EF4356
:10CBA00060C765939CEDAD3859A4BB4D6DAD89D080
:10CBB00003A6EA2DD5725F47EDA3FAE58BA0799322
:10CBC0003AAC354A8EAABD9CEB8ADC0510663CF572
:10CBD0009537D66978C18B0CE7524A4318C12CD5DA
:10CBE0006E1D50B9F0B31DA6EEF89B4D960349108B
:10CBF000B3E1458FA20B73782A0DDEA8F854AF9FDE
:10CC00003C01A0279C42AA7568BA7932CA2C3C26FE
:10CC10004D59AA3B2EB12E7CA6BE1BD6FA8BB94825
:10CC20005812B5F5BC1EF44EA37D87EA9B4787E6F4
:10CC3000A6E83C590EA7D450BBEEC0DB7D6D9C2608
:10CC400074728743EB794AA533B91A6EA7F777D781
:10CC50009813BB06B6630F1B499BFC73CFA9CD9BF2
:10CC6000287221E6D421E46B7AB8642EBBBBA05BAA
:10CC70009605783421A2191D7ED2C5CD60E10DE361
:10CC80000EAB3A1255FD186EECC222F05B7A8DE3C2
:10CC9000F7FE9B237580AEA4FEFA0A9760F6BFC527
:10CCA00014042A791587EEED053757AE39A09D1685
:10CCB000DCFD1A7BC23A9A6F1BB2D42FEF191370A6
:10CCC000A0C4D34B230659B3C66CD449470A4804C1
:10CCD0000391AB82E801C8DDB4AF0AAE058C3E77A4
:10CCE000D09DCAE58C1031892A52CE5B5F41DB179B
:10CCF000BE3C1E55BC9509273E79EA16AFAB1E2EE9
:10CD0000BA22074F652D73CB8DAF5F5EBF7A03DA12
:10CD1000B926EC8B4EE00DE4D55446DDEFF9C2EBBD
:10CD200025521BE59A769B70999B8C49B78B0531F0
:10CD30008704894A00A0A2429E4258258BD9900CB4
:10CD40007BC531AAC93986E919038EE62F85E7A686
:10CD50001D313A5F92CCBBBFC66FFF5D3ABE5F51DB
:10CD600069E82D633F56D03113C52C845368BF3E0C
:10CD700099CC0C3DDEFAB1CEA6978238F1862B52C3
:10CD8000A0A4DE8FB09F4E9F620C429D3AAA0BBAC0
:10CD900078B26E646071566786AEDDA4568A8238BA
:10CDA0003A199175C0B193AC6ACE38D3BBCC5A5402
:10CDB000A5F2BDC584AE7907EEFFB6A4DE9708F7ED
:10CDC0006E4ADECF2D69FD0DF7A0F03786AEA9C300
:10CDD0000E102DD80CF7674AD9310F82B3A58A748B
:10CDE00090B9044C6CD06A6ECB92CF38CF8601A933
:10CDF0007388B745F67785B85ADCEBCDEA50BF7B30
:10CE0000FC62001DB09C72808803212770C9396BB9
:10CE1000CCA5158A91C47D370834AC1B7DC107C6EB
:10CE200094548CC1729B72AAF1B429EE30CA174196
:10CE30009B84D97F1FEE1A2DD9F4A20072F07D4198
:10CE4000688FD05278910AFC3505356E4844943E7F
:10CE50007C1409EAFCDD2004A953BD8B291AE46B7C
:10CE600084AAB2EA6D090EF6C84C3F421A9822D342
:10CE7000D4184219E0A432119A4D36A638C84E147F
:10CE8000007CAEB9B0F883A3D53743EDC1D3654874
:10CE9000D3A5C9248D4DD4A09CC0D6235E61F9B41E
:10CEA0003EDB1CA1845D3DE3EA7179D4258DAE7C27
:10CEB0002ED341E2B7C87DF6E128EE9A37969D90D1
:10CEC000238603CDF690F22093CF04202CF5D79E35
:10CED0006E353F1434927AE7E118B06D3B4E5866D8
:10CEE000B7A43749D5D24838459152334B45442EE3
:10CEF000655DBF4120EC01F08F728C71A1474584C4
:10CF0000B3C4F0B02197730C37F79E9D302C786036
:10CF1000C640307861E16B875FBA45B9FDE7712E95
:10CF2000CB589D6F76EE0D2F31444C2C3ED9C37CEF
:10CF30001E8B1E2549098EDE9A4927732CAC9FFF54
:10CF40000B38BBFBEA831797FCD0C0FF1B6CE58650
:10CF50008E9F6FE4CEFB777FA40E72A25D2E4F757D
:10CF60000D3FB9A86F46D8FBC6CF37E15C3904A79F
:10CF7000699365B70997FD2F072AAFD7733EEF6412
:10CF80001A41588DB64B102C17B3F714879AB1710C
:10CF900099B9CE596DACE128C072588E3913E96A3F
:10CFA000FFCFBF7FD29C36768BCC5277EDE9F4254C
:10CFB000858010CFE3642B82CEF66D6098A0310B94
:10CFC0004EAF394216876053F8468498A1282064F2
:10CFD000C2B93B5C38FD8A08C67FD541B919A8B4EF
:10CFE00083F0CA639C0B7362974FD789061718D4D6
:10CFF000DFEAC038F16742E0995FE489F129B91DA1
:10D000003DD9A58873DCB3AFE99EC1E850FBEB675F
:10D0100064816E6193C191359201D8EE06B6F176C6
:10D020000C5C6A62F154C0DE4E78EF0C013046AC05
:10D030003A54809120C627EBCD66F7262B4DB62BB0
:10D04000921234627338732C5634E8EC7118C6E3CC
:10D0500010F9BB95506A2EEBC6D6CBB79F62614CD8
:10D06000B91452B717E56F1C5C0A2E064C9EB75ECA
:10D07000931A17DB05F620C28D06FBBF0BA5792797
:10D08000AB1604505034FB286C74869A71B64D165A
:10D09000D7D238B0CA060A6D4E4FE32EA7D924E87E
:10D0A000096E66A059BF4C6C0D5E3B0BAA53999E4E
:10D0B000A97EB4E73B4913D9D865EF1100C40389B1
:10D0C000E829E65475D6AFB1CFA1C5651B709D1494
:10D0D0004CEC8FD9091A85AA974EC655326D581453
:10D0E0006D75D2C30AFA460BC775CFE01A26DCEB82
:10D0F000A76D90492BCB4A11AC405F88E836933836
:10D10000B701153DCEEA59FB62B73BDEE61952285E
:10D11000A05E93A0A859E06F088F3C27425356EEBB
:10D12000D3F664850290BAF7940D8D3FA9FC75FA89
:10D13000325DAA046C045AA8ED3A4B32B3CE3BAE32
:10D14000C082050670F7C282D56B2FA4F9E67C2653
:10D1500004112A9B18B44EE28FF69D2654351839D7
:10D16000E867939840ED896C6F076689A961493338
:10D170003C736BD44E1306F1E6B663BE687460234D
:10D1800044719DD3E95415C4AA5E4666935239B2E0
:10D1900074CBF990510A033E85F0498DFC236DBF95
:10D1A000E0363249F04FF319A2B1306EA31F70BAC6
:10D1B000444D5FB34F3F4FA3800D057B03DFA4C5F4
:10D1C0006E2EDBE9019B815240E0ABC8D5C8D1A7E8
:10D1D0005ABA37A1BD2E3258299B27304E63300AE8
:10D1E000429A57796AF46CAF46412474C452F50FE1
:10D1F000A31F3E99D366E7861A98B618E8655B05C3
:10D20000F60804C69D65497B0657FA0FDAFE8DA91C
:10D210003BABD8AD123D45205464C773DF95E49A0B
:10D22000F027AF4EDC73939A2FE2ECACA8B4B5F0C4
:10D230001285B689C6FBD853170B6400C4A8B4A1E5
:10D24000EF24FE975B1C110240C4A1BED2B09731FF
:10D25000A982660D17C978B1300DDEB56F68308DC3
:10D2600005CE3738034A430D608A90771876BB8A1B
:10D2700025F47A595A020CF5BBA74C23239CBE69AE
:10D2800064A59445FB07A76F71F988B4D600911087
:10D290006A9F581AA629999B18AB5B72E3A579BFC0
:10D2A000A14F604FEF6BF54EAEDC04DB929230077E
:10D2B00046C1318BDBFC00C01E6CC6A1ECA010FA8D
:10D2C0001AD00DE434243B1FC26AC5B78C89466A64
:10D2D00064465C77329C7FF3DA0D94AA8C124D047D
:10D2E000ECB9550B0A65536C09D155ABAAC555234A
:10D2F000DD636DCBBAAC641C7952E653A5099ECAB6
:10D30000CF955F9826B5E1E0736B8D70B2C41206BD
:10D31000A7B44B6B7924BD7459B0F7A289190E25B7
:10D320005A61D52A9F2A9068C59725C450533D84D9
:10D330009DD57231163BEE4BE877B98765E9DA6126
:10D34000AF96C83DC3EDC4599ACD0C7C5DC2A6AF63
:10D350002DD8363AA21472E070F1C6DDDE5997D6A8
:10D36000F069DBFF1449BE6CE36E667255B4DF1BD7
:10D370008D579D8C3900B0064B973CADE022E5EB14
:10D38000417A2B228623F4824D7D9C9C9368A5864E
:10D390004A180E2A90A23BC345CAA8E4E6CAFF0772
:10D3A000C5332791E336A9DD8C75C5A03B7350BF0B
:10D3B0001D635C48982B82248091CDC89FE016E5C0
:10D3C00068095EDFE5296226E98FB2493F0878B82F
:10D3D00027861E5F3D75EA57943D43194301DB33B1
:10D3E0002DE85D3439CF0BECE73B658DCE7633D13C
:10D3F00098FA6AB1B4C57280FF1E4D241B7A3B2B8C
:10D400008416140AF5B49A3C1A737DBFEB6D3DA8DF
:10D4100028406FB9E0389C8F92EF6F018FF8B3E12D
:10D42000050A83739D1DBDBBCDB38AED75815EC2B8
:10D43000D5308A566C552B60201468120557CA9E49
:10D440000E09B9D07E516BA67CCEE75FED57AFD504
:10D45000E94AFD1005AED8A469AD4DE1856D8F9503
:10D46000C01352590A10D999D7D0609ACD7F852818
:10D4700052A1F9BA6786329DE72DFE959A4023A600
:10D48000E8DE1E4E1B5D3BCC405A5E40858730CEA9
:10D490002A4AA60E722922144546F093F38D30EAEB
:10D4A0009C40F506ABFF06CAA418697F06C20119A5
:10D4B000946593662657E939BCF609172CB7A54F32
:10D4C00043A6C1B46C6003CE96A5D357D318CB1531
:10D4D000D1B636817A50B0019F125588F57E45E469
:10D4E000AC1A17920E665A04586771280085FDD54C
:10D4F00000CF73E8831877AA32C032F15CE4087C6D
:10D50000F86D36CF29E95F638692D74FE71730F27F
:10D510003B8BB4A0A98BCD4CD771D6A4A0AAAC3DAF
:10D52000C7C901B1C04A8F9C0803BBC2634F281012
:10D53000D0DEEAC9E297C000111E51F0A0A34EBC94
:10D540004E573980F01417272632AA8A168492BCC7
:10D5500051F1A142B95B0D040AF0D7666BAC2E28DD
:10D5600001E0F67DCEE420EC724655E1F790C24C26
:10D57000F87CFEF1D40CF53F5D25FFD32736A68756
:10D58000F839C8D4056CE2DEAF6CF38CC58F1BA3F1
:10D59000C454A2759F0F04B857B77722DF550666AB
:10D5A000058A47B010D8573796612E6AFB9180AA3A
:10D5B0006DFAA93386FDD5778F6C69BE3BFC2AB91D
:10D5C0004211688029FDB3C39B27D67870223C3670
:10D5D0005513A1791B8EB8D44D9B4E218617A68A70
:10D5E000135CFD59EB74EE2B20466BBBEFA8C03DDE
:10D5F000FD619671353EBCD67FA027C8A540F49D3D
:10D60000476C332D0151ABD32BC6492722A9D23AFF
:10D61000E815F9187B55AA533B53CD61434954197A
:10D620000954BD58A1235EEDB621FE9964BCAB2818
:10D630008EA4B63954F9A32D1082B7D5767F353430
:10D64000ED27833F11381931A5420EAE6DAB4DDE8B
:10D650009408AD822E9BB78F48CE9B28CB2A48D802
:10D6600051B1A4C5E972931FEC8ED8996804883330
:10D6700051C36E2D14840302D4AE014014E1A2F410
:10D68000F66921DA539EDDA36779AA1D83C8FAF7EC
:10D69000B3837B142D74CA6A2545987BF1F3ECE1C2
:10D6A000E8808BB474731AE60CC30EBCA51D8E60A3
:10D6B0007FFC6AF5EF26D40CD136445DE8DA266F9C
:10D6C000866EC12F5E8A9451803689EE8574B89536
:10D6D000E0D960A257E020A49B686E2CA1E3530C14
:10D6E0004BC5B8C0881F169721992481EB10126B87
:10D6F000692009A0EF72B72B6AD9CCCA62954FD2C4
:10D70000930E3863BF76C3C56EFF29FFD9C62A13AF
:10D71000ACDE56CA5927A44CD5CF206B86100069C1
:10D7200019A8146664451B34FE9039E7FD2398233D
:10D73000628BC0F4E3104BC4CC6014977D2B51BABC
:10D7400020EEC6C894F0344CB6C7DBE505118AC795
:10D75000FC8B2FE5BC9DC610D8DE428F6A62B46197
:10D76000804BD3E107B76682AC2059CE067E3A7B68
:10D77000F71A1FBB2AE5A9A61B03B530794972CD5C
:10D780001B160009E426A0FB9A307C643353905F9B
:10D79000272C9326D6FBA997F7FBEF4F1FA3E2B0E8
:10D7A0003996D5DC383952900CE4314874DA8D7DE5
:10D7B00050DB5AC3B9EB394676B3A69C3BB5E1378B
:10D7C0006F55B95F48E7E465456F96E7FAE605BB34
:10D7D00096DBC01C0E9E672E8B75B41C3FF1E89340
:10D7E0001A1E566B4030BAC16F65F8C91F844810C5
:10D7F000CABD80CDEB9FAA0FDA36A2A0A07CFB1396
:10D800002C54A5E78B728777DC9EF773DDFEFECE86
:10D810007AF17A5FBF0CE4BF3AE761E016216B2032
:10D820001B18A9BBF7BE8F2EA8906285D46C256B00
:10D830005B0F3F21558982CC8F1338A9CC5EA75E40
:10D8400027EE357B5C5F16B4AD43B6CF76CBD0B454
:10D85000C88CFA2E0DE0F90C98AEC4BEABB8A4DEAD
:10D8600072EDFAAA714E762D84B70CFCB07C48F2AA
:10D87000235DB1BCD52AC4CE26BC2213DB32BD3316
:10D88000280E237BF9E8F0653B546F8B3EEB9FA697
:10D89000E3BAE0A09863C4D4E073549F5A788DC073
:10D8A000056F7FB7C5D67AC016EA18B760C0D39F98
:10D8B0007216DAB772BBFDE5EBEAA7B0D6712E9F00
:10D8C0007499A625C46B3F6482213D3C3184D7DE28
:10D8D0001FD05DD49557C3BF1985F005EEC942A589
:10D8E00010B4AF462DA3FE5584DEB667A8CD8A934B
:10D8F0001A72BAA5E743929DB037F7874FEC14D957
:10D90000BF2097C0FE3BD2A37E4EC8730B620F6B45
:10D91000B3237C2A8E29C4F735F06CBBF9B4516669
:10D920008FBB7DD3D558AFEE837664EF95E7A06AC1
:10D9300040FC23F533BCA8B41089A7E54D06266545
:10D940009F09ED9E870378D5F4E8BDAD4F605ED1A9
:10D950003753C6FB174F00C71D40E58EF99F79D995
:10D96000429D22A1A8C08E21337262EAAFA79870AF
:10D97000761BA57E2D81525077156AE458AEF33997
:10D980008D1BEFB3E574B2F9791E8B801E134CB476
:10D99000169299F2AB3DF2647635542F2B00A1AC70
:10D9A00076EE9C76CCD7BB6CD07B79D9AC84B37D3A
:10D9B000BA727B7270753A18E3FC40A212B12C1453
:10D9C000087F6F8F63B1C60BACF2BADCC607A065E7
:10D9D0008AD94A569234C99D8835D9507D59B9AEF5
:10D9E00023B4A09B5132D58AE93A5C1BB49C12D572
:10D9F000959FD54B6AFF9055C261377F40E0BCD4FC
:10DA00000E53425DD682965F3E9BBDD799F993A196
:10DA10002155772E143BBD277FE873C532446A88B1
:10DA2000AAF772ABA0FCA22CCC84E40BE1DE7A0452
:10DA3000E8A063EB5F9FE9A1E0F3202F8622F93D88
:10DA4000A2D65872A32633D92E6091878777C91240
:10DA500089A314C63D35B5041D3C43E5EC4BD449C0
:10DA600040D26E95E8E3C06579A69B3EB5EF5B8C2E
:10DA70004F2687B3EDFC1766F059415816837F2473
:10DA8000F9B224C1CF8B555996AE2296EDC6B1E6B8
:10DA9000780655B0B47CE0EBFDD10C7E1BC804CBFE
:10DAA0001B9C61C7B6EBE917EEDBCB104F5C3FCE9A
:10DAB00003180E4C97599726FB4AB14D076A0B087D
:10DAC000060C551D372B41A6104D6B8EED8EC5965D
:10DAD000606731AB54FE9BB2E1C5E6131FD20CEC7C
:10DAE000E2E291DC83723DA56F96B46874F28044E3
:10DAF000F97566743FE421C409CCE60BEF0304AA70
:10DB0000A3C46E402FA786151D87FD8196502A2736
:10DB10006500BE98E91E6AE1F9B18055F9B662B7B1
:10DB20005E46A4FACAADC7870B513EF3AFBE7B6E0B
:10DB30005DC2E4C5D7D054AFB1DFB918EB4BDF20DD
:10DB4000762C76EE379B93238F7EDE2FC3F4650C05
:10DB500026C419C0E7ADFE11AE3D7A3A33FAD79E1E
:10DB60002A6E8C48776925924A216ADED55FDC9A55
:10DB70007A2F62C8CFC5442EE2E82B841FE93C808F
:10DB800056E1E07A6463D827502DF4B90B496C8EC6
:10DB900068C4B29983A78BABCD9120AEDDBE5A4F3E
:10DBA0005FA874EDFD3340E19DE5C8A28857F07889
:10DBB0000F4693BFCD3507A7DFDF350C7863D58AD5
:10DBC000DF95CAA7D344A7751B383A9FD5061CAF6B
:10DBD0005E4AAA4B9FBD226798DF8B529DD3D88E99
:10DBE0001B7871FD40B1ED6C8D764DBB63BB1C5F46
:10DBF0002464211D399AE6CD20FE0D4C1C110A1A11
:10DC0000EC1111743908A1C9DF4EA60610C48A1C94
:10DC100001F4C1C11346447ED279DA07E40AC50093
:10DC2000EDB6455F690C54210B81BF92D1DAE5074F
:10DC30000583EE142A14ED7250B24E33198C8265AE
:10DC40003834B246F080358DC945DD89ABF714DD37
:10DC500066D4BED31C891DDE51FAEEAEBFE5824B01
:10DC6000B2D658F4CB25672D7AB11ABFC484E8FF29
:10DC7000B7B346E679DFDF397888545D8E107F10C0
:10DC80008B4B5AE74BBDEC92F467F086D9DB77CA31
:10DC9000F93517026C7F56BB60DA4709CF43A8CC31
:10DCA0003E93EC0DAFAD96993B523DA877859C49CC
:10DCB00054CD601CF70DE23C53B4CF581BD547CD73
:10DCC0003DAF621DEF751297225CA55F1464C263BD
:10DCD0008C95CA3E1B718ED09168D856995BD22123
:10DCE0002B0D1513A4D29A9DB835A7298E73D56034
:10DCF000E3E009784A5E3C0BCC1E2A67943AC3EDF8
:10DD000091DFDF55FCE79C6165543358DD2F331EEE
:10DD1000A8B12FA36588D78DEF11C75579CA9D6F1C
:10DD20009DC3E534CF6ABA31C839110B5B2EA350BD
:10DD300059D65555421D957E332964F2746CCECD6B
:10DD40003B32AE0C6DEEAADD2D178AAE71B69F4444
:10DD5000D2F8587ED359F7843FF45E8B62F3AE411C
:10DD60004C708F4C17D754919D9903AEC50687A967
:10DD70006547AADA17568E50CDDA36915243C33230
:10DD8000474D968811E640FB2D2B85B99CDE95D733
:10DD90002A34F1B6F0F165C93BB0AB9D16F1533FA3
:10DDA000E097DDF0B4B35C4E3CCD7204551969B216
:10DDB000BDE926D314F80A3BD0A40A1B5C6242D703
:10DDC000F3ADB37C0A465133480D044B9F0D492DEA
:10DDD000D9DB6C47A64F7CE2926A8F0C8506FF8FD9
:10DDE000A5438128DDDDFDB06896BF68125798EC29
:10DDF0005D44550BB8E977998B4E21CA0F562DC556
:10DE00008246CD2218F35F0C775D1C701A8D2701B6
:10DE1000EE67604BB7347652274678C436339B4161
:10DE2000A1F78208F73AD614FA4A814E2E5D0B40CC
:10DE3000789EACF4A0D0A9C17A595C6F297BD7E158
:10DE4000AC2F4078061E3C69FCA22F7EF71AC7F063
:10DE5000F71A77A521FD89EFB30F19B2E55A9D197D
:10DE60004E60C9A69F2AD3AA32D92ACBF2A345D0A5
:10DE70009521398AC76B327882F2F96BDCFE984EB5
:10DE8000430E70E400A916F6B272ADCC0ACBE92BB2
:10DE90006CDF36AE26507C61AC9DF089CBEF972CC1
:10DEA0006E0787950EDEFB636D2ED8A030BB9D8676
:10DEB000C34575401CD70CF33BD06B8364D168021B
:10DEC0006F8F884147587921DCE62CCEE6043D2C43
:10DED000F2671A5A6791602E2588395E968F9432C0
:10DEE0001B0BBADD4A666A5B0FD65838C339E11599
:10DEF0001F20EF8CDDE8723626026FCAFC7AE589B6
:10DF0000263034AB2B830D63C353A4D24BD038EAF5
:10DF1000A97222676339201B07D83D0223766F362A
:10DF2000B46021C0DEA92DF1A5222E421507B5B49B
:10DF3000A07E88545BF79F2307AD58D802D5936322
:10DF4000B94E0A2DCB6857427681300A598FA40901
:10DF50006DA421FAE7E90F8B79370684CC73BE8C68
:10DF6000F8A3F3B7AB66B9EDCD291CD36E35F64EE9
:10DF700021B160DAC3DE365102F7D5291198314458
:10DF8000C6EB32887081F816409D4211158FB87229
:10DF900031CF722AFCAC4B83D5CEB560D56A4ED357
:10DFA000CBA58FDA85717DBC4252B39B4643B10A43
:10DFB0008EAACC5929C51532AAE1A3F1CE0E159B24
:10DFC00023A8286E73FA631BB401557DD5EF1E207C
:10DFD000531B41F483359B090FD5CE8DC6859B8B92
:10DFE000B0ED8EB7F7B934111FABCD20AFE4EAF234
:10DFF000339DEB445601CA1D51768EBD4B8AEC66AB
:10E00000A7B2F3FA81CF8F026DE1F9F47A18051AFD
:10E0100072104A4C8E4FC0B5CD7997E347DB38C2BA
:10E02000F1423964F87707D457B31A95C691CD6891
:10E03000E678FA8FED4BF1615B4E1AECEB514B3900
:10E0400001FAF097EEF19D2BAF4AF25041AC58FB2C
:10E05000D484CAE6ECBA3D3FAF9FC405A83C324623
:10E06000FBBB68844C2733727DD2A9839D13476E16
:10E07000B27F177E9631CB05C40CB6A6EC88A18181
:10E080008A341AACC64BF872F54955A5CA9959EEAF
:10E090006C9947FC1C2DF8BD9A8FE74EE02EE2AF3D
:10E0A0002CFBD36F5BEE64064A57E377544339A1E8
:10E0B0005C3A64E4855E13FA8DF653F90ACBCB1E05
:10E0C0003D9B8965D4C5AFB35AB73DCA6C74298FDF
:10E0D000B545C0093AD2CDF5090BB7B03342A1F925
:10E0E000BD395CB757F1246810D2F56C590E0BEFAF
:10E0F000362B5DADE7414FA74496C1AEE41628F03C
:10E10000DAAEB14561FDD2259BEA54563A1C08258A
:10E1100076F5AE5DEE772E77A5E3283AB1F7D4B366
:10E120000B3B469798CFFCC0BFC7570E81EF735289
:10E13000F3F60C39B47FB5AEEB632809B942883FDA
:10E1400089EB488B89338FBF135C5184DEF61EF454
:10E15000E8386622B95801E52BAFB06CDC2AB9C6A5
:10E160003A36D18310C14234C5B84C398A5BDD716F
:10E170008E09865BA47FF2F43059C9FF472FE5FA78
:10E18000D50D0D4EC691B4CB2C71D8B8DF7A2B7457
:10E19000E703EF42527A4E6865C6F0929B6706121B
:10E1A00063B85F1F003DEAF1D49118915423D8F869
:10E1B000C5308E599E9858D000D32C5AF36C9DCC04
:10E1C0005A1BCF129F0339F582CAFEAFBD0034C57A
:10E1D0009CAF41B117652EC8C0D349C55228F11E66
:10E1E0007E9ADDBFBBAD2E97DE2D62404AD0107AFD
:10E1F000F4C1C5F7FB6464DD7465A9D1B91F3A8623
:10E200005E96103A6681908264848FE4947C69D330
:10E210000BC363FEE743AFB5175E7C09B439E90968
:10E220009CB5D34897197EFDF25C674CEB37441BD5
:10E230004FB6990DFD96A390D5227604E1F3D12532
:10E24000469977102313F74CB5AB56CDC34FC18F0A
:10E25000DF1FA8B53E6A12281C05B305E4F8DE04EA
:10E26000FE62F3E95E003AF61DA879B2439A8D2D5D
:10E27000547C437C1B0CF3988FCD18DDAADF90757E
:10E280003E8A59E2A8598F1238BEFA1969B6155F4D
:10E290006005D4BF08D7BFFB3687212AD90AF8DF2B
:10E2A0007E1185BB341821A98413219B17B3FF7AF3
:10E2B0007FFE5028BECCC0A79420241E03FE02A1DE
:10E2C0006F2686F840C7C16E551C0D238394FFACA2
:10E2D000EB65E89E15AAC8DE83192FE5BB67B6A3D8
:10E2E0007A107823E0551FEBB2EABAD22FDFCEAF17
:10E2F0009692CF54F1E7861A1B6B8C6FD3A3C3148D
:10E3000090CF0E5ACD0B86F045C63DE9560896BB18
:10E31000E78386AEC9519C499AFF7AE4617F5057E2
:10E3200037EE66A552D3E000135C3B19F0712474FC
:10E330000CF34BF1220EC2074FC0A3B60F2F78B6D5
:10E34000C1B2DC4CC80BF169E7E25DF617437FB25E
:10E35000D17699D2C79245BA257CB33B169314D493
:10E36000A651DC3781901805F83C4D637025BF49F4
:10E3700068612DE80AA234C724908F1F1D75D791BC
:10E380002E11DBE440A32E7EA1AD0A71732C71E93E
:10E39000EC21B0AFA1F168EFD10EC8D6F2954ADDFD
:10E3A0000DEC1E6F2840AC809A4425313AF4F88A6F
:10E3B00011A990FBC78357D24D261C35947DE7C722
:10E3C000922006430A002EAF44589EC9C87EFCA87E
:10E3D000354E52487B7DE2C6E357151EF704D183C4
:10E3E000F1C4FA0A41E4817B551570A62F0A246115
:10E3F000B87E99DED38F5785020AA9BAF070DFD5AF
:10E4000083D60A7A6BD01437655A99118215B506EE
:10E41000CB0CEA5FA72CD18C6B8E0823C1C8D5C367
:10E42000620B8727C2FDACDCE4BDDA7D6FEECF83E3
:10E430008C8528025B56C2B7A03BC79D666C101442
:10E440008A70ECCFFFAD831E568957D31AFDA4E71F
:10E450009F6624DF3745575FAAEC7289C902F0EC4A
:10E46000ADB59AB3AECB00DF9197ADA8CB89279C11
:10E470001293DD93914B34F70067C27DD5E1F5AB84
:10E48000ADFEE1E8C42BE86C9E0395E68100000830
:10E490001C8F482098D124600A94C3B4F920FAF460
:10E4A0004A9031A0C13223EE936BDA02949B280785
:10E4B0004BEB5BF086F168E056A0799BFA3CEA9959
:10E4C000815DE4DA4EDBA9D799D22DCF4B816C95D3
:10E4D000783159F008DF710561AB51BE4E5CB93738
:10E4E000E65F1AFE165BE5063064979C1CF54F5AF2
:10E4F0003149B7507642740E199956EC0560AC0854
:10E5000024DBBF5BFE2B0FD476A393816EB0F62F76
:10E510009F139D7778E381A2C97C9159D95261A953
:10E52000E38A5FF40E66B8976EFC096786A1989936
:10E5300056CCB2407F2C4CC9A59C0B6095C328CD0E
:10E5400029DA06B62EACAA4E3772FCA9CE16AF2F2A
:10E55000E336BEDE666CAD8B5CD914F7CD5C62E54C
:10E56000B968BF5C5F4B3F05099C9BFF28622BD2BB
:10E57000F1F5F0149DD1C222CDBE09963262CE785B
:10E58000EA32B5CE1254B634E2C86774ADDAD4C2FA
:10E59000379FF45AB21F39C3930FBF2DBCD21661F7
:10E5A000E08FAFA95BC0C96C3464AD9AF5DA28C2BC
:10E5B000C6E530105EEDA8CD02311040B6CD048323
:10E5C000003472F784819ADF9CBFB67ABC31208612
:10E5D000518FB412A459DE44FDDD826C83A53E3414
:10E5E000B92B3EAB45E4CBBF0E36E76CF048D742C3
:10E5F000E539C625BD9A7EDEE0A320FB4DA2B7E239
:10E60000C8E5AE4FC970ECD8D499699883BD9084A1
:10E61000C17148C12FAF27E31BC0EB55FBFE736FE1
:10E62000A59DA17310815E49587D06AAFB429A11EF
:10E63000FAD83108FBB04928C328833ABE9C22DBB4
:10E64000F06F8D65B8629754704EF0F161F7AD5B75
:10E65000C6B1F19FF0607A2A0C6FD6B2A66232C3BF
:10E660004077CF703BDC958F123F401A64DCB2F1EB
:10E6700089E3C36422A4B7E0C6AD5081483C8FF85B
:10E68000B1F6322B000A22837AB506B7E71B1F4F7B
:10E69000D2413C27A4E372B38A5AC2CED68963A57D
:10E6A0008A3BBF43037269D27A6CDDB569522B2570
:10E6B00043FAFFD9C28722A484D09EADAF41FC09A2
:10E6C00034342BC671E358A5DFFB15361125DA88E3
:10E6D000118BC4897CCF703F2CF366737F7F6DAA4A
:10E6E0002F19C9BB0AEE486F551CEB8ED741A9B351
:10E6F000EA647E7D44E1341F39C713E254DE64E5E9
:10E7000019B5964AF27AEE4184421E5D86090946A1
:10E71000071C24C47CEFB42400B98B88DB0925D501
:10E720001BB365A09A9141C7EBCCC1083B18D5E457
:10E73000C432B39817641BDF7A3E53F16B0F56C691
:10E740003875C12EC27480FC8E009F319B6CB8E47A
:10E7500044661C92A116435ECD6366F26DF13917D3
:10E76000BE2A7F8C8F6AA1E6F238D41DE9D3E52753
:10E77000F3BBA4D4179AE4CFD33C20C76A081893FC
:10E7800095149B0E74A7ACF8992ADE98BB046154CB
:10E79000A57E9162C56D3B181AB030417E6C6A410E
:10E7A000B2E693732FA60AFA3E864DD58C90C9D651
:10E7B00082A38341D05016BA8DD124ACC02C83B82B
:10E7C000B519482669480A298B0BB840382FB67806
:10E7D00047D992FFEB0D3AE5F6AB21B803E35B5C5A
:10E7E000187DE2AEB871A90CA0D5455BD70650D90B
:10E7F000943C8A6D70FD5932FED79E3BB8827F0EE5
:10E800005EE2E0FFD7B1B2F0AF6041E583C2225EC5
:10E810002405DCFDF830D7438107A4D5C5AF80EED1
:10E82000BB8222EBCB33ACF9593A54D9A9EB9A0508
:10E83000915AC29F507B170466F46F31FAEC2EA6F2
:10E84000F4AA83524A297C678BB728FFC99DAE6E14
:10E850008296C73485A3190E3A7ABB1D906D8F2C12
:10E860007C95A6B2D253E435894DE8887A539C331F
:10E87000FDD2668B0E6FB83074D793826EE6F88443
:10E880000691312A51836BB4641CA9424449258402
:10E89000C9E1E69389A1214BD9DB97CD88BBFE77EF
:10E8A0009A38DAFA918C5C7A49AF892C947EB9A5B2
:10E8B0007A56C13D89B7EC6F1B2FF9F2890E54C10E
:10E8C000CDD7327C000ABFF1D45F1FD22B4B17EAA1
:10E8D0001C07404929B0155FCB3118C6535714980F
:10E8E0005E0C22D00A4DEABC74BAFC6E08896DEA4F
:10E8F00043F38279127DB2FDC99C1D65649FC99462
:10E900003179823CD2CC91687D5D45AB032E49576D
:10E9100079CBCB0BF679818472FA50B16E81573383
:10E920000A980B58F61D8F301E8081603A2FB76110
:10E930008769206058FE5FAEF4F647B60525BAF841
:10E94000C8F3A74F3CD2F56DAE65A39BA4D1E3FC01
:10E95000CB90F7C071550E9DECBB6D1DC80DBE9DD3
:10E960006BFA70DF7A49EEC3D7E736F7A8BA08D852
:10E97000BCF012DD137C00EF64B449868040E17383
:10E98000AD90AE5620FFB35354B69BA0D4CC709D2F
:10E990004A73153AE24FD0FFC6F4A1A1CC2A3F68D2
:10E9A000027F85138720967C4A583C943FAB880FA2
:10E9B0002184D27DC0DBFE83A33D6665AB0C47A1FD
:10E9C0005DBFB3C27C115CEA190E91BBFDC24FA7BB
:10E9D000C89486A9A545914F9FB535527731C29508
:10E9E0009082C76D2522F8E804C6512A46679C63C9
:10E9F00088A6BFAB3F3FB0A851AE9DB9695A898286
:10EA0000D70C2530DB589F3F989EB5CD2C930AFF3D
:10EA10007504FF527807476A4C711ED9F56E1AF1DA
:10EA20003F07B1750AB4E571D1F2BD22802D3FA830
:10EA3000C60E26D4F37169651B98C89DA5CC00E568
:10EA40000D2D44FF67DD721E8BBBE8EEACCFCE0D03
:10EA5000CDB38386352359276C3406DBE730C26794
:10EA6000DAE9AFAB0AB373444DF23F24EFA4333E6F
:10EA700071F4543D4F91F6EE7747D35DBDBB182A34
:10EA8000FFCD65B30F9616E4D7CE1FC37DDD213EC3
:10EA9000EC17195DADE5374C03BF9E7622754BB878
:10EAA000003B58A50CF40BC0ECF480D085B9AEA0A7
:10EAB000509DF5B072FB073A0270DEDF34D30CEEE6
:10EAC0000FE4BAB9741779A3F917FAC69AFFF9E3F4
:10EAD000590AA37A1C3A9C99491BA42E0C5C5A6CC7
:10EAE000E88E332F8BBCD2079375A3C51D06FC2778
:10EAF0009CFF5B6DA9CC5255ACEC737FC600D8036C
:10EB0000F9CE4F9308CD6FC970C64E29D354F98EF4
:10EB10000811F7DCF7BAEBD9C617346ADB57D9D33B
:10EB20009F3F7216E9E598098FB787317694FE2FDB
:10EB3000214216BC4E1C231AD49CFCF488C62639EC
:10EB40008D9776FC5BC93396959A9A25D830D96B08
:10EB50008F46B9076B0435B44DD201C1E0E77E2D75
:10EB60007FDD591323BF213610A2E99FD9E104FEAE
:10EB70005C315648BADC93A6C33848F3FECD435106
:10EB80006D5171B50050B740DA0187B8A0A5416C4E
:10EB9000FD4DC2342AD32242EA980CCFC6C664D0B7
:10EBA00067888CF4DAEC1ABEABF606864AA9680DC3
:10EBB0009262D68FB6BA48514BA3422BC4526472AC
:10EBC0004FECDC5B7B749CD143C7F7E97C5DDE36A0
:10EBD000151A567B504BB707548691A3E8A174F7DA
:10EBE000F09525654603BDC9EC3C854DF09D7D66DD
:10EBF00038EAAFA70FF1A1687B4581CEDFDE8C90AC
:10EC0000513437DE5D06FA9AFC6534EBB1A6D1A02B
:10EC1000FD36A2240349667ACA64D1BEFD21B6F34B
:10EC2000CB8B9FD264D2A5D4DA363B773E334AA34E
:10EC300018028DE27490931895F171AF3CA7E60429
:10EC40000D4BFDF61DC096446E1C06DC90DEBBAD80
:10EC5000DBFFD6B1A52448FAC978F5BBEFDDEF6B31
:10EC600013FBD96E14A80C3CA5AF49CB29E8339807
:10EC7000F267A736DE515DB2D874DE94589DACAB16
:10EC8000F830DE4A4F6D6E4F231480317F001ACA70
:10EC9000D60E96B86BCFB1AE0780C524FA16C00E5B
:10ECA0008ABD07E6EC55237D61799E945C7888E304
:10ECB0000B37E16495E50FACFD74296DA741925ABD
:10ECC00043919EF8654C5E57D9032D6CA36A92213F
:10ECD000223AE75333C896317AFB02B3F2F26E6AF6
:10ECE0001B39259A10A53FF0B611077C00B0F60538
:10ECF0005A9FFA5D7E5809E9178EC0D2003FE1564F
:10ED000039C59CB920B87A4D09AF2E97935288899E
:10ED1000F4EC1277A5653FE133624FC774722DD9C9
:10ED200066609330B5F94437C5390BF99FEF1E98EB
:10ED3000C7BAF9EF5E6956C18512210F8B4E7FC3AA
:10ED4000AE48F18F2513820EBBE88B4F7F026B2AF2
:10ED5000643BBFF9B1C5EF1864207E419F59BD1FC8
:10ED60006D133743BF5509CD9A7C4B4D0E167FB0BE
:10ED7000E15BD33A24DE60878B2FED7BFD4817786B
:10ED80008CD7795C04465B0FE721AF458551DED314
:10ED9000B53FDEE9FFA9F04C88C2A5466F086114B3
:10EDA000592593D6EA550792EE697ED4CAD2CA7F16
:10EDB000A95D03F5A04FC31D15A1B3E287D50629B0
:10EDC000A32A74520F9D5FDE956AD83697FF846937
:10EDD0005DBA9B7C4B8EA720929073B83C6EBEE1CF
:10EDE0007CA33670C5EFA351D3C6CAD8DBABFBE713
:10EDF000D6B9847B3FED20A31421ACF0F8D9519112
:10EE0000494F2ABE2DF0F84BF7B36BB726E88FAD0C
:10EE100096DC0E9719F878D35DF6CDA9DA93B1C6D2
:10EE2000919A5FF4E594BE80727D08262AA8C3C437
:10EE3000F9BBF91F8A155C5709CF037FE969FD2AE1
:10EE40008DF5CF5101D6A15667E0CA9A0BDFEDF8D8
:10EE5000CCB2E11C72AAD307E121BA65048FAC0BD6
:10EE600041C1EA486C1ADC4EA7AE09502C6DCE08A1
:10EE7000FF723EC0283DAF6A0186CFF671FB31D3E9
:10EE8000E712FD9AA5B3C27112896159B37F4A6C2A
:10EE9000B8BC81958EA5E412C706661918F8B1783A
:10EEA0008C330D2DEDB99402558FFB41C95778F67F
:10EEB0001873DF8401978287DAA8F967809C0FAA0C
:10EEC000095B433B20A5906775D49C991E4C4482F6
:10EED0006249BFA0B0ED5ECEB88D4A34D832642905
:10EEE000149C23FEE863A74C4228B6BB14358AC2A3
:10EEF00043E4C55D1B07AD4DB99899AD0B085F7034
:10EF0000F8A3CD064BF124237158FBBDAC9A8CA815
:10EF1000C6A03AFAD0B1076A121E8EF736081BA9AE
:10EF2000A048884E5753AF59DC1407DFEF0137D99B
:10EF30009C2C0BF40483DECC5C1EA5ADD4438B4C1F
:10EF400001916B123C02B2EC1B5DDAD6A744CB38C0
:10EF5000F5DD0008EE22CAC86F6B6472017EA665FB
:10EF6000AEA0A89337A74DF128655A73CDC847576F
:10EF7000DA57FB1E792D5F17565BC3609A1CE6FCBF
:10EF8000AB559EFA0FC2B07982380B95F24629B67E
:10EF900081769C23FFE40C0C5B8E5C827CE1B54B9C
:10EFA000F8BA7F6D66FFD36D6AE895691DD8405A3F
:10EFB000DFA28D84C7DB9CC8D70D715F28D797AAC5
:10EFC00092F5A7385B5365C4DD0E166B3D003FA874
:10EFD000E0223F57E3D72D483B798BE2E4701E5780
:10EFE000A31346BC1515AED6B06B8BF689809F4730
:10EFF000A6A11466592215BF4875A9E4CB799D9145
:10F00000D76E776205DE6C06C45135A0BE346CB293
:10F01000CB77CB120D3D50A9E017E98FB3B7347110
:10F020005A019578212A92E845B357FA3CB5949253
:10F03000DD165A7F28F046351ED0EB3C3D0AFCEB2E
:10F040002D006843C511567926644DCF341C1BCE64
:10F05000CD6A8B24510CF3D0C34E45BA98A2DD1B68
:10F060001A99B7FD5A026C31924413523EF8D8FAFD
:10F07000242BFB13ADA517FFEC70B1372874E76D97
:10F08000844BF5F12C0CE6C72BCABFEF54AC168DA0
:10F0900049C1DF83A8FB6A6066609B924D6FBEE941
:10F0A000DEF546222798D6B3E9205E64426B832EB4
:10F0B000FC76CE09DAD3B1CC69E4E959F33E2F826C
:10F0C000C2AFE651B470459219B58CCC081D5FF201
:10F0D0005DA7E5BC8297D553B2D40E7C4A6CBC4286
:10F0E00058EF04036B707F841D36B397D2EBD9CEF3
:10F0F000E657C1D34BF23D79E83A0EBCF75CD940F4
:10F100006CC021C2B6BDE1252717991CAFE1BAA298
:10F110003C6481B2971767C6072122A2EEF21C4316
:10F1200091F2EC8E947F83F1AE889A832F05AFF134
:10F130008BC4CCD6DBAE318870665814B1DE626108
:10F1400066B597B54302C21477E0A35FC58CB340A0
:10F15000B77B13DEE4D0F7EE25018DCA7C0D576E28
:10F160005371AA9F6A52682464DF5AEF92368BFB70
:10F170001436EC4AD86EBD6131EA77D15F3F700436
:10F18000BBC133F1F1F7EE5D0CE5EB01339110D02B
:10F19000186AF4DD0025A78ECE843FA52647FA34F1
:10F1A000365F7A8595405E66488AAAA1B2BD7B49E2
:10F1B00028733F30B93DC33D15EEE31A8AA41A8087
:10F1C0004E8E0809DC41DD2285BFFB70DD73E37ED6
:10F1D000DE308D77C97A46668A596C156F0F0973D0
:10F1E000626E869D9D6B22FA63F8D3FF4F116122F8
:10F1F000AAE87D2E55EE9A339CCF87D9602D4A9987
:10F200006F1D3DCF89E00CC03BE57F1690CCCE99B9
:10F210006A678BF9E025958545192D40A8CCD0412A
:10F220009B6679F6EF857E420461E69F5BB9D3A8C1
:10F230000ADF10B28C4DC0F6A30F7333DDC7A38A6B
:10F240008EC50EBEDB10813950018B7D8EB8E7E094
:10F25000AC1FDB991DBF1D702E0C7267F933A6DF42
:10F26000AD36FCFA95A0044F3BE6903D1AD8983095
:10F27000A929DFBDF8CD1F2A24BF2DA37DF7A158F2
:10F280000B852950EA5702C3003629B2F5935C8CEE
:10F29000E745602130C328AB8D6F97508158C26914
:10F2A000837839498F551B78875FCD1E1AFDF86A20
:10F2B00046F3A4DD406209124B81104451BF94E82B
:10F2C000428DA68789D6ED21C67850DC5F2A93F659
:10F2D000EABBA34A30226CC0808611FCE6069DF989
:10F2E0003DCCCF85A3FF741385DEB34AC1E6772BEF
:10F2F000BF56C79FF5FF077467B834FE37B0890C57
:10F300000350B27BD042B249C75CF60A1A03936538
:10F31000991BB9B789CE5DAA316E07E030DFDC47B3
:10F32000E21528FEA3EF0812E350B2189931727D5E
:10F3300022566F625A9BEFAC3CF36BB75D79AC6FB2
:10F340005B64CBCCC4B70680F2B90CFA5B112354D2
:10F35000E8C7AECE27794AE6A90EE714C89E539AAD
:10F36000485DDF4AC1F84064F974E3F27B8AC21D4C
:10F37000236522A257CA9C038111FD58913E90CE6D
:10F38000A6358033487A01FAFE7C5F5B2C23E9B115
:10F39000480C37083C95A3D937468CFBF268D6D386
:10F3A000AE2CFDB236C960283DBE4119BF219EBFBB
:10F3B000109D3C2666096D1469EA843E9EE750F56F
:10F3C000999AE2596A02E09DDE19558CF5C0B81A87
:10F3D000E1F7DDD6BFCF949B1A560612DF7438A929
:10F3E0000CB897F6F786618AC521C11504B6E532D7
:10F3F00086E05B92B25AB8B5D8DFD0806FA4E2EF56
:10F40000963B546D963E6F237D5A7EF9859F2F0A59
:10F410000378F97021392E50EB02D14975B4396760
:10F420004E4C0A0C83651907F7FC0C07DBA964191D
:10F43000E9DBE17181DB2347B3D9739AC303038905
:10F44000A9C56207523CC637038D2299596EF29CBA
:10F450004F1C666042E6FEB0C2B41EFE0531B3D951
:10F4600070953133F0BB1A7A322CB4DC8C11B3CEE8
:10F47000B16DE6068C31A8003919DAE7A5B9981BF9
:10F480009E73231D113799AE56E1ECEFDA00C4F8F4
:10F49000BBB98486AECFA21D2EEC6F08AB9489B9A0
:10F4A000BBFA72AEE91A12A15E01942588E627D64E
:10F4B0005C1DBB155A1BA4864D467E50D222BE1041
:10F4C000ADFC2BBA7731930630E2B5DC3CEE8F0110
:10F4D0008BD07C9201D16402E970D0F6604A108131
:10F4E0007BFD963C3F8005A5040BA421D6B03035AA
:10F4F000CA48DCEF3E6639C18755C13CB9A07509E1
:10F500000AA1EF467153369CC78B814DCA7F3FDEFF
:10F510004112A5E5B30581A92F1C4ABA395AAFB8E3
:10F52000C5B2683004EF35F257B9DF3F8D4DF3B700
:10F530001869A89E7E340665F7716EEFE718EE79BC
:10F54000400D8FE4F63F6A43EE785FFA0C8668A1BF
:10F55000EB19F68053616DCC26B13BDB835D0B0765
:10F560000AB9AEEA7287684A38499821DFD9C6E4F9
:10F57000F7D7A2E343B8118813DC2AC2A760CE05EF
:10F5800088FE48A692501F2460CA2C5F32FE15A345
:10F59000CDBC67B51CCA74C86BE121D74E2E754629
:10F5A00097ED2DD58AEC1499FABF78C5014124D87E
:10F5B000941EFF685DB66B339AA3C0F72BB54AEF74
:10F5C0002E3924E43AA38A350C97974A8D4254F198
:10F5D000F3674E8481D2E386846104E68ECDA39ED8
:10F5E0004924CBF4B2C9DB7838A692218DB408182F
:10F5F000FFB4BAEB06C7AB48C5C2AF7B1C02882E6E
:10F60000E8214709F850756BC96A5CF4D53344F2B8
:10F61000855E7A89AD555EB919359B0D5DA8D44DCF
:10F62000EF06500903EE0C5D99BED583E96E6C0DB3
:10F63000BFBA93F936DDD698F5061E67BA93BDE9D1
:10F64000A3958BFFBB3C95EAACE6D6EBA3EE067E1A
:10F65000F6D8E3817F6F3CF0AC6D8A4C81D53BB529
:10F66000CE6DA0305C998C09FE1D18C8C0B0164440
:10F670008C02F3A212FC3619A305DEAB7B2A543CA4
:10F68000C217523CBC3A7BC7CF3FFB645FC684A71E
:10F690006CB740B8690410FE8F9C2B1B5DAC26B87C
:10F6A000B79CF107E63154E9DAE664E64AB3CE22C4
:10F6B0000D0C52F4889385E5F159C440BA66A4EF65
:10F6C00054196ADA221DD693811FB773BA3BA1E69B
:10F6D000626D64CC9318BCE6A5D0D2DFB15E0A1A85
:10F6E0007D92ECD80FE737F71F6DD424EB773F24DA
:10F6F0001566835B0F28AD1AD9EF99BFC9DE188F45
:10F7000021D0F431694131AE23089BDCF34E9D904A
:10F7100023D076BB798078B5D5DF436C3412B482C0
:10F72000F3812C46237139841B4529044E61D1791C
:10F73000115E59F2A615F47C82BCE0BFB29670C58A
:10F740000FD73FEA153A9849BB08DD0C22600F98A5
:10F75000B7F51A1F8432907ACB595B0528BB1AD5AE
:10F76000E5B7516BE0C5F50E34EF6AEE4FBCC3EA66
:10F770008D594325BCEE8B5B21ECA837AE0CB382D0
:10F780003139FCA9DF27615FA12FD13F50FD3B9D9F
:10F79000C6DA2BA522B26035459A723424FBE40008
:10F7A000542FD8D072BD7B1B12D8331E717D7D695A
:10F7B00059D0FA85EF48F9B5D27365DEDC5A1EB22E
:10F7C00000F68A434E93B62360F5E70E55D5E470F4
:10F7D000B1807B5708E96144FC1C08293B91053D39
:10F7E0004F0260E488BDECB23DEFC1BC1368405CE1
:10F7F0003A2206795EF7466F8BCB6661ED3705DC02
:10F80000BE240A5F6D9AF2387F9DCC47852EF1B2F7
:10F81000A53469D4D08177920769A922AC01652DFE
:10F82000792C362B41814910F127A26BE013BC677C
:10F83000F7563013B5A017FEFD6B0D652C435670BF
:10F8400018721022E4BE2112E62DC8D9963E3894D3
:10F85000F2AE5EE89BFCC4F720BB950AA9BFE28626
:10F86000F213E0DD7A80DD93C36F906CA8DFE2CD08
:10F87000A5CD057F331C8A00C948D8EAFEFACC25FD
:10F8800042BD79E3F1B571D2687390433A9DC4E605
:10F89000C3E872F1078B0FF2ADB3871B3FC4158924
:10F8A00007E1A417BF4BBCD1A070B9E801459D5832
:10F8B0006C6A205A8D3736CE8C7075B0ED49A6D063
:10F8C000D73B11FE3A0928BA0C3D09959956883F55
:10F8D0007EB8398F9676CC43CC03B344AC3689A638
:10F8E000B83B12C952F74293ECE8E778CE76292369
:10F8F000C7C6DF3DBDCC02366200018D5363DA9F7F
:10F900009C32B336EA3BCA5FD61250EDE84BE17148
:10F91000F1BE6AD5E519C1BC2C5964464BE07BC1E8
:10F92000F70B4145B607454D1C90333C52920AA453
:10F93000B3D36F1DE3ED0BE6C44CCF5BBEBE2A789C
:10F94000D6E5B226429CCC4D73CBE9CC1C2D88ADBC
:10F95000289FD26DBA3587A35CA10B1E0A36227C84
:10F960009A447C8F4521F2172B8EFE1C48C6B1A508
:10F970002EF193552E57C0EAF7D5004C97F20CF9AB
:10F980001BE0342D9A9CB2628F9B721B99FE6423FC
:10F99000FCEAC4BEB2D57D06FB4896E1B7ABF0EDFC
:10F9A00086213DCFC191BB85F1FC7E1057A5C9D7FB
:10F9B000FECC4F8E86146660A78B1E9F822AC37072
:10F9C000B50581326180B17AFD45B9E1542B4978A2
:10F9D00043A94CD02344FF63F2DA6CCAEF14A805A4
:10F9E000EB04E1A1450069868B8FEB5E4DE3607807
:10F9F00001DE48510A079620C1A0A45F6FA8EA92D1
:10FA0000DFBB9C46EF512BC2D58B0E2C80A86BD947
:10FA10006A072B8C953499CADD8FA0404087D9386E
:10FA2000673A34FDA566A12E602BFE8C2712536B1E
:10FA3000C4DAFA9E3D0ADF344B226648E51B0142D8
:10FA40001969AA91F9774F3C4A4335E89AD019BC15
:10FA5000FC1F7472BA49DBE42873107BE2A1516980
:10FA6000F6CC48ED0BA184C45B58B30D1F1C15E800
:10FA7000BEE3EC5F2854783D2C59D0DC0ACD622AD5
:10FA80006B8E65A8A9FCF6367F4E17862D9B42D259
:10FA90009613732DB4B8F70AE18612DD8EFF5FFC72
:10FAA0008562BE8C743DE9027001E6A58BE3612698
:10FAB0005328830520D1921E50EE677FBB759A2193
:10FAC0004CF41A9D79E2DD705A4D0FB04F9B2EEF2A
:10FAD00097DE1048116CC32EF6979B31C804D09D59
:10FAE00004687E4A69FE37D674D11FF186C0D230D1
:10FAF0001A4BFB92E9878D150012AD83AD71F205AB
:10FB0000BE553B06A504B258E18A379CEBFC48E59C
:10FB10000665B1E754699F39C79466FCED5F4105FE
:10FB20000A031AEE1855F81C4CF4ED12200B62EB88
:10FB3000250AB3EDC683629BEFBA51DB5E3664499A
:10FB4000D9B06DF25E116FE939D088F8FFD22CC5BB
:10FB5000A70E77521E149B44D766EBA3D8264B37CB
:10FB600056C5F6842BA2D61F409E2B002A4893C36D
:10FB700052BAA3C8B1A16591E8D4A1049B00A9D150
:10FB800091032F4A9B7FE6A882382227D3CAD0FF51
:10FB9000140E1DEC30315EBBCAD104DC6C75160F3F
:10FBA000F696457F849EE4E7688145E63264194510
:10FBB000FB8409554CC40AF03F89E99BFE568B42F1
:10FBC000D46162C5BCD9F53A5B8292455456B9926C
:10FBD00004AEA3610041CA8B486CC1241D05C4E377
:10FBE000B173B23730666C79E0AF6F8087FE5DF538
:10FBF000B9C14429FB105E5F06C3427D7BD435E961
:10FC0000133F15E9D852B82B628704411F718574E0
:10FC10007645C8A224BA1B58CA38ED216E40286523
:10FC20003314E716FCD01945A4DAC86E2CB40AEEDA
:10FC3000A6A2C0FA05CBD1CDBA409759F8EC6C9585
:10FC4000E5C08F2ED5B3F1C226774892950C3E9D24
:10FC50009E6C3762BB8348A479D042972A98AF2A1A
:10FC60009941858CE44EE6BC096F92CAF43A40BAD9
:10FC7000C4DA459388E008300006B633465D235F5A
:10FC800037950E4CE3DA764577898AF1047DDD6D90
:10FC9000E749D5C6E2B910ED59C6705B3A0185D87F
:10FCA0009EABB68426E10DDBB5C5BE8A07049E2057
:10FCB000A3F3D8FD286447CAB74AB53A4912FE32C1
:10FCC0008D3464147605A92C11A9460696DE1FC949
:10FCD000617AC2A390887E1984344E55C9859A6F83
:10FCE00046938B6B947DE9CA37DA0936EB52FEAB4B
:10FCF000F12F384007E00CA9CF28D16E14B6A39D90
:10FD000070A2E931D89279F5BD53B01473ACE520F7
:10FD10009350887BC9479498F0589832877BF48C2D
:10FD20002D89DEB1A37882ADD335B335E890C71401
:10FD3000498340462E71CCE261AE0842EECC717927
:10FD400078E3E2E97F059548E852E29E6DECEEFF2C
:10FD5000E70017B0EED667F391B2E8CE804A259C53
:10FD6000976CB262EC84113A817991D39596FD1427
:10FD7000831F38F2BA358BDB5E645D591E0E41413C
:10FD8000699615AB4CA65829BB304AC655AD761FAF
:10FD9000BFB4A9A1063AE19539128673BCED277567
:10FDA0007D024B2A9571D8AC97772D3677CF14C941
:10FDB00071D4C9B0730C890D139AD635C61C52F88C
:10FDC000C37855448FFDCA47190C7D56B1EC2359B1
:10FDD000C18A2BE4A9A6BC061BA76E68198063DA4A
:10FDE0009338A47B4B6BBB6F0FF12524D6B5FD3048
:10FDF0006A2FFC86990E61A11E09D08B9E617992B3
:10FE00003E8EDEA452F6625B5C9787B8FEB5A3A770
:10FE1000FF64355A4691CC7EEF70E6412B4DBCD342
:10FE2000143D73C086AF8C955440D80CEA4E6AAD31
:10FE3000BE42C19DEB97CA3C0390BA88A93A80A5FF
:10FE40009C06D57C0CE79FB3EEB9C8CD7CC817845F
:10FE5000EAC6B2B3D4E191DB3964F6F799E25E0108
:10FE600022B5C596D16458A04ACD61A93B1F172C75
:10FE7000231A77EFFBFA36748FA62689992E3FCE88
:10FE8000D1C539804EF3D0186A2314A338542D3FBE
:10FE900027972DA5BFAD7232173E9996B7748ED4B1
:10FEA0007198211D2CDB9C1F6D461787EEBDCCA6DB
:10FEB000999878B94D72D02C9F2D04DDB78552B634
:10FEC000798BEA8AD3EC5DDF3870DC07C0BA9F68B3
:10FED00066F5A46254D3B0EDF528E61ADB208E84D3
:10FEE000A101A756C068F8281D815B6AA0E81D978C
:10FEF00081727DF59E23ABC8720DD11B741444A989
:10FF000078341388B177C335C0BE0EFAD35C2E792E
:10FF100027A55735988E27BDC306D8A4EE004CDD23
:10FF200060D4F074B92E6308A80547062D9023F716
:10FF30001967DAF485CD09D3A2BDDD804A3D921858
:10FF400043A377FF26FF639B0C2E0F4FB270F5E2A1
:10FF500088AEB509F02C383C702A79AC15A48A50CB
:10FF6000A887930B0491BEFB0C5F744F99F087BA7E
:10FF7000A1350BEFA09F5D909F82E537E62F3D27CF
:10FF80005D7C9A1E9527B45B8A035A0FE1DC5CE521
:10FF900088400692FC2519296DD0DF89BC6278471C
:10FFA00059741D22B6850A26F70C96DC6F212A1D8E
:10FFB000366FD6A99B7789F39633AE794CC2A50DDF
:10FFC00073D24BE1FAE3302BFD9CEA7212DE71062C
:10FFD00047D85CDB55DE224982F43419600CEA32E2
:10FFE0002128E93A65A106239A4E534F5022A8A72B
:10FFF000216E2B1BB3BA3C2337E4393DBA168E72FF
:02000004003FBB
:10000000C7AB2214257994D6D8880110C59DC54E5A
:100010004607C87B14304DE59B4D7CF4C89A2C0AEA
:10002000CCE2AA6C640DD223F8AEC91E5675BA1F75
:1000300091C15F3A9FE7CE49B2861465DA0B8757C4
:10004000661730EE36C95757A4538AC6A9536514AC
:10005000465D5E9ACB969D39A192220164C1B2277A
:10006000039C4EA8C8EA316CC24FE0BC1A2B84FA3C
:10007000829B2BF297A8518345AF067AE73734EF7E
:10008000D8C6402A0DB31C6FBEDEA679D04FC1A9D9
:10009000D97517DC8DCF69849CE0A25FFA02CA7A19
:1000A00009DF04647066E2477F5E28A8C832939631
:1000B000E8CE86F0E3FFF067C18CD9C3DD252816B2
:1000C000772CA855DE3808A064E988509EA1D7593E
:1000D0003C3E621635CB6FF87A464D512CE7BEC9CF
:1000E000B03A042079ACBDC0CEDF35F9FD206737CA
:1000F00022D8DA00EF05602178ED0CFA685723A4C6
:1001000017356E5A5211D6152CFE7F5F8CF40823DA
:10011000084BAA2E1FE8954DBA56BD45D307C056C9
:100120002AC4AF2A98A68E6196F22B120788587BB4
:100130008E2E19285EB186554D8A780E31FACD156E
:10014000F4F8CA4584F5D5D79D0598B3281FEA620F
:10015000EFDB74C75AA8FEC1B66AB599D34B2055D8
:100160009C19B20E9CDE342372576E0935677A995A
:10017000830CE07243CA4C6A7BCA098E5D084BF05F
:1001800070CC376DA7F564238B7D818253742A78F8
:10019000DBBBD0EAC68A859571E868E5B9FE7BE3EA
:1001A000ED4BAED0F103260EBF925A87D662834440
:1001B000850D621235E9792C25D2AC7D98278BEB21
:1001C000D9D4474D55FB17BC18BF35DB620E624BC7
:1001D0009489C285D4519CAE9EF3999C1D20D5D3A1
:1001E0003B97D5EAD963E2A39DA5C618B361748C89
:1001F000C80058881B0D5E5E4B314B02B210A91728
:10020000D30543AC5572C1F2808A28F4F90892A74D
:10021000CFBC3BB1841B0B6B1504EADC53BF0C88CD
:10022000209740722F20AC3CA60D09722D2FE35869
:10023000799FD07AF73A17200E1085DC7FE149B01C
:100240007135E14E6A1E4DFB9DB29E18CD27833657
:100250001B13EFFF64425CABEA2C71C3F208EAEBBC
:10026000C10BD3C264F5A5ADF3F131D693BE724D87
:10027000F96AEA52250D2007FF931E53988203E77F
:10028000ADD4007F45363B4AE0DCFE07C22D3E2F51
:100290009E735FEC5B5218FFDBCA4658E11B08BB3C
:1002A0008359F6FC0907358DBF25400178B01E9CA7
:1002B000605573FD8223A02DA66609D228295E3FD2
:1002C0006C7F1CA1AC4C74338FBE8DF6603ACB1999
:1002D000842403CF6F7AF2F8093AB82F6A0346A450
:1002E0007F72C7DE77D3C76797E327175B8D7B22C3
:1002F000119B309006DA5864D97FC5A77D7FC3ABC8
:10030000526FE7E73F6906863FC5E857C444993511
:10031000104308CC794A8441E4EA31DAFCCBA6D513
:10032000F4782219EB3C9AA765FF1A3ECEE7B05746
:100330003E73B012F286FF95BB9F7CB44748594983
:10034000685CF42051861C81CE4B088E80A877AD66
:10035000A616D569698FB47D15BAF96BDCD8056628
:10036000A488B110FA97971F2E457EC56B3D344F78
:100370002284C9F131C463CD0886F882A769FC28BC
:10038000E324034C840F25AFD8C0C705E67C268143
:100390006AC84D9FF30BC3DD0D439DBECBE3894E71
:1003A000758C40CD27FD718D7D0F9A10BD93177A06
:1003B0001B8C87DAB820391A7D19F85CA87C7B0B76
:1003C000FDD5DAF9DDC4119E14791911619AE85C42
:1003D00006EEE7714A470BB6EF2803BFA5FBBD3A0F
:1003E00054DD466376594468D85627D6BF1659BFA0
:1003F000B1E93AA8B35B085F2147B206FDF5C90E23
:100400002705C75F4D3A9003F328D5A28B3EF8CF5E
:100410003E4D79172AF87E7FE383DD0DD9BB29167F
:100420004925F54869ECC123A4B3708F5B83CB7376
:1004300041D2844C17992FA82F7F5F0A870B60EB5E
:10044000DFF8DC823A0889007B61B30E1665FDE2B5
:100450008AE19EDA228D683813035AB78420544B00
:10046000D458CAC0EA031B7B490C5FE420E4B0B255
:10047000BAB434C8F9FE81327F32A7E90B41D219F0
:100480006FDD0A326497DD8A22A9AE3CE5F1926CF9
:10049000D5563AB71AE52C4A750562B5267D2C5219
:1004A00048AA0251A1FF37C96AC24A946672A0C223
:1004B00077E767824A27F610D3CEA793A6D37014A6
:1004C0005DD8B3BADCF2AE3594D2DBFA5F90FA199C
:1004D000D6C4D29D4328497B88A0F86F233C0DEBFE
:1004E000F4FE48E2814443F98CE16CA323C5DF3D6F
:1004F0009AA5AB0B086BCE80C696B6D068DD99BDC9
:1005000048B8A2B3C0FEDA1987BE8E3495BE7E20ED
:100510003C567E6D6E67805239E81F289B17D66364
:10052000D9D287F87C0C0A61D00E3EDEE491A32478
:10053000FE46BE8EFC2D4E11273A4E671D4947F6EA
:10054000F638B6842C52B179C669E5DA75CD22C980
:10055000C6F1BED9738AF13E0593D2C5B75719319A
:10056000C815CFE2C8257D27E2068A70BA4DC8CFEC
:10057000C7B0F8B1F8333D0FE6A96C6DDF8A7A7524
:10058000668674EBF3BA15B65AEC7777F9BDEC7161
:10059000E03BC17E17D0790CA98DDF9D9B4F27BF13
:1005A000B9FD0E31E7222BC93A916F6A34105E997A
:1005B0000079695039B018CC49824CDAFD8AA239E9
:1005C00093CEF9A1A5EBE06272FE722C6F606927F1
:1005D000D3076477EE8976E24C399618152C237E82
:1005E000AB7088620D019607371914EC9D334E09E4
:1005F000F1AEE5BA32F4F2B4F11185DA2CE44562D9
:1006000054AFD24626BA1038E220A31C11D3893544
:10061000B0DD8B720939016EDB769129DA29E0624F
:1006200067C3176442F40589619EA339FF36E76901
:10063000C4CDCED29C936D37F7CEE24F596F358340
:10064000137DF8FFEBF2F828E7E95E924E4A8AD76D
:10065000EC1EF30C04ABE9DAFF251542B0DC8A7D11
:100660007E247DEE7099636E2303DBE372D1D5DBCC
:100670005CDB196CC93588279058B5C36F17597D55
:1006800047A978A41EDA3F11676A537E9A67AAC306
:100690007058FD57C904C7E4C75D397F3E709C5B45
:1006A0004AAC2107D82CF30A186C72C2FF6B895729
:1006B0004D4F862760B97D3E145587CD01253FFFFC
:1006C00024ED8DCCCFE0D877BD3F3726AF61DA6718
:1006D000F5E13565D77BBE34FCA50376E3FE061451
:1006E000FA3C30B1B6F814B332FBE11A5B56A808F5
:1006F000CE333D81179AF0C68068AF08B43CC8B9C4
:10070000FAF5967BF966319856B62FE3F5F16065F8
:1007100078E84B6698F8F391CD094B6BCA4BCEED58
:100720003B4206A21A1055B936CCB64E4731D3F823
:100730008915ABDCCBB2CBEE6FE6CC0DF82A5608B0
:10074000371BBA43880A54817A7FDE08D4E805D67D
:10075000CC18AF6F185956BE4EC6197DE154882586
:100760002A67C10E87735B2008A71804D4534ACBAD
:10077000359E04DBCEF206AEA203B27FAEC7265F83
:1007800046123A21BD7FD9A4486894FB056310B98D
:10079000FFF722CD2BC5E9D8F677698048EA8D842A
:1007A000BB5DE127B21A658B839805F0A9D6B7DF48
:1007B00078E5A7C386DA8F1D95F833718444A8A81D
:1007C000408294C5CEBDFA546662558CB2E9E0B45D
:1007D000901F9148DE0DBC4A07EF5CA3395D86E7A8
:1007E0005897155D174731644B8B38F50C954E2D96
:1007F00078B3FE330D5ABF7A43265ABC765D216723
:100800000E22B0EC27B2A94D9B55609098A97B9120
:100810003C4E1E6FB3177FE128E875677876D2F2F9
:1008200016B376BB1628B4E051DED9F1B5313702E4
:10083000A6AE5F2A362ADD98DEB297EED51B0A1BDC
:10084000BE99711E24D5DD9B495AF82E962506FACD
:10085000248E1237A13DF960CC7F79834076312810
:10086000F8EE5CE5EB577559A399D6C31E33859E08
:10087000D39E5DEF95DCA6134E8473215FF86795D8
:10088000B64D056D745AD62B31B7636D0D11F282DA
:10089000FF66DC192F76CA005989C0E9446C7009DB
:1008A00084E86E64388066BD1E25659969A4495E3A
:1008B000C7B8779A0E6A0470750BD16AF9D9C6B6B3
:1008C0005EE590699329B814015F49C49901D25833
:1008D000652618B3998F508E91F88E660ACAEAC9B8
:1008E000DEB339178167AF05D00DF3CCF6DB2DA54C
:1008F0006818E5EC5DAC674D3C9B22DED1A8A009F1
:100900001E6A099454BD0E56EF620001CD071D8C7E
:10091000CD62961AD90B2C49516B4F198AFA596C32
:1009200003032C8FB5504EABB552CCF494105F49F5
:10093000D50B94012B6B031B0CB87405891DF6C9EC
:1009400048F48D184F81E749FAF5F1DB2496395DBB
:10095000A7C129CC1A74398BBF453EB2191AC8B544
:10096000ECAE58C0077A1FD1294F2FE202F6CC20F7
:100970002A7E9CD83D6063B71CFD9B805D60E7A12B
:10098000D92756374438CA4200A07D9523B86B5604
:10099000B580C38CD3900690A0BD207DA269026370
:1009A0005AA3068A464B7357D0D1AF38BE1AC9B581
:1009B000E20B8BD2B22F0448FBD0C615B0C1174E44
:1009C0000249FF45576F727AB363FCAE2942BB45BB
:1009D000B89102517FDC6E848C32C97C169C6D12FA
:1009E00021FAD7BCA9D6AC87479666A1C91C0629AF
:1009F000EA83975DFF6B64FC9252EFD8A23FB9CEB9
:100A00000E36C71F5DB430BDFE3083EF5A2A8139E0
:100A1000B91CE999D15F54E543EF44777C46DCF893
:100A2000A831D41602B4560D14E7CC6D73706E95D0
:100A3000DFFA7500833A21574809935B8A8E436336
:100A400066EED40C957C99B72B38468F4E003FE468
:100A5000CC6BD2551BD36BC144F419F242D13E5832
:100A6000E7729F7708D5A677ECFF8DFD826BEEE7E6
:100A70002D22F1A5C592994BC915A7B24134871F04
:100A80005D3127512180E420C8C4C046354C106B2D
:100A9000948DFC72BAD9593C96937CC09811DDE6CE
:100AA000C0F6AE732721E6DE1025BE2B838441E518
:100AB0007AFB616037F6494EFBDDC542A65B33F138
:100AC0004294EB52E73EBEB645A94097707FF819B5
:100AD0004E36D7CAF9AFF97A33A4616F2D4FC4856A
:100AE0006E54EBB625F0F3772FD2FA3838E29370D4
:100AF000780695E478856D263EE77F8F8D421E8FC0
:100B0000F483D70A95E07DE1EE5F853EC6AD566A77
:100B1000541DFFD0CA9131BE5014533D53A40C7ED6
:100B20002938131C86BF7F04B9A33D9047ECB3ABB3
:100B30008F0242AEF5AD67022D47A5B81A7C9E150F
:100B4000D0F86DB0FB04675A518ACDCEE1C419F1DB
:100B50007F8916E53F9CFF60024E69078AFEF5D14A
:100B60008991CDA0D5E2A8D1B0E888D99BBB902FC0
:100B70000FF48A97721BADBD228B4F1894A29ACDA9
:100B8000EF33CE0C8D51CD338FF75F88E44F55692D
:100B90009535F194B120FA0F74D7937A60ABD7DE14
:100BA000ED0AC063B285AE8115D46E640BF770C8D0
:100BB000691F78D15071B26D2F1B14361CDF0D04E4
:100BC0005759CBC3BABDEB1411D3305E91183A74A8
:100BD0001DDE2D61A0AB35313489E1A6C32505A703
:100BE000E151136695461B04224CD0C11C871CB3EF
:100BF000E0AFFDF6F8A61D22B1C19466DAA58AB071
:100C0000D47B0CD1DE28D75EAF3625F10BA4C6FF0E
:100C1000FAB2DFF55F2B240789B5279EDAB9BBD678
:100C200071F1738B3B4557FB24DEB4C7788DA0264A
:100C3000144A763A0C7BE25C909313088A35C09B89
:100C40007C7456B557CB9C81A6E91FF8703D918CFA
:100C5000FF7DC48611A4EB00C3F9932D3D146EDF14
:100C60006E8ED8878F17121C55044DF07EAAE6BDF4
:100C7000A854BCE823FCDAB523D24DB3A020EE6C17
:100C800050370983D6525AA7C5C3C4253591497A2E
:100C900043C6F3A932292780F74ED84658B2ADA0F3
:100CA000AA041393D5E71EF7B8392189E924BEB801
:100CB000EC95E2259EEDFFC795FEE0933312C773D6
:100CC0007526937D55FA6A74B0D86BB785CB34AD71
:100CD00003F4A5A922178EDA93508F332472CD6ABC
:100CE0007844078190C5E670C0DF445347565B687F
:100CF000CAFBBD1CCB397CA98E682A28DC1A935705
:100D000007F5F76621640EABC2D7B118C7153A666E
:100D1000CAC06AE3E6A9FDF906D560C36C804E350A
:100D200046C6954CCAEB3137882534B12600BA0E39
:100D3000E27A0F30AF229662DC957C65CA5B54651F
:100D4000B0C632A18A54E8D55290B4BF1D1951C320
:100D5000DCD368C66396146C1E0192ECC1B74F4792
:100D6000967B8A20975E2782A4906FC2517C0AEFFF
:100D7000D5E21C794B079BA7AD5EC68E7E13B3C52B
:100D8000D4FCF7E83C794983EA666A754D8D19C849
:100D90007284D85E0C0C197896581F42579C2BC948
:100DA000FF0BC6CC2E513125D994739C0F4A734347
:100DB0001D14663BC1080B2E765FB83D83369865DF
:100DC000362B98A4D65C30C44E1C5053A15710EE5D
:100DD000A681037D0EE3A3C1634AB1C3E10221A949
:100DE000F684E1F8F3FCB403486F8F02F7AA38E207
:100DF0006DA25FCB0E2308F2C577D7DD87833B005A
:100E0000049A067795B6D7598035C0F00223A459C5
:100E1000D92DABEA009B33065605AB6004D9A26B13
:100E2000828455E2A5D88C9986C92A3E5572451A06
:100E300057B4884C09214BE898EC7AD03E835C1774
:100E4000B02DFA4DCB9858C3463678D05B7D7E2ABC
:100E5000296C750517141583220D70A9142C3B37C6
:100E60007607C59221C034E165CC9041D7B78ACBD3
:100E70006A6912E19B085D1BC9831E25E4F8336291
:100E80005DD3DDD2F988B1C733B8C6522D748E9EBA
:100E9000C315ADA66F33B15872A3F2B62E17B74B78
:100EA0001D94A32A6BB2980784BCCB1DDDE945CA0B
:100EB000FA464777C9BDF79349A61BF2681CC20BD7
:100EC000E979039F4EF6AC13D077C25655B709DBCC
:100ED00062D0CCCCE794B661BF0A69DF463427B153
:100EE000A5865395C592E831BBF5DE22DE9C3D32E6
:100EF000B363886C2E33FFE543C88A6854CB7F25E3
:100F000012FE8EE7964F28E4A11380A48AADCCD3BD
:100F1000B5E555DC7A058EDB66E7AE24134675E051
:100F20003C932B185324AA5EDE05C5121F8A4F4935
:100F3000614E08CCE9667E83E46D4A80EC4B46D571
:100F4000C70C11B8F29A7D5E95C836231D129332F4
:100F50000CF0F2D18964D8B3266CF5D25057462CE8
:100F600016666769D83C73D848F29731186A8F447F
:100F700055BB8E7F3219BCEE6007A67D354B787667
:100F8000CF67DF1D112578BC94DD25C25052473351
:100F9000AEC5ADE840AD71DFA3309B492DF89F622F
:100FA0004736DCE2C4AD4C2C9A259BF3D05E155637
:100FB000AA0D18CB49448C03C14345DE02CAB9B916
:100FC0003BDF90C5EAF2154444C1AA470C03C29C1A
:100FD000589369361E868F238F945FE9F12EE8407F
:100FE0003FAC0AF651F7E40E1B374FF30F709E54D7
:100FF00046880FD0ABE0A21373573FA97C334E094C
:1010000048D581433E70685254CBAFB45606AE7794
:101010005555D001FB1A656C9FFA6CB7F61AAADF1A
:101020000E7911D773E2D4C6830C400B685F207A27
:10103000453F2BADD1B29A197F7406D98FE556A7DB
:10104000AE0CCA04963AFB3D2C5DD9D91B75DEFB6C
:10105000A8B3BF64F4FD755238218541B65598FB9D
:10106000C043A8B73A6730C641343B03E5DCF551CD
:10107000047C411B1688571D664D8D87EE2224FA8D
:10108000E118893D59393848D935321E198D9E09E4
:101090006325675F7B14FBEB9DE9BAB95DB959180D
:1010A000A79DA5ABA765F224418D414D60E101826A
:1010B000E710BBA4511F7454DA03E8756969E77837
:1010C0007F5988538CDA871791F8D53DA1F42DE22A
:1010D00043833B4005A5F9FE5BD7C293756C31266F
:1010E0008DEF6A0695764A0FDD74E862B8B6063E63
:1010F0007E5E713C3930C6431FDE53E8E561C75A56
:101100007F6CB20A6D065426A35A78807E7CD6D5B1
:101110003C6B6F424198AC589C0970EF34A2C33EBF
:101120003671D0A9A1425CF39A3E892079BF6D56F1
:101130006F90794B22181199256BDE8BE877D7A534
:1011400029AA53D286A37C1FC30B6C6E2E917E7886
:101150004A46386A9118C1BD60DAE05C6CC7741405
:10116000EBC4EF355BE735939DBBE508839F7BF1CF
:10117000505442BA22005F385BA097AD24524D66AE
:1011800079CEFE964F03C901CB664967F077D13C13
:101190007F281C0967BB8EDF92E8C743AF4BE9216C
:1011A000C951380329A07843ED902899A99E104091
:1011B0004AF48B8A4B6B76FC5E80C698066ED6B17D
:1011C000BEEFEFA6C90B253E7B3FAD6F0ADA0A1EC4
:1011D000D23E719BDBA386BE6E6805C0E1A7AFDE81
:1011E00027B534BAFC1C84E2A01E992E1748C9EC1E
:1011F0000FCDA0586137912771E7E24810B1F74B46
:10120000158922A7C0299609E37ABA0ED97F72E818
:101210000A7641F59BDD81F3CB86B337561312393D
:10122000235215C006288DC8FBBE1CC4962647C88D
:10123000F0A1784F926073AD0F7571182B553B6913
:10124000D3B05B9461E0F5B70370B2235AFC71D060
:10125000631E09CF1DBAEBCEF18870510B36EAA0A0
:1012600083A285185C08F74929A5FD2565F21EEEC5
:10127000CF43E69A23BDF490F255F64D2FC92530A1
:10128000F5FE838B295D7A17967671E341FDA3FB0A
:1012900046FA50BAF1751C32F711D0C00C1F8B9270
:1012A00069C146D7C8F0291F1B02C7D45C12055379
:1012B000F286012CD59D27192B2618D36CA495C82E
:1012C000245B791D0DCB8B92EED23013C9C0E4C1E3
:1012D000B86F0F6CDCD50C44A2FECE63A164C0F7DE
:1012E0005747C119459CFB77F9C3A436D80A671E36
:1012F0003DA555422F11B3CDD870470157803CE131
:101300002ADB5E13FF0AACB5E7F314F4BD7AAEB87E
:101310008221D94ABB364E900B838369327A9A4533
:10132000D8753CD12DF3E6F2DF4B99E7E14BF25350
:101330005DE948E0C3459138ED9B80F8F14EF244F9
:10134000E4B83A5618D21F8AAA973AFEF732836A4F
:10135000931FA9B728774B40363A1FED0254843EBD
:101360004C97B855C87C6F3FD78DE52235D3F683AF
:10137000EDF238A7C426A4DBAEA10DFD924FFABD55
:101380003F6B5E33A389FDB5D36DAFEB725E2E6606
:10139000479A19685DBC76C6FAEF68C40D4BD90A46
:1013A0009D024132E8A598A9554483FA4D0E0216D4
:1013B000463C26C7DE4511CA55CAA3D7E5F6639C4D
:1013C0003099F0D9BE9D11CF3AEBE322E2FDBE6623
:1013D0005E795BC0B3449DBE2F465422D59701CAA7
:1013E000E2E71D6BFBA0D80CE6EFFA17EB655D0991
:1013F000B7B70737C5B7BDB187456BA19E419BC540
:1014000007F1A5BD7548218C7EB8DD5AE5387CB85A
:10141000CA9A73F6413B5CA4D493110F0AD87AB9E7
:10142000575B2EB49785AAF76425897E1D12A7679E
:101430005EABE4749E936E88B383295A7889B210A8
:10144000D7456C811EBFA7ACBFD138313669B7DB39
:10145000879FBB6EC03191FE97C8E24BC519CA4E3B
:1014600032468E4D0475D8C7C48961EAD4CFD37B88
:1014700011297D226D7200989560B3BCFFE5AF2DF8
:10148000D7518B76937ADBCFA651DB082EA59F51DF
:10149000E140DA89FA37E932CFF8BD4085979BD031
:1014A00092062E00B06EC22C193B2CEB18F613D509
:1014B0007D81DE2DBA8C1E0CC5B0F2B9ECABD56FB8
:1014C0000A5A6E2F488D442AF688E0ABC9304F3B4C
:1014D00011F3A12109FAFA9631B4F2B0543602D7C9
:1014E00076F15C9A072DF7D9F9A12BA14BD2F80719
:1014F0003FBE3AD3762A23A85B45FAB393FFE2ECCA
:10150000CC62BBA5E3259F64F044C7F1394949EAA1
:10151000BF26808D50C2EBA12D88BB832700DED46F
:101520009A7572D99867212C3951E49EE85787BF84
:10153000A10B8E618626E2BBE285E6925571AF6310
:101540001B05D6C691A9AE1B7940A4F8F1BA8176E5
:101550000ECAF79F0352786D6B2EF876FC90ABFAAB
:101560009008B56CF2CA853C15BB467F0F66030335
:10157000163D1E023E714DE5B4A81EFEFFCC375F3E
:1015800026A74B7173C2EC8913807594EE9454F4C2
:101590002648B06E9C9B0588DF59BBDD31A18F2C9E
:1015A000A6237B8D00A4B9D653EFE446ABF3FA949F
:1015B000C06D5EAD0BE50891FE1E153DBC2D3CC017
:1015C0001E9DCCD24B6B3EAD63624E0CD23E28CDFD
:1015D000D0F253F96855A3AD603E5921F4F6349129
:1015E000A9C2E74A64A09291CC5CED52849A0D4165
:1015F000A0E4D9B338E0C93AE0D66E4C87FC8160EC
:10160000285C5FB209B979D971F39C4C6BF4616FB6
:1016100067C89048E5856CAC32E18BB43BC8F49F59
:101620003F2FAAD47971213948C2A5510BAD69ACBD
:10163000F4D23B58DF9196F73CB78C509C46FD9313
:10164000E52B5B928A5F5ECE10E745E22A338D3A46
:101650000A2FDAFA739020285E38809BA879339E8F
:1016600072AAE4C0AEDB8C3466B79E1E8703F69088
:10167000CA184F8BB5172FC5B16AA4035B6EF76606
:10168000C7BECF8AD3A668C4519D169511682CEAAF
:10169000A121A0E8614C83EC13E563C8BA0A7C166B
:1016A0007C66CCFE0615A55589F9B7A0290DAF3289
:1016B0005D7FE87B2742449996A39E9E1E05C2FB50
:1016C0001406E089D79471AC1BEB1248DCB739657E
:1016D0000AA9E032D6C57BC65AAB0A49AA663A3C8B
:1016E000ACE0E6B68C62F4CADEB845D63203B27816
:1016F0005B07FD1E450BEFEB7827A614AA487AFE80
:1017000014BD4DBEABDFCA291B603E06D2401AADE8
:10171000538D914418BD850B2EB3B9D949AC533ABA
:101720004EA49548D9C0D271C5B139EA88E43230A7
:10173000EEF9FAF2F0DEDC9836D9BACD3A7133948C
:10174000B2DE70EB55A4127D0E1A38164A23116FC3
:10175000129AC1FBDCBFBF28F30B6CC2A3A43157A4
:101760009E8F445E78E62A00B34ED330B1FED4B6E5
:10177000F56721AD1855FDA06524AEEAC52FAE482A
:10178000B8A32ACC78BC62FC981309C4E0C0F55415
:10179000F085897CE0B21A5313894ACED37C920239
:1017A000BBF685B1B7E4B62C3AF2E8114164233BAD
:1017B000FC96CF12165F73B2971E939EAB61AB0F70
:1017C000206A894F5EC5D02BBE1F252CAEBB153FAE
:1017D00017A6F8DEF1D50AF2FC48699F687F9DC222
:1017E000F2AED4155F34044EB2F231B9664C9D2688
:1017F0009B91C58B4536556CC7625FA4159C7F9540
:10180000EB9D2B1614A307FA1DD6F063673439A598
:10181000652F55D511704EF9AA09997AA6D8BD93AE
:10182000173DAE2B2CEA3755051518727BA512D241
:101830002B6A8393C04E4BC5585BB46FDC0A5D1DA9
:101840003504651036FE9EC092D483B36BF5CD107F
:101850007627E55DE11656005805FEE43C09037263
:101860001B9E32D15D6699F58CEC275A990D2D821D
:101870004AC02F6E4A6AB55E76D87D23D6A3DC2493
:10188000645F59A6E4291AB8DE6F8376C19336786F
:101890001BB0E1313805C6C771D0A6E95A072E98AA
:1018A000EECC2FD3D93D76F139ACBEFAF0F0946985
:1018B00093A98748242854F0EF0499559F970A0B61
:1018C000F79A1A601C06B1849A64BC098E9885FC4C
:1018D000B90861458D9865CB64F1CF8BE681C7155A
:1018E000CD6C64C48D0C3BD30BC41843945FC649C4
:1018F000724BD2C494046DCE1AB93AE3740B59AE4C
:101900008FD5FF04563046E54F7326E9A12F117E8F
:1019100078BD05FF769BC7715C818BDB9D22B1F1A1
:10192000994ED5E83674FF39DE0A9A09784745386A
:1019300039BBB86A4E582BD5AC74D706ED3DBFE025
:10194000C47E019274EACAB42AF2A29E5CDAF1C59E
:10195000983ACB901435B969CD645818133ECFBA74
:1019600001659C4BADC6473EDEDC469D8E2EC2AD6A
:101970000E253090B607540672421BF43AE43AFA48
:1019800029475E2E33BB10FA8665CFCC28D6E92BCB
:10199000C6CC2D0A1E004CF8AF864C5203609899B5
:1019A00088A2E6D3003C715D1CF522A6ABD1947CE5
:1019B00085E3A81870B89B1AB1BBA0B4CBD1B6F21E
:1019C00021FCF1796D19A7861853D3EFA18B7E3EC8
:1019D00052B3D21BF0BAFB55CB3373AA01CB4E5195
:1019E000D5FFC73D92834EF09602CC56916EFAC257
:1019F00022B9C4681FBA81EA6403F55FEFFC52950F
:101A0000233F3FF454AED1087B3E67100559168B37
:101A100057D879EAE13EB386AB2E17A2DB69E343E0
:101A20004C87DE9062D9123341C2B8B6504AE636CE
:101A300022BA270C9814C5625A4E37CDE63093A6C9
:101A4000AF2C7B3B2EABEC06B5BE213CC9B91B8B42
:101A5000DA146929EF4064E6F3E2CEDC8D8630CB00
:101A60008B50A2088284FD3D3F48B381D19E24F172
:101A7000AB2988C7B5ABE9585371F6138618356F93
:101A8000A7A6DCD2B5732A9E6A205D92631BFF195C
:101A900026E7F22BEEB79B9E47780592814AC2F764
:101AA00016DD0FAC9FA53F983DB1C7A3428F040A36
:101AB0009279838C772D5186FDF9D6128EC35034DE
:101AC000C19E88B7EEF5E702CF5554FD81D90E9B34
:101AD00028CDED62A3888CF8AC879DE953FE2CE4F9
:101AE000805643173DC9C5077F6C2F427498F1D5C6
:101AF000F36123FE30B7B44C5C38099BAB9BBB71E0
:101B0000D3DFA031629726259A10266AC65B8BA682
:101B1000534172D83FDF77519CD809D9F8E5FDAA27
:101B2000AC558326B5102E59ADB7849148B78E0DAC
:101B300037F059DB91BE410CC971F38E6F217C1ACD
:101B400030BCAB4EB510BB080B2164DC15AC3800C3
:101B5000DE6E2236125DC332DC0A04BF755787B5CC
:101B60004EB84BC15146A1C3A2AA546B85536EB760
:101B700036DAB2E47C8C64234AE044AB96A14CC3D1
:101B80002F4DF8DDBBBA42F810DE43DC0872252881
:101B900082438F3425BA611E6BB8F409901DF97623
:101BA00071EF02CC27111F3AC9D5AD615AB8A43FD5
:101BB0003F44794A2EFC4A392C7E9C4AE4BB9D590D
:101BC000049141407D0911D538F2B079A6A3C78CA4
:101BD000EDF7CEE1BE728C1617F7974289029DFE93
:101BE000C5C0679A9EE52B22F823ACC3C94F87CAAC
:101BF000FF8970B6DDF0E23469B9C5FB6DB50ABF87
:101C0000947B8D1F94B01EEDB926518BD35117F5DF
:101C100002B30117EEE620CC9014D8C496BF3783E8
:101C20003DEFC9B5F8F50FDE5C7A46587337905E24
:101C3000B2CF8F6D590DA9F0FF70D40774784F00A3
:101C40006363385ACE379FCF03ADB676CC9AEF9CFC
:101C5000F57A3E1735AB1AEB2FFC100252F1D4B8CF
:101C60004771AD5C257D8D4A37B246D2D54782801B
:101C7000C55B729C242B600C2C4DFBE519A490CA0B
:101C8000EC9DFB1B13D42F0E1712C8A308AEF3E76D
:101C900063A9A5E0141408993601CD3A9AA5325BE0
:101CA000612F13DC97E75B11AAD35692F3652012DC
:101CB0007FFA6A9010F983B85C826A7B8BDF8CB7FD
:101CC000D1F8894F54354534E690EDD6E3E8137AE0
:101CD000B46C85DF525F3FABA84E35A62C9B9AC1F2
:101CE000D17058286FD5A82F82774DAD4BE61C07D1
:101CF0008B8648D9125E44241FAC7AE6A29C78E415
:101D0000689D57129B80BBC1F11ED6CE9FD5295826
:101D10005F1A5EF7396434DE25EDBBFDD1EFE4E8F0
:101D200082A44938DAD07B947F9DAEEFFCB039CFE6
:101D30003B263A8D1472F5BCC4E7B13C925940AFD2
:101D4000A075445A14F6815470A2D1E8D45DB8A0AD
:101D500026565A92534483DF738D1ACEA0AEFB08E9
:101D6000056DC131655197177A7AB6044FF072C488
:101D7000228E09C5F9217849F38628B9F6B2B793BE
:101D8000B6B86BA8C96E24BBF8BA52473F4A673849
:101D9000941B1A71515412F38EB40B8F26537DD3BA
:101DA000771CA7ED4396B56D19458AAE6C25F6EE06
:101DB000715A053107F8F2F65A97398D1E996C421F
:101DC000BC441FB74ECBCD98534DE682094D90A130
:101DD0001C3D349195E9238649B88F7F6107E793CD
:101DE000F1A2E6CBB9222AB34D25C9830070A6BC67
:101DF000B4743F9B5E5535821AAAD61AC15313E8B4
:101E0000464AE154BA98AE00CFD4854E8F029B5E0D
:101E10003A18D98F58214F2A157E4F6A04C2F70A03
:101E20002955C66917DCDE5CE7452BF45A5672D893
:101E3000B8CC482442660FA044D1A57DA91DC7AEE9
:101E40008DCD9007F02BF37D28E17EA2552113B5AF
:101E5000386BCAFC20678538DCAE90F69AFF96B2E4
:101E600020AE0B8D76C5E82D733516942C32DC0B25
:101E7000D5CF732444F96E01B8718D2FD1E6175C6C
:101E800048078412C401F80BDA69FC862FF0C89069
:101E9000E23460EA05E701EF7C2FD8D759E9538592
:101EA000CA615EA112217B4CF45EFD482E50146F76
:101EB00048BCE6BE27C3BEFFD46EF305243F4C6189
:101EC0009CA5DA4655D0C78234AD94CC216AE7DCB4
:101ED00016EE50AF3CAC174B047C3B665D097CA80A
:101EE00081CFF771B807CB90437BDCCB858939AACA
:101EF00015E9C1787EE2640C41718ADEFD45ECEAA9
:101F0000C6637EBA484D775B054AD962F822070856
:101F1000124F6B934EDC6E11DC2FE58E3341B075A2
:101F20006E08C412E9701C253C7CDDBB3954C14FDE
:101F3000CB8AEEF364EAC09AD0C3EC6685FAC5ECAE
:101F400045DEE2ED1BCC45DD11D37F30973A783882
:101F50009FA248B46A01A7267FE489F68C8836CA16
:101F6000DC8FA8FC72373E4D370191DFBC7295289B
:101F70001A0C39ECDDA277218A12CC6A3CAAB59200
:101F8000A35AB03BB9B080A631E08E75216F57CD12
:101F9000E58AC228A9B1B59CD9818DF753FAEFF033
:101FA000E1A02FF7EDDECCBB93FDE55CDB58A0286C
:101FB0000D64C028E23867350EE6234DE91E678DB3
:101FC000D0319F8093B79954FFB9E3F645AC3011F7
:101FD00052C44410F74556AF952E7B8FC5BE201DC9
:101FE00097925CA8DBF1D55CAD1C800D29A1C75C84
:101FF0001EB17C5CE646D81D80A85B09FD761EC834
:10200000333935DD54A9C9CB7BF3380F8C3ECAA2D6
:10201000C2EC9935FCB64E68A33B94E4C7C471C0CA
:1020200052942F4A1F3C90E453E8DA583035006F41
:102030006DFAEF8FE3502F549712B47885DE6D1A46
:102040004FB14E157D2FD43A180BF16BEA8D2D4709
:102050009AC1A257DA37A91D59624EA8B29CF8D08E
:102060009D10ABB8BE01AAD4AD8C27FCCDCF47AE36
:10207000273640862737933F0532E969773A20C0F3
:1020800089A4DE12010B8CDF5DE2B25A9676F5650B
:102090001458096831D5934BB052F8CDC954CB09C7
:1020A0007E51407C770671694791F6D69FBA649558
:1020B00070FE2AB67FB389C0436A37CE745B2FB5F2
:1020C000C077FD48D800D0A084CEB44D6C6777BDF2
:1020D00079DDC8890CEA2EF19D102B41C3D0AB6588
:1020E000881BE920EDA9C388131D69E7E3C7BDC5B7
:1020F0006A4BF3E50075DE9C47BE87E4571E3D0B37
:102100002833AAF2D1E35629F3F288579BF9735D7D
:10211000F484BCB503A9699FA2F3CBACED41273190
:102120000A59BD8C5CEC0101F4100FA10815BA43EB
:102130005945D1CE88B4AF7FAC25A037039F9249D3
:10214000D858F258739F9655E74185E3AAAF371EDA
:102150003D8CB1ED6BECAEF269652FFCC7B3D1D30A
:10216000920E8D205B88DFDF1A292951DE9310A59E
:102170004AF3B92CE63BD0FB1AD4285AA994601034
:10218000FD9C2D1B3401CA6A5FF0E2184DD03F80E0
:10219000837CDFDA92E9B271F2C78F3322AF4988CC
:1021A000F64E7E7B098B6C1ECB99F5902B5B07CB93
:1021B0004740B3E29AEE595441D95F21B115C5B7F2
:1021C0004BA7353F05652D35E600B57FEA439C5E9C
:1021D00051B3C5FCCCA810CF091F5337ECB4C93D8F
:1021E0000277C34B19D38DC69BD037A59FCCAACFFE
:1021F0009CF994381952AB9BDC60186FCB9F02BEE0
:10220000343536E2E1C2CC769BC075B6D3A22789BD
:10221000B27B590D7D5498C4BB84A23094C5A66D81
:1022200072CE7E68DBADFD7D79D4BEB9353FC87A0C
:1022300027D459E049B21910380FBFA519D2267F0B
:102240002A0C505D677DE0CA6A083D4BADFC81B049
:1022500047E48E80775217D8F6DBDC4BE86F0FCB64
:10226000CD3474918E0F39561AFD1661ED7DC85E1E
:1022700058FE4F29318B0B96DE7C875C6783124EAC
:1022800004640E2FFB1222B96CB74DFC187AB727E5
:10229000A1618816977339B4C931EEC944A1A3E886
:1022A00088DC010E4D34B1E082B299D2260481D48B
:1022B000EF6D88EBFA1442AD3F70E2EFC534FE7962
:1022C00016A59FCEF56704EB185AD6045FB025BC5F
:1022D000565BA9A18B085CE1CB43D1949B67DB855E
:1022E00073B5D303B34A084AF2BF25E7E67F582007
:1022F0005C2D70A0D2233F549F70DC3A388C95CD72
:10230000BFD71379E7ACFCC9EBEEFE2C63BD47DD0C
:10231000CD0B21D789BCAF95E83BEDA9AC793D0049
:10232000E578101CFDD393430D1FB51558D2DD1A67
:10233000ED6903FC36A42B386919B0F283BDFFA404
:10234000F1F6712C893BFF7DD6DA967620D931C81B
:10235000A33DF6DE8EF5350892601EC668A1B17801
:102360006F5B5D62A30BFA8BC382C44BEB238FE0E0
:10237000FABDD5456FB8BE527A7FC3977CD80AD0D4
:10238000B5D2F16F179D2EB334DE3053AF5692376E
:1023900066C9BD53464704E897F388DB1848478A67
:1023A000B6893BC89F9269B548D2207A279138E018
:1023B00058C5947FB1AD2AD8166A7C4D94506BE015
:1023C0002DD944EA81BD7E9EA3F8F94702C0E2CE32
:1023D0000D2D8A2B99DCA76F3552677BAE957070F7
:1023E000A3CF0F04F145EF000D84DED4DE5CE5835E
:1023F000C3F38A130ACF61B01D43A0C90F7BCB542E
:10240000EE6952E1736993B0278F3B87CE824BEC24
:1024100094DFB5F018760D7118BD76212693889E4D
:10242000D2A204E33C135AE35EFB2C1CE96556A4DC
:102430007B508F5E7022019F30139E2644D306B8D6
:10244000B963F695EE35E823AA133B0295D0AD01AA
:102450002A937AD07C85770CF38C7BEE688D6EE4C2
:10246000604EB77F1DC504972A700FA59363AF63B5
:1024700069BAF13256506A0F9B767CFA3299CD13C5
:1024800012EDD87080CCF54303B0ABB33FF3F5A8A1
:10249000B8473D2944828CF025890EACCD2DF256EB
:1024A000167BB9FE533CC7FA85A68A877A68160D53
:1024B000412F356EEEFCB5A18C04CFF91265FF44B7
:1024C0004322876711CF66CBA1765AB1DC64FCB298
:1024D00071FC2AE2A1344C481FC287D8CBCE8F268C
:1024E00040BEBEC0E8BFDC5AD253FF6E74082C9EBB
:1024F000D7A24A4E622DC261974DA87D0293CA862B
:102500004C52401FB4E2E325BCDA860A8F87933829
:102510007E449989247FB2521EBEA157668B8E13CA
:10252000EE831BAB540BBE656646CAD2AA35DCCD22
:10253000F90C0C6DD3E4E4E6717F64A839B3DC795F
:10254000D5F979761D14CDCAB6BA3ECE39E9E03553
:1025500061C7CDF4F73A3B1FF1A52A369AAB696AF9
:1025600097E022C84A06D94F0532515A4BB9F502B5
:102570005F30E461AC1C07A66FB4F671C8B9E26EB7
:1025800031C8925E9591FE59BA3B324B1A522BAE2E
:10259000077D7A07AA749EA557D0F5A4CE388E4938
:1025A00023EF86CCCF4280DB9BA195F26F52489AF5
:1025B000212E0FC13A8E2F1435424F01C6EE6A8785
:1025C000BAFE358031A12B279B54ED9687AD71B0B3
:1025D0001DC0E79B9AB45DCAC04C33E033D7038279
:1025E000EA0CA1A16D0FF497A50C16CD2E265C5711
:1025F000FED81DCC87095590135B99B11FB9FB819B
:10260000DFE63A877206621FF64FC97F898135C6B9
:102610008DB95866D545610A0109D7CB15AF4A93E4
:1026200025CE1D610D5ED152ECE1CF338E5FB20736
:10263000C517B24B1487B2838183315C938535BB58
:102640004F66D047D310AE3D279F024A97F5459C71
:102650006B7701A6759E0435D2AFFB11D090D1B532
:1026600030CA8BFAAFDF67D6B7D9F99D169DBED9B0
:10267000409724CEB4523CBF992BAA8D01A3C4CF5E
:10268000F8D29C21F4FBAFD1C1D30A280361B993DE
:1026900047A48B244C8DAE5BAACC5A9E381C4BE4CD
:1026A0004D7A7AD9EB632E036FF18202136F0F1804
:1026B00032AB027D020BE2AB9BA6ED0199A36477DE
:1026C000E1AE8105C103E15A3A3373F9A6A209B21A
:1026D0009866C77907717F5372528B632AA18AC7A4
:1026E000E5D518251A0BDF6B93FEAE923799D2F918
:1026F0001EC565FB8944979B28C18CEE266780BE6A
:10270000DBA10916C55DB6B3B24220480A26BCD08B
:102710009A0F311719EADB9E55509462BBF402B64A
:102720001984923338B4BA395FFB1098CCC9CBF70F
:10273000D859CF530778122AB018AC346EA6349407
:1027400000FE089AB42379FDBCC6FCF963E5FFAB33
:10275000F2D8291EA8EA8ECDD6E65160B4A9392F49
:10276000D86FC8A3FAF1021782F48D28AF344F1442
:1027700030E6F3BD8D4A6362701F51FA4C658E7767
:102780009E11E6F1A2F8E3319D8434584FB7286BCF
:10279000CD11CF1EE54A5D248B70DE55827CFF0F84
:1027A0005052DF388DF687C6271BCB83448A58EA00
:1027B0006F137F47A993E23B9765F52A36A3C6942A
:1027C0006B30A42A114EB279FCB9E57BCEDF54FA06
:1027D00065A8786072BADDE8351CFD6C19A822BBCB
:1027E000CE32FBF58BCB1D6A9C046B5052FD871DCE
:1027F0009CFB34496843DDF4D89034F915781169AD
:102800005D2CC46B9E3D2E8498A181B436759DB914
:10281000632556C11A0281A3DDC3578392A5B9C4AB
:102820005C0863DFFFDE2E3C1AA3E50CEEEB25749B
:102830009AC5AD0D9627EBC063D3A109331C48623E
:102840006211141DE30F042C0C2592F045BCB4EB6F
:10285000E6DE3945C11DCCE0B3DFDA31B06F8EC999
:10286000E5147BB6DBC69784AD37BDB48FD87491C1
:10287000D615A09D45806EA324FDD470CE6D9B8C93
:102880004D7BDB72F0306BBA387B3EE579431483C5
:102890002D5904C8E2691F2B38E9A2E8E0B340EDE6
:1028A000B8BD4AAC88D5CF09F7CAFAB52527565026
:1028B000D51FF17F07E5F317360511575CFA285D40
:1028C000E9CC622FA07A7F41D41BCFDBA2D92E7036
:1028D0009E3569021968AE2F3AF4E89A8003974E44
:1028E0008B7B1B771FD64FCF363C34D310F5D62ABF
:1028F000E13AAE809758404303144EF56227F71E25
:1029000084957C07D3A224884912E7E478D2BBEAF5
:10291000596324E132267856A6D61ADA0442AF6209
:102920007F1A38A5A58C69761491F5D9C1A1210328
:1029300033D9921A9EB3AF2C53059C199A385D6611
:10294000E92D7E05B1270A23437F731874FE925E3A
:1029500093AD5FF9BA991CABD3E8224CE36B4644C4
:1029600053AD477C5F3816989170504FD1A1C9A6DE
:102970001A61CF271653FF22F3657BAE0CB306090D
:10298000CA955F87F1A9C56F3FBE30A7F4A3622E39
:10299000183DC53A7888A8BECDB086E673DE30C54E
:1029A000F4825383A9F97D066ADE96D13EF3CF788F
:1029B00034E4E79D811985A5890C0419504FE0CCBA
:1029C000BC387E5238CCA6D759DCB29CA71226C69A
:1029D00079C91D4AE56D116E443355A0D0349FEF7F
:1029E000ED0B8B72EFCBDE664D1274B21BAB9EC14A
:1029F000AB18153C358CFEEE0F8DE952FEA2A81CDB
:102A00004160B602FAC1038C12C991BE1A83E1C5B6
:102A1000B2C40545E2BA004C829ACA770C4F5E05F3
:102A20002EDA5C62C7FAF70884E1D868BB5E02AEB2
:102A3000811F80E551799F4B0C6F31B1C77BCBBFB4
:102A400008362405F5F8C67E42C88515FAC778D938
:102A50009498EE9CBACA90653D38BC9764D36DE6F5
:102A600051439F6BAFC65D9F08F310C0618CC59545
:102A7000C975E1BABDC17B7A7259895FA18C2357B0
:102A80004B880E51E68D1293DB6BA84BD001A5E568
:102A90008D0C11E9182997CEEF10148BAE34E20794
:102AA000BD1AAD9CAB22350F58024F6A2B51130152
:102AB000E7B74E52F9B336F400DB155DD6FBD8EE1E
:102AC0004DC1FC79F35D2CB855B3C81BBB7408E14C
:102AD00072503D18B052150A08F0E3E99562DEEB3A
:102AE000346E090883923EE2100725F03CF6F2F3BB
:102AF000A5D569DDD1B1B6AE4AB16F335C1643DFFF
:102B0000DE4AA371983AA63D6043F2FBCEF6D1A10E
:102B1000D0E031419A17FB65A63DED1535E1141261
:102B200053E555B51C89899F25D98CB6CEEBDED4EB
:102B3000837D8A63B1B80F2C4C7199F1A27AC0E4FD
:102B4000A19716BF694F181C00A0D7570C86DB1B36
:102B5000844776360B7CC8F8988634D6581996B1D7
:102B60002A1AE2DAFFA8C506783B5EFF42833E8957
:102B70001428E9A5B794DE2B4EE2FD3AD94CEFB606
:102B8000E212A334522709961203EF274955FBB1ED
:102B90007E28E19B51A0287A4BF70059991BD85108
:102BA0001D2F5130090A43BF1383C5F54962F31D38
:102BB0000AE6FD706127B39D5BD6F918FC134BC084
:102BC000A265CE6AB33115ADCF6EA145BD1EE591AC
:102BD0001F8E0185C72153AA0A9748123D3423024C
:102BE00091A99A3CD84C733C51D6954B8F55604077
:102BF0006AFB8BAF50301772AC246A3C93F5B13B43
:102C0000208CDE7AF2AD835BD77CE6304EDAFF05AE
:102C10001D3A31DFDCB6D9C0222E5A94EAB194C2F3
:102C20000777553D27A92C35BDBD3BA48FCD8E958B
:102C3000F2B25D9BAAB5E371D98591D8989AA69610
:102C40003D2FC8E4EB64AC13011C1EFD2734A34EDA
:102C5000D072600A401F0BF358BD1D88CE7A0DF765
:102C6000097FBCC4156ED5F30F82FB36A8D937FF98
:102C7000723997CB44C9DC466E44BA18A6738BAD43
:102C8000F49C9149892C91F31EDD6A6B003548CA8A
:102C90003757F6F1B3E9D8F8175151B7892F743B7C
:102CA000FCF0050D507B0F86BFF68E366E26CA5D92
:102CB000EA1018DA22C5AA2CBE86417DC4393D230C
:102CC0005F86A8AB37BFBB5D912DD073B4859F1CC9
:102CD00074FA08D545F7663E8790FDFD90E18AD0ED
:102CE00045B3B27DAF79FE19979F339723780A4594
:102CF000E90E47AFD5345E2682DD821193492B65FC
:102D000026D0AB6C922B4FBF99CE686FEB45E3BBDF
:102D1000A8FECE34201AC6F41128144867014D8449
:102D2000E023F4682F3FDE7B2C198B6E595928B1B4
:102D30004EC9CF8A654EDEBBA8D34B868843ECCC08
:102D40000DECFE410312A8222A5176DC6C17517853
:102D5000DD6C17D04B7F3036154EE27A6E84E55924
:102D600098E2FDA79CC304F0124F43A05F64E0A566
:102D7000BA032221D8D686DA3510D4BD116ABB3603
:102D80000F0BA9F7CD539DBFABB4B969B5B03D28C2
:102D90007CCAB06040FE65353F0D9AE6F0C466D24D
:102DA0004CBC0A7585ECA0CE5A9C14FA215784427B
:102DB0003E1748BFB44EC3472314993736A7EF0ACE
:102DC0005B6E0730956E27EFD6ADCF1C96CB494E84
:102DD00022B53296AACCD72443D4E8922E8A24E690
:102DE00056CAAD571380E97727E8B215000BAF2913
:102DF0002DF7417FA5372FF91B11AFCB793BB3835B
:102E0000AD35B7657D65CA6F269EF54E8F9DFFF681
:102E1000E9A46375840BA4A023B09DCEF1E682F7EC
:102E20006003E7284E9E6EF7E3EF740C2428AB6E28
:102E3000817E36A9B527C8A125868A6C154891A13F
:102E400009103054C7DDD822CD3519284A04D9FDE0
:102E5000453132220518A68D6F46F95C6583B03D79
:102E6000DB6C7030DF97D530CB24DB3FE3FA97D7AC
:102E7000257D73FB34D5D36378271E72188B132DF1
:102E80007FB09E8955A6AEFD4DFA4DA5DDD97A06D7
:102E9000119BC8B5388C4C79665BAEC7D16059E9D7
:102EA00008FA4ACF2731C3815A1C890D4F0D6DB5E1
:102EB000E68292619D198E641A1D732C91764B7077
:102EC00099A77FB972E271E44B27CF7492BC073F98
:102ED00058EDD72B23B9E2960423AD491F6731F48F
:102EE000B18AABAF3F3B84C5C77AD29104F733DDDB
:102EF0009E43D5E5CCF692A454FC6949B0D5CFD514
:102F00003A2A3C3A1F038D582CD62FD30DCAF40908
:102F10001993A62C785E89DCAFDDE459DA393015D7
:102F2000664F4E9546EAF898FA65882925086EE3BB
:102F300048C6BC957072D6D26C9DCE57BE9682A301
:102F400026AD6BCB4BB8ECD17D83D543493CD7291B
:102F50009645C2748F19FBBAA47906CC1F262CF6AD
:102F600022D751A0FC02FF879DC83C10157AD9E0FA
:102F700082FAC53CC70532C9B3F1DCC2346841D41A
:102F80003900A87903F54E6B3F97ACF765393A3FA6
:102F9000BB2783B080FD2B658922FCD03AC9793CE0
:102FA000AC2974637767ED44F5C348215BFB73621A
:102FB000E2FE7220988A5627CF98A5937980F3D0A5
:102FC000129D7E51F5836E7640324240B943EA51FC
:102FD000DED0EF22A04EE959F3893824D995135059
:102FE00036E7B1BEB895DB2E26CFBDBAEC40F297DE
:102FF0004BB596F2A6F094782CB8FD5F4E5BD830B6
:10300000C012816024ED72910CB9CCEDE08BD95BDC
:10301000BDB7ED7771FAA2373136A2453BC054CF28
:10302000D9A21B04ACF60F842B3784368AF6FB92A8
:103030007C6D1CF2DAC264C4FF64A4DB728069CBCD
:10304000FF64F7984C802A3E5C93804E4538296691
:10305000782D6BCE026BA68FE88496B4D42D5C8B52
:103060004418CBE4C321728A850F66479485FA9091
:1030700075CE9BF4D9EE91C5C0FDD865B6BCF2A063
:10308000AF518E2AB2FBEFA8D7014A9DAA1D88A88E
:103090007182CAB398DB4D174BFFFEA291031F76D6
:1030A0000B2875EDB9FD8F19F05330DBC66D5798BD
:1030B0005B21ECE285E75E08ABA9A8B0878C40A253
:1030C000B11DB2D0BA3F9F294CE9326E4064DFEDAA
:1030D000128453EDEF88C2505F224B4846E4D32E52
:1030E0006B30E1CE31F371FD4711E4B1FA5D8060E0
:1030F000424048B35BE7B455DF85F01E4D2C1DA060
:103100007A203F5404079AF71253F13B9804F1D9FF
:10311000B12D60D584ABF2FC4F80B7D8D3E784AC37
:10312000844DE2CDEADFB167FD453E31DA7A938026
:103130005E90425EDE20F398B5F3FEBB59740DD667
:103140002EC061C1CE5FE08C2DE6B08D19F18F0CE1
:103150008E0ADF0323FAC8D3E8CF606149FC7F8B76
:103160007D91BA800C40485DAAF8E3763258209AE7
:103170009ED449F3C0C2F836F6EFBA82E761218CDB
:1031800020A47231422F2C7A673A5C559D25D6D601
:10319000F8964EF7E3FD79EFCBCAED185FA0F0206B
:1031A00007123060A59E3F1AF55DB650B07C96F3CD
:1031B000CB5931985D043779B6F49323096F6C3895
:1031C000D79B93D89F888EEE575A4BE21D114EC263
:1031D000B3183A1827C19EA28F535AF35ED1BD404F
:1031E000FA0FE222CA0E3F511AA0FDB7067175D838
:1031F000344AFAC6FB036ECD751FCFE429CF1B2BD3
:10320000D35D090CAA18E58CB4E083FB4ECA2E14DA
:103210004B5E5819BD3642EF4368C887FF1746F624
:1032200044AB81C84CA2BB555C7BC8E56CA008349C
:10323000976BFD4F3054CED929DFFFAD9E8BB3DBAA
:103240000A9185C398C215DB0D79122BF8CA743622
:103250009A1AD065A5B6B5E2A20AD9F65686B9740F
:1032600027FDC645F087BF78112E78300DBB6B0067
:10327000418B5DF9D34D86785787F750CA4D0DC005
:1032800081F7D7C8A5F5AD2D10700C6064D7A802E2
:1032900067BDBDA1551D42608A2182366FAF9D4B2F
:1032A0000EC05B9AC717EACFC725992868EDC0857D
:1032B000979CBA6619993E16F75FE88ABD80EED3EF
:1032C000EA761BCDFD5C81A3154F8E5000DF953053
:1032D00056C69EFB2EA07B84BBDA544C9C5633C949
:1032E000F3101366AAE209A4681F292C9B86C3E188
:1032F00039D0129D87A1C55F3E34F1A108C18AADC6
:1033000098AE19CF24EF7A440F91EF6C63EE61BF52
:10331000727A3D6A13F6C96B7E05C87708D77D5966
:10332000F395CCA3E5C7D991BA4225E12AF9E5F591
:1033300001AE4FFF375149B5434410D63E0769E00F
:10334000A60BD2A0CDC77BBD265162C2CD607096C0
:1033500050EA4F14AC4BA674AECA042CB255BB4213
:10336000C12288317C445D5E9E2775960220E4D69A
:103370004CE1B37D42CFC3AA958ADC321BB7F2B3CE
:10338000EDA7C3BA680F91667A865EB53288C21D12
:103390005F98AD7C68E6872DEE69F2D357EB77F145
:1033A0007FE96D4C04E9224A0183D958B7CCDF8B01
:1033B000171EB5DFC9EA4324042ACFDBD88A7B6B0A
:1033C000CB442A2C81B0DF92B8F7357DFCC5CA8A80
:1033D000FF8A6C9F502E9B8F3641378876652D7EF5
:1033E000F3D607AB2D17CBBFF9F9291D99BDA50F52
:1033F000AD206E6D35A089170E4FA91D6C241214D7
:10340000D8CE95ED68499D03A20F33984D3C0D5AD7
:10341000ECD163498B5DA5B5E8AEB0F1AC7F8356C6
:10342000CD1391FB4220135813109ECFC5173D2991
:10343000B897FA83E62CDBC0F5CAC52C63AC9FAA0B
:10344000B4A268D5A42A1A33E6ABA7D6124A4257CB
:103450008326D67F64C9BF6283B1655DCE79EE6590
:10346000995F9BA5084FEFC3765F5176E74802F25C
:103470005E44C453584E7A699A21608C74035C7E12
:10348000F18BBAFE7784BAAD1D768BD03AA4DE6696
:103490003665017A11958BDC86C582CEDD2746AA7A
:1034A0002AB854746DB4D72908B9F9B932D5BDDD3D
:1034B0004210E0A5B744ACACB5EBC4F0CD86AA1081
:1034C000214FA789A0BA44E6E1DD2BA4310AFD41D2
:1034D000046C328D329D25D6A77282BB9B9F3F8B99
:1034E000B275D1A87153FCF9748E3FF76BBA41EAFB
:1034F0005DFFB5FD34496F1BD6F0D23D7F261B23FF
:103500002233E1B37BED0047488C8B26A91CC50E06
:10351000F6D05DF67167349057BEA5D9119899C160
:10352000479EF8966877F51AB1BEC9F95EC83C6245
:1035300069D58E8EF64F60DC9ED04B16FFFAD8818F
:10354000B876E8CF5F85C40DFFB95326C6953EA572
:10355000AC96D9CED0918354927F37FD329212F837
:103560007AFB5D0B904A47727EBC505CE49AB6B31E
:10357000C30BA656B457DBDF3689DA33A7639D3E0B
:1035800001931D9EE5CC6F84ABDA663834FEDD2BEB
:10359000798987D031ADCAE89987A679991327B878
:1035A0001E7A8B7CA13ADC68B6637D1B2297BEE94C
:1035B0009F3A0FA908290ABC6163C901F4EF61A40D
:1035C000576867F75CBE6902551160F1B53831780C
:1035D0009D0D98994E85B3B95C0220D25285E7CBF8
:1035E000082672D3BDA546EE03FFD8398629925727
:1035F000691B22E5D606EBE1533A80F58E8CAE9D31
:10360000F137AC718939A7A395ABB20BAA04218E0F
:10361000A565CB6618F2470EB1B62A1429CD86806F
:10362000D0FEEFC393A6BDCD4871EFE59D1A28F8F3
:10363000A599DAD0E9CC6434AB6448A7628B8AB22E
:1036400034245CE35EDC17ACBBD4C7C5093592D823
:10365000B5FE1C75EC9CEB068DF8AD7E4EA3808705
:103660007E34AA16C923031ED95DA8AFA0847E2686
:103670006818DC6AE6E2FC6125B00E6D8D54BA82F2
:10368000BA03DEF72CC38CCDB16F316A3A38B72557
:103690002FAC76B1CE7686DD0AD911BA2368338D88
:1036A0002718E0E18B3640E1CCD59394C552606A8F
:1036B00011C069C0D673484039961C303F2AAF9C70
:1036C000E4FA2AE5A6E27DB10EDDA2F292BD669B88
:1036D000C617176F92BB779258DCA5D4821A8C7CE0
:1036E000BFA817EBE490CAB20DA4930CC6B3F104C3
:1036F000D850F058020022FD5F656BE217D0067CBF
:1037000078CBC93E9FE49D88CBF1DB2DE6C47B508E
:10371000DFAA46893B51968733B258DD49D5271F2A
:103720001FB55DF4B61E3711EC88AEA7F3634FF1F9
:10373000D88C3B658526A1C627DD544DEAAB30C247
:1037400021ACED325371DE72E65E88F72B849298DD
:10375000226BB00F8253ADEA2D2ECB60B81E8E3E89
:10376000D57EDD4CCA4ED131087290891F351E7A44
:1037700006F48B7B7D29251721224A32797BECE7E1
:103780003138584BFE54751169A97FCBD586F2F6B6
:10379000C1106EE12C272442AA61C219FCB921C7CD
:1037A0007BE8253A13258A7BB8483AA0C5A92CFEA8
:1037B000D3033831D04592A35E5CB6FC52A8BDE479
:1037C0008D67001AD644BB2883FE9042C1817B449A
:1037D000501B2D2F0106D1A408165E9554F426B374
:1037E0003FD9EBE9A8C1E64FA9F1C748FED73A8314
:1037F000D84354D3754C809E40039ACF0952662615
:10380000AAD6DECF45C7FCF6246F13BDD11D9ED1CD
:10381000ECC27261F43E3D50A465C06C86DC09E1E7
:10382000FDE68D178E2ED07D38548636190BA5F007
:103830007F46F1EC7FE83737F3E1EB5554589F357D
:10384000C01B29F6489ECE2123E4A6AD3CFB1F7F7A
:10385000C6C0F0FC9916C3ECA853A6E9F74220C7EE
:10386000D98D6C4DAE3766419E8A1896366E77417B
:103870005CB240E7F0C5C5E462C71E0A817D458C95
:1038800001105C28B66CF12CDE11AA156C776C7FE8
:10389000ED9D1F67DC656D8182ACDFCD489928A462
:1038A0008E4C91B6D3D79320293BD634D255744A47
:1038B000030EC30D4C8A7039BCE1B557F12053CCCF
:1038C00065176DDFCFF9137FA79F37A761FAFA5904
:1038D000C112613E9B9D06A2C1A94D816FDE940875
:1038E000FDD904D8341939193A03F3F49D5A2BD76A
:1038F00030D0E9852A61853468FE0E73CAB7665CEC
:103900009D7B7095AC9D5C261B6850B24A0480DF9D
:10391000E585C026F7768E7BBD89EEFDDCD49570FB
:103920002BD91FBF5914083B1E7DAD189D5DBC15DA
:103930006EF62ACEEA0D939DCC97B63F03D566C8A6
:10394000F14C3BB72810CF2F3666E03ABEFA20A5DF
:103950006AE478C336972A0C452F25F51518A5E497
:103960003FE4BAC854B8EBE29E50A5579A25F5A09B
:10397000A672589D7FD1D97A0B390F020180E7D505
:10398000F04527694C7A3343BC2066CDC4807CBBAC
:10399000CE3DA8A1123991BD1964A0B027300651BF
:1039A0009599B168A0ABD6BE1B2B53B07603290402
:1039B0009E6EF900D244EEF4C44A748A69AF98D27C
:1039C000813812AF8390C905BA8E0775F75F70F31F
:1039D000BB7383D54B546CC6B5FADFB2B4F28ABC64
:1039E000279368BB1FF988CEC6F37A6738186F6BC8
:1039F000C9E94AFD217B80E264B4AD98F7FDED6D25
:103A0000F13833746A771E606B443B53CA776DAFED
:103A100043A96166C7FA3AFFCA0C1CA0CCA1B13C0D
:103A2000E0E2AB3C374F21E08ACA6F3063F0B60169
:103A300004FB605C8CCC5BA49D3CB9428A461ABAFC
:103A4000EC547DC95A1C9E4BD59228C103A5948D78
:103A500068D8756029106B8C723002ED53A0C6993E
:103A60000AAD7FE1DBBE7767D32ADC4A4CF889FFD9
:103A700076E55CB457FCC8504436866A330C8AC17C
:103A8000F9E725191695A41B7749DCDD6627272F52
:103A900059820C84ACD6C888C8AE678BBC9BA8D1B1
:103AA000F395F7067054BD757CF4B4EBA2C10859C8
:103AB000EA1C6A8233DCDF97CEDB8081D4D9961E84
:103AC0008197605ABA9F1D0A832004D6C06910C02E
:103AD00036380CFECE898829979DDCE95F678746DA
:103AE0005202303CE51CA81DD0B0A93B8B9877D979
:103AF00085BF2A1A46E5736D612696CEA2EF6CFF4C
:103B0000EE29EF7AF0312A3F84606CC27B6C76F646
:103B1000DAD863E516FD1A8F6D30AD2E0A425B6C64
:103B20004FF32BE960857355AA2A7C9D62AC59ED51
:103B3000AE91CEAB0990AEE0FC0B7024E991EA3770
:103B40004140D836288E254430693922680A71FCF4
:103B50001B8F7FC20F993F73366A252C621BD8C01A
:103B60005C5B277C173D3344F06A99359069D8AE89
:103B700009FDBE4B61C5CAF239F232FE8EBB5894C4
:103B800010EBC6B815291F6A9B8E44309CCECC1012
:103B9000A1C99F30D5ADDDA6CBD0A8339B67E6D3B6
:103BA000F30D69687602048265A5DC25C391075789
:103BB000BAC7AD0B8F322D45710F4EBF4CFBC6BD42
:103BC000F8305FFF80F52DAF139772E7B242C7124E
:103BD000EEE86C0737C3BE5FAE47A0402F2191AC23
:103BE000C3013A3FA893B325BFF17086CA09177A7B
:103BF0003DF0D65EDE79166FE812AC97E037366698
:103C0000595D8D25505A0231EB5C87D2CB647A4CDA
:103C10006276123D34E89D78FD81651B12B3C51EA6
:103C2000A3991DD44E27FA954511168632A5D2A622
:103C3000BE815B1369C61775BE0CBA501AA94FCB6B
:103C4000B26CD640E29846202516803A5B1E1AEDEB
:103C5000E4B68044A12AC4E278C0733748E25EF03B
:103C6000EF08141D89F15FA3D978C5D6D8468E9B7D
:103C70008A4D42B2519E18FE25462E8D1B514F761D
:103C800029ABA051B3862720227139D790D2C9E43D
:103C900078AF496005573E60C51742BDFDB411ECD1
:103CA00036278F30EAF4EAE13B48D6232F8200B171
:103CB00029619337A4ACEB00E229325C088DA49211
:103CC000E4CABD604EED639C3EA1A909B6F9A7C444
:103CD000B4441DE87151E71220D00DED1F962D83DD
:103CE00022A1F55021FCD37BF0BC233B0230B82548
:103CF00090011A1D1F8DE8E6FD0DF24FD21E61CD19
:103D00008C1C1A8DF79254A620B01A8F21FDF6AEA6
:103D1000C9209FD818C6B604FA9C36D2A17847A904
:103D20007CAE5D95DB1766E9C475E0011BFF8F95DE
:103D300013484EE24266B084367DC957D5DC42CA8C
:103D40009CC2D84085F6C22A26C703C2B33BC5F839
:103D500055113459961AB6C51D84A28A6FDB57B621
:103D6000CD7D77970D4A11687834F9F7A6545595AB
:103D700069F14F51E73139DBDCC7645CED55E3B5E0
:103D8000EB0512BA3BC26EDBBE1546D54351F74276
:103D900016BB06DE8A2C48A770925C8FF8F58AE085
:103DA0000B5206D6B4C98B6782E017C9BF116043B6
:103DB00083CA2CD857163AD5457B341CF057D8B94E
:103DC00041EC9CD41C02BD68B2536BB9864A1A16EA
:103DD000F9A6035CEBE62E0E480CF565F0591528A4
:103DE000BDB8C78AB7A5CA2EF36055AA75F9954B19
:103DF000C835BAFB21903DF566CC8D01FA219DA214
:103E0000FF57B40EABFDFB4F808B8C252D40F10A84
:103E1000C517B5520E8D4833044A0DED2371AB0C16
:103E200083B2938F70A7271F7BC71DCAF0289146C6
:103E3000DD8AE3937DA41DB597222A7EA2B49FEF6D
:103E400092CD4778225E2FE6970D09E5E3150C64C5
:103E500059C4D37A79CBB1DC7122490F3CBED7D596
:103E6000140A81C4418A4EF6440AA5024BD5C0A467
:103E7000AD945025E5B6899A9E0B0CF4D7A8F1288D
:103E800052304F7CC172C0F526F9DB0B1EFA9C0F35
:103E9000526C7C9F2EA624105FFF0415DD394B7DEC
:103EA0001AC08DA2585C06DFD363D2616ABD3CCFD5
:103EB00004A80B93AA00AF7405B943C950E1842646
:103EC0000DEF4B2540A32D3D967068CD7DBB18347A
:103ED00075AA6A8DCCF7A176ABFD641114C89FAEAC
:103EE0001CB627511F4F0984A1275B3AFABB4045F6
:103EF000F3233072DB4338C4D1D3440DD1A046271D
:103F0000767D15731E6DB8368607DEEC93DDF16B9A
:103F1000AAF257B999DBC995B9C909EB39B8056552
:103F2000372F453FE976721663E91754B7372E6C81
:103F3000451AF8A0D1A70032B959BD4590949CF418
:103F4000C757A29DE3FF91B3107E9F4CBBAEAE88D6
:103F50005F46CE5D6E6F29A9E6D7F3F01C0CED032A
:103F6000D04171F043804E265A7E9205738391832F
:103F7000CC38B74B6812D4FBDBCE2A199B050EDB7D
:103F8000DA5EE82595C00620F6A155ECD3CD1441A4
:103F9000DCD9C52BD0CB3EA62F1EA71864BD319807
:103FA000656D4DE01CBAFCF7D041C9CF7CD12D0422
:103FB000ACCBD19C84DD006AEE84D159BE3EF6C400
:103FC0008650BC52584265A619EB7762D151E5BDC7
:103FD000C3DE27D3A5E6597258B2FB32E2D4484873
:103FE000D7A92F5D164B3B281861EBA0225B75D338
:103FF0007B23A4D11E82CCA87321194E6CF2C70F6B
:1040000016495B88D0607D89E6C9136124BA218591
:104010003AA882A3133D6E3A0822AB85E2895F80FD
:1040200080E18783110ECDCF1B776BDE0E0AC5555D
:104030007CC364601D8064AF41B2C7DE42B9ABD8B7
:104040001115F28AFA8341BAA36E0E9C3CCF070881
:1040500019EF5F500710EDE273CF2A1C0DB7D7544C
:104060003E237CCBCC47404DFF8A15F74A3BC5BE6B
:10407000DF810A35728CD92D6AF8A8D02D82F154CF
:10408000403735007868C782F61260C59EDE17108B
:104090006CCF3D2414AD7D688C07772466BDBD13BD
:1040A00031B3B61CFC7E6BA66F48DD3483CD8B86A6
:1040B0006BCC88AC8B08D5539201B1DBEBF1FA2BBA
:1040C000B5E84DC9D440C5DE3957A93AA05B3712CF
:1040D0001FB109D7E30439F5B1CDC66899A1E55CF4
:1040E00012A488BAA065ABE85D8AF67591FE3E8A97
:1040F00081B5AB83E78369E26E3C68907DD1D56280
:10410000BA27B75877CB5E64D9C63AF86A93D7B462
:104110003B718C5D2C0F7CD26C2C7603134895C1BF
:10412000F3C30882969AAA9714DF20BB452F2C2F41
:104130001896E21960DB262522308583C83CD80614
:104140008E2A11CFDB5D0B94F73D10AE011B7A0672
:10415000FB635FDFDB8B8B7D81D310F9BC68B263BF
:10416000278998EFDDED0BE3163619BC40C995EAB7
:1041700050C2ABA6BF85BF368BBEC19A5EB1C03FF1
:10418000D162FE0E6597D16B2FBCD869B3582481DC
:10419000B2B6BA96A01B5CFDD957DC14388706BBB3
:1041A000838BA60AF7B8D4466435821097B9F0DA43
:1041B000FD71FD9839AD0646FE96B91240A84FAD87
:1041C0006DF19664EE7DBAC0B70A850C5E1D8E0B4C
:1041D0003D2532263BF762F0B367579932A6A9DA3C
:1041E000EF4FDDDF31E0D9ECBB25D567088023F246
:1041F00071793109926EA75577CCCE7C67D72A5A50
:104200008F6A03716713C1CDA7B5FA24BFDBC84A13
:104210007A8E0DFAD769C605B21AFDC0C05D0931A4
:1042200035BE89F972D66CBF195B6455EC1EAC7F44
:104230007A499B91D814125BC89D197535A767F50B
:1042400002C7F3B2CFB411A117925E3DA0015F94F3
:10425000E152F15231C00C52E7B887CA2378ADA2BF
:10426000B4D26AF6874EAE46136859BF895B0F0316
:104270003E2F48B3C00E58F4F1F9D036C18826A2BB
:104280005D89C5604D5383FFF296BBC1655EEDE36A
:10429000882DE4862BFAE2ECDDC7B8D7A480968798
:1042A000AEAFA2662DAD3026AD72A346404145C1EA
:1042B000A65C2A5EA93FAE5A394A4ECA47E1131C92
:1042C000A87CF32764CD701A3D5294152A7FD176CD
:1042D000CE27C50652919B5551C25DB6E8F8A28D16
:1042E00046075E9A543E87F6342CA745807C2655B7
:1042F0006E478B806C5A792631EB3A3BD4421CE4F2
:10430000D1E2A90995552E0FE1E13E0CFF29915408
:1043100022DAE863537BA905F0A2C46D927F3E2C9C
:1043200027B0294863D566C67347B2B57B017A7555
:10433000558C223FCC6C398432B8C0C98DE4362B01
:104340008746B1D8C7090A50647EEA8DC7E157197C
:10435000DF6B9EF34834147B4750BD6D78EBD45C23
:10436000C9C4E9E3031A393D7A7C076364D9237031
:10437000CEC3FE63456D01A9123D55AABD4C89EA25
:10438000C8DD803CEC3D33DB27B78BBD8339230C84
:104390003C61E6243BB379BBC0B54E93BCD3014F1F
:1043A000345200CAC42A01DB7A4BAA4FF7F7328095
:1043B0008FBE7BE7263AE2683C48352CF552C002B6
:1043C000E699A7E3DF242809FC86CF7382E4BFE1E6
:1043D00003BEEDAF4B60CEB8A9293D2C80DB442550
:1043E00071F7F0F7863EE15D27F50787A9A1FF4643
:1043F000C326367FC6E7BDAF68140E1A0EA8AEA45A
:104400006556FA3F40A66838DD21F8A95B6FD59C58
:1044100009A9BEA8C6FA2CD8B1C59290AB124A071A
:10442000C4ACD679329350AAEA14437F968C45EBFC
:10443000FFE04720734FD3D03747EBF5505BF1389F
:1044400026885047C0F0293B2524FFA694D755580D
:1044500085AFFB9D3BF11652078E74A571D9DC3CEC
:104460004FCC11B4B2B99D22203E8E796F71DA71B2
:10447000F68152126215D809DAFD45D1398AE04A2F
:104480005360BB88CE4EC8E2A7A7F0B25A1FACD289
:1044900085850A54BFB8592E1BC2148B33B2728162
:1044A000F962111AA63F65677BB9FBEA0C8A888E10
:1044B000EFD882C95CE7E360A382CF18D148880CAB
:1044C00032BA6326E7BB16CA9CCDC22712A4FD07E9
:1044D000ADD8958E8B9368BD5F74BAB8EF715FF7F6
:1044E00083A1B4003D4051DD70A77E5EE98F135972
:1044F000642F098F290864F173AACE1FECD4EE81D2
:10450000C97C501A04F7146B0415743DEA084B4E2D
:10451000941ECEFF0D7412DE5B15EB9926494F6B8E
:10452000841A68D384180B995B9ADD198E0E4CB2ED
:1045300024F669F4A32E74A1AAC2293B7687C92B5D
:10454000B9C2705639A28F2ACF3322A9F27ED2A0E7
:1045500010A4729EE4B2EEEB20306DA4B1DF7F00B8
:10456000466D15DF2B6CA7A8EE215EDC5B17FF5CA8
:1045700094342D5F04EF7A8F50D243CBF26FA55C59
:10458000FEF7FE8D6252B9409A149F40391EE77DB6
:1045900050D953247EF24CEA5BC9457212ADFC1D22
:1045A000B35CD7B451D53D4E947A7BC30BF91BC98C
:1045B000800C61AE4633D1AA78E7943768E4832152
:1045C000E929A2B67ADF90D8B785956FBAEFB6A67B
:1045D000517D4C5FFAF31E9D2FD855013256C8000D
:1045E000261D9DADE3DC18AA85A95DC9453B6CCCB1
:1045F00001C0225C3C1E892CA6BAC64AF0538A3FF1
:104600008254D90672EA3876BDFEB6F36B33C9C060
:104610007BAF35CFBC12A3D5D4672D74354D6593D0
:10462000AEBB2DA39CCD375F5BB3CF7D1B0A052BA3
:10463000998CD058A54B0719F8F81662583FFCE33F
:10464000F0D9BD07BEDD1D3E7176F3A227E8122426
:104650000120013C4CEC37BC883AC5C47037BCA57E
:10466000AD5EBF11DAF25F73E083EC55E9C2A0459D
:1046700056225EC3E8412EC496539B0FCD146D7F26
:10468000509B0A6C30EEC320764E0CA8918822E62F
:10469000C3116C78EF6DF90F2183317A166FB7F77C
:1046A000E31724869E4E5D5325D2DE83944B8AE425
:1046B0007755F8A4E3A5D8491237A7B191C888F671
:1046C000CAF6C6E921ED268EDA009DE043E1E54118
:1046D00083EB0487AB64158260F805735873EA6650
:1046E0005EB0EA7AFCF44D3ADA61EFA96C376D12EC
:1046F000F8749A625F5CC49E365F2FDB516BD49C6A
:10470000C49175293D48B69D318EB202A5075480EB
:1047100036E5C4BDD82D7C012AFA48FA30974512F7
:10472000B4CAB920BE39DB7804B9028C00AAE2DB36
:104730002315EF44C867B1D34C137913789E9F7B40
:104740009A81A2A1B1330B371D4F234469CDC80410
:1047500058835FBF46CED4666ED72AD34E4E17C15C
:10476000D4EF2509AF2E607E13206CA568A10AED59
:10477000056B9D3E67D3B1A8603747FC754740A7DE
:104780006C855B44C69AD5B6E65825ACA8C934A951
:1047900012CC2C0AFD384B665DCED1C184CD682386
:1047A00050937BFBF8C24238439E80417BC62FF179
:1047B0004C32E51626B1A1F11EDFEB4D48AC715A23
:1047C0001594D29A7C9124B6D99E40C57AD7D54605
:1047D000FBD8F64DD3D45CF8A8BE643B627BDBF615
:1047E000079B30BE377A01E3ED12D8E33578F663E4
:1047F0007CD69DDC240BDEBB54789093423A3DB8C6
:10480000957538C0D269118B44835F8B925BFAD661
:10481000F15822927E155A702FDF1A95762499BD91
:10482000005C399829B004D2C4D0459D484DD64784
:1048300009B41EA12F1F94BC312F899DC5D5BA9EE6
:104840003A9CD368E1435AD529421FCCC4E0C74300
:10485000F21B623C553FCC719ED609248A9DB8E676
:104860005645FC53D931B793DF1BE90D072DD5040D
:104870006B90157B0E8AA0834E348E4C52B7482A1B
:104880008541EE6F23DD48503B8DA698CE0EBBFFD1
:10489000078E3A14566EEB9752D8FDF49E0B8C9D02
:1048A000ACC72F609273EA272EC2AFB7F94B34A57D
:1048B00080A194B4BA76E9E1F31FDE1A875CA617EB
:1048C0000FB27A3E2C8F0153FB4E075A4752BBA0C2
:1048D0003A4DA8D94836B97A1A0274C83D0AC6B505
:1048E00098B07B9BEC26189A14C49384FF8FB76B07
:1048F000051BF67C72C8FBECB1D6919EDC00D2227F
:104900005939A45F43547583DA1B9AA6D6682DC023
:104910000A4DB9D13AEEB6EB272B1F9C39360493DA
:104920003CD1FE9C1B03D40494C357D18C6D936D72
:1049300045CAB078B36B3B4E048458E65621D0BDCF
:104940009D54DBCBF13D6C62F9A6D9B181548BEF5C
:10495000B4868A23DA2867D96E6D4110A6C00BB6DB
:1049600083F6BC0C2D1D8E9BB3BDBA161D2C6F019A
:10497000CB697A9481AA512B53FEE8F6AA47AB94EF
:10498000761B7B13135EFC0A0C79FB6EDBCA6B8211
:104990002D63423CFAF5275EC81BAA487231A32852
:1049A000099F924B53614F3F4D02DC19C6EC1AD060
:1049B00086B9DC26CB63248CF706372DEB3CE11857
:1049C00032CD74DC761400EF4457D62F671C851562
:1049D0002BEEA14BE82290EE4FBD9E2D0FAABF3DBE
:1049E000FA87DF3268FBC880709F7AD59B9CCB41E9
:1049F0001F8288FEB00599D4031B71285C5BE7A277
:104A00005E0DB8240FD46AF4EE3CA33C12F3F923F4
:104A1000EB47FCFD73AFC2BC1CA69CD2F47094554E
:104A200095A0FAFD5619AECF319AB7067F7118DB03
:104A3000C4E1996A67E190A6C5929B4C2DBD2C48B4
:104A40006CAB3E3B5AFD3D10CAF5AD43557B05C4EA
:104A500045E3B6B276593E2F414FD719599B807E18
:104A6000F31C8B747E16B358CCB28DA73B65AC0299
:104A7000FF10950A2A0E25D148CF8EC69E0DB15B38
:104A800063B8BA8C35E8CC64765B777F68168AD6D3
:104A900026E66C0BBEF14FF82EC4436DF097146AF6
:104AA000DCD3CC33B513F5851303986C9E319D93FD
:104AB000EED1ADE8B4D372A20776A9EC39A392F295
:104AC000C816DCDBA57F19798A0C1A480766AFD5B2
:104AD00022602CF65DAA1B43514A37B23491F0058F
:104AE00075D81F3F53C4D366373D651BCB6F6CB57C
:104AF0002B0434F18A7921AD7286F61DD949110152
:104B0000E7EC18E8A53A5DCD3AEDC8610B248C8935
:104B1000CF0B7372F8D42C88139390579A98A7F5FB
:104B200001F75900054536F85516C2F0CAE14EF5B1
:104B300073158B41F8CC78772FC3C976A7120B4C2D
:104B4000113B157A1A01CDFA1EE0976DB2424DF86D
:104B5000F4A3432DD0AE69B254C88596CA24164238
:104B6000E4E374C05E747B05A18118962B95D1B1E6
:104B7000F31685C8887C938EA08246FDA2C2EC1AEB
:104B800035A83A4722E2CB967C9A4EDCA67888007C
:104B90005FD6BAF83438CAF5C0EB34AB803B70B797
:104BA00004D63DD74F20238B83EF893665836A3B3C
:104BB000DC1ABC4EAE2005D5803A756CCEC5443E9D
:104BC0000FED0F66B561FB5A9CDFCE994787D5BDC7
:104BD000AEC95A654E22FC9609EE83FC7B327DC23B
:104BE000FEE1517E7D0DD6B1E2DD452A66E41EF878
:104BF0008F0467C5BFD8336BE2617DBEF7801E139B
:104C00005BB689C41D7B56FC840E8B7340D219643D
:104C1000F788126759C5B1DF354055D270B9FC2508
:104C2000F1C0C5ED5C47176979FE9759976DDCA512
:104C300042BB3CCA2139396B673AF9D88601033740
:104C4000CC9F13BEB8EB6C6DA00EC96DE5568B12F0
:104C5000736FDF58C4C4707653EEEB7313EACE3E25
:104C6000742A95079D91126C71E2F2C0276C444A38
:104C7000B762334A62CD8A5466DE43F45BACBCA9AA
:104C8000A4AAE3194CDEDEAB4AC82AE22ED25D1498
:104C90005EBBEF34774FF6FE8C9A87A20DFB6294D1
:104CA000988067A9616C357A598303EB7FC4A12989
:104CB000BF99BC43D4B1CAB38BEC2456B7257D2B26
:104CC0003C22F4F1FB05E0D1A3D30F2F8BC6DBDF31
:104CD000A2CBB99C031229C7BEED4C5F6837C21244
:104CE00071B4043938D2DBF7600E4063ECF28C4EBD
:104CF000ED0684E04AB9CA64B4055B1ACE076CAA13
:104D00005497DC65AB757D20A71C3DDC71B17F4BF2
:104D1000F5D8C75AFF52D1B116941D923B64A23800
:104D2000EDFCD086BC5128156B528B6861925FCD2B
:104D3000A93C1A5E7DAFAFBE9A908C912A845776BB
:104D4000168C792691DE6CE7EFAB99B2D9355D759B
:104D5000EBA2284860F21FAD764A1E0CCC4AFBF845
:104D6000245F8EBAE8F5F8DED34B64CC76ADE36809
:104D7000D5D963A2EC9AF34246A9927B84051255D9
:104D8000B42B679C66BAF33E36BC01297EDB38FC47
:104D9000FE4DA2C2751280641D732AF2F3757499D8
:104DA000F204DBA4F6BA4ED04792340A8557BFA06E
:104DB000343DBA76A5E2970662153FC1DD1739D0BA
:104DC000E30BA2AB3DA6043B671D416228441EEEE7
:104DD00066BB51323D16685EFFCF851A6155BD87AF
:104DE00003D9253660B824ED9AD59B65207A0A8CC4
:104DF000526DE6135FCAD3EC59483319E890422349
:104E0000E4B9C732C3FB2F8E7DC8D2FEEA02DEE5CD
:104E1000DFF92827FAC606A8C9342C5BFC830101F8
:104E20002C57AD04770D875AFEB689F8EDA45E893C
:104E30004B1C764011C899BF91A670D61898DD29F1
:104E4000F2C1CF592BE566EF4E43E75577AB60D6FD
:104E50009155028296CFB8929B67F0C00706F20C7C
:104E60008CC74E07EA38AD0478976F8690E79C7C34
:104E7000E4413F4388F4BE52E1E200F877D5C351E4
:104E8000012BDE084C0B9B6E8D1812BAE4B07651E4
:104E900023450C4726EB2B4FA743FD016E2B999F13
:104EA0007B2EB84684484F7B1B2A86E4E53DA7BB92
:104EB000F09135D417E4DFED5BB6FBE3EC04E631AB
:104EC0003DBEA84DAC37990D924517251BD9AA298F
:104ED000C5F7507B64697812B9CD32A0866F47B8A8
:104EE000300DA3FFD3A72EC1CAF60C595704E545D0
:104EF000358AE85D4E8AF7289C801258C21388FDD7
:104F0000EDED11431654E451051A4913D9ECE6B4FA
:104F10001EABFE6A823B4A2A197F7EB494639737A0
:104F20008CFE9314A08BD055C86FC3476DBBD0E3E4
:104F3000CB617AF3D68217043A1CA752FF74089B00
:104F400070C4B62E99691B340B9A32A4927F5266B4
:104F500063676703D8BEF4AC0AA7811F054D0B0E2B
:104F600080818EA2AF6512AF2936F807EC9948DD33
:104F7000DFC352AA2180F1351D3309AA0F5B86F9E0
:104F800010C3BB27FFFAE5CA64B1E52226C7B0B556
:104F9000BAB81EA8180CF60377AAA9C737330813A6
:104FA00048E184106E835DACCD1A1BA5E0CB980060
:104FB000F9B24DE57011E133A0713AFCB4AACB55BA
:104FC000791C40A1A4CA1A016849E8CC6721BB3DFD
:104FD000795350DAC4AFADFEB95FAFF00DAD3236E4
:104FE000C9471BF907ED830F71C790234C8402B0AA
:104FF000EBF4D685523E354A8AE66D348E15FAB802
:105000002E2F4EC1F8493A57294C5ECDE0C47AD0D4
:10501000CB9D8C2055E77B278EFA0F1E25FC4F0574
:105020005A6D49356B1097A15B2A05663A274836B9
:1050300059BF0E84D5B0BB0D4BC797BBC4AC285528
:1050400034AD9D26A0923E70F4EB4005CCEE7ABDC7
:10505000D95FD3BA79C424F36C344DD6E99085EE88
:1050600030578CCF1CFE6BA3EEC7C60135F56DED36
:105070003C48EDC1C2C0F9D088B38247FBAE1714DB
:10508000C36084DBE6699318BA3C3F3FCB910A7A50
:105090009503DB485B8637AD88E41D208F765EA1E3
:1050A0009593EC4A0B713A504A3DCDC8C242C84371
:1050B0002CE56F21ABA5735F01532AE69FB7DAC3D6
:1050C000A4C99D17A2B207C28051F22A9D7705BEDE
:1050D000D409127BD79C7504258B926787CC523BF1
:1050E0000B2B53798E93243E58C8939AC18AD5309E
:1050F000B59006D58F0B7F555588E9E333211737D7
:10510000690C1092677CA9E3F156A4FAA003A0876A
:105110001C6FB815D969277CF31090BD91D54282D8
:105120004A012D9A98FDA8C0EEBA37236ADEA385FE
:10513000620FFBA7758281B54602F94D9892A78749
:10514000919F53A93BA034F0F4381C42A5307B85D5
:10515000101BB2756F6B3C6220E7CD73D61DAA465B
:10516000FC7BB8421A38487F42B7B4906D473A404A
:105170003DC6BA088424A4434CA8C6F3A763504A8A
:105180006119BC581FB7B3F5BC33456C0C7E09E3FD
:10519000DA738D949D8B313F79F85B33F64BAA1D02
:1051A000BBD9DEE830647D38A77823DFA2EA01C2EC
:1051B0006A4DA8CCEFE2DAC5C09AF84272A5AA9867
:1051C0002FDA1D4F973661B6774848D1AA9F045908
:1051D000F19746C634296AE00918D1C3DE0067FB9F
:1051E000EAA704048182C3AEAF7419B3591DEAACB7
:1051F000B3C92747C5765DCFD0D8B498D6938A7DFA
:105200007FFDA4D85C8461C39DE6C64AAF327D08A9
:1052100043643771112C9D2A6C99B73E61B85F6D5C
:10522000301EBAFFDD634628CE4BF1684E7FA41ACC
:105230004290302CD25EB66D5A97858F20EFAE32F9
:10524000A292EE1C6BDDDAE7F2045F316FEF26F716
:105250006D70A4BCF7C15A3A6594CBABC076A985F2
:10526000FEAF7E407DE2BC2AAD838B25FF51B8891D
:10527000042CEDC964724F3480FCB72E0D567ABFF2
:10528000CB813C352D8F1ACFE55F280EA168F45DE8
:105290006AA572DEA228E71FAC6A71BD014EDFDB92
:1052A00054826076690F5BD760D1F972EF684F4B1B
:1052B0007443B5EB88749C1412202A563AD3A0D7B5
:1052C00003FABA9036450A7D4730DFE155091B9253
:1052D000522F31D23DC9A1C0563858334DD601FDA9
:1052E000E493CDBA76083EE7E6946DD8CAA8E20109
:1052F0002B87CABC6C0A9CF662868E0A2C1CB8AA44
:1053000044C8A50DF2DB4B0D2EB77D12D32BD575FE
:1053100083BBE5968A8CACFD2D2C1F91C37E4AC9B8
:10532000AF1CFC1FA13C056EA813DF9917EF544278
:1053300010183AC866E1D5D8FB0E7157796B101C6E
:105340004F5116D6F47B7F574D3A484DAE8A936144
:105350006F9FF51C99AC279FC0A27E3970AD314B71
:105360009708B7CD7D4B2D977B030EAAA5922CB441
:10537000CA819ECA17101205F5BEEB90DBCA60A168
:105380007054006F49585B1692474D40C60631294C
:105390007C57F376C770D8A5446874F15D945E19A4
:1053A0008F62C016F7C6BB897BA1EF1E09175E226C
:1053B000DEE2B0A0F7D728FE6547569E6974ED1E61
:1053C000E7BBDB0DE6395F01E62C817E2C462B1412
:1053D000C9499FDE5FA52D735084BEFDCCCBA21DB5
:1053E0004157DD8DBB9FFA1BC32384627FBEA54B53
:1053F000EC5F76E10D685FFD5F1EF352EF1F3F56D5
:10540000517E459491F093A306FB2FF58ED9C109E7
:105410006CA032169C133470AB92FC6B1802213EC8
:105420004C535571D8AF4B3A40A88E534A9436DB53
:1054300025C95203B42162839B0173D6A15AEAA6FF
:10544000FF13161C6EAEADCA1851CEDA049C0ACCFE
:1054500005E70457CD21DAB220064C8D9C923E2FF1
:10546000AECAEF53B7A601D7A5D9D9F818015A5833
:1054700017A1EB862A838D4D5980406DA0F022C480
:10548000145760AADBA46AEAACCA1FE6670C9A76D6
:105490009FA81050765180F68B1E7C928CEA098E64
:1054A00067E8FA690260688E3D39DF9B8BC766E06A
:1054B000B1927366325D5651000B0DD3E176BFF7A2
:1054C00027777A8A73002FE5531A71FD27DA12C302
:1054D000C892237CF018AE0181F760E3CF6AB9DD92
:1054E000EBF2D62188E9A89148BC21D3D6B134D6B5
:1054F0000766C7353D3B8691AAE63B90C4F314A3EB
:10550000CF0B2DAF3CBDDB0D21ABC556050D46F9CC
:10551000E813B26FA54702D87CCEE8F68DB6FF6ED1
:10552000FF3397E9131CC27B544D75A9B68E810BCE
:1055300043CA6DC2A9C251657CA49822F987C54BA4
:10554000FC345E703422EBEA40B3EBBA9D5E570444
:105550004A3C0BC72613760B48A8C471DDD45D11F5
:105560003F2B0433E0D33A8B7AFC8E879E971752F9
:105570008BD447BB262639849FE6C3EB09CF7C0F2B
:105580005EC76A82A890EEAADDC797A13923BFEB58
:1055900046168B72076BB0DD97841E526CCA8E451F
:1055A000698BA17D38593C01EC2E046A6464D7E90B
:1055B000179BD47AD97D67ED3A6ADBBBC6E366A850
:1055C000F0A82A76965AB69A0440C7067BCA0FE41A
:1055D0001347DD7C815B1570E74B190B8BA7ED98AA
:1055E000078BA5A2C2C7220F702294573E4641A343
:1055F00080CCC6570C91E335068CEABF3C587BFC47
:1056000074DFC393A5B6CE43B121BF1C69C618741D
:10561000ED316CC9411287FD5E73DEC3E961E01FA5
:10562000CBE9D9C1F1907897157106FDABE03D97B4
:105630008239A0F315789C5B251F5F15BCBC07540D
:105640006CB337D1F245BA576762774124DCF6A5CF
:105650002A1CB1BE8F12D044E132C9769351F36750
:10566000E07760504B487FCD7940CA2DE7EDA81810
:10567000A7EE7B675A57B53E885B888A18BED62F3F
:10568000FCEC0C9D10AB78BD271BAC7FA998F911E1
:10569000C673EDAB99F4E7FD743C1D36005C8C8558
:1056A000D904E84499219D1F3887F65AEB472D23EA
:1056B0005A8F5D872DA8EB26355889BF05C6EDECBE
:1056C0002AB1838CAF01C78071B2585D3106706812
:1056D000B0EEAD5FAEF561393B5382D932BFBD94B8
:1056E0003108431270516098094C1755CEC60420FA
:1056F00056B0494CA3797F7E4F01D1CBD9818ADA4C
:10570000E2162EC1B3D01452ED05C61524A2A9CCC1
:105710009C8811C79825BC0CB260BC0A718E091018
:105720001B08EDAAE7C3081B6BB4BE68C8E6954624
:10573000406611AD2AA2F58AE21271EFA50E4AA3C6
:10574000139C23CC6CCAECEBB1CF1CFBF202D7FF4D
:10575000641AE68B1DAB4388D1B280A261EE852E20
:10576000491B0ACAC3B20064920A37516AD0527305
:10577000DDABD30985F022346C843149F106E705AD
:10578000992ED8C2D731761460E6EFDE0F5EEE6157
:10579000857AF570B2557C499FA5B77882F615C415
:1057A000D9DD970F3650FF039E5F7E1B73FB94611C
:1057B000144CB8E8731C8AB3E86A576E5DBB2E5967
:1057C000AF8D0C66DD269ACC61E6C9F802FFF23592
:1057D0003275C2D154275177E8A59955636E39D4F3
:1057E0004A47F01F41DA98E329A5F9EBE6B0A8E8AB
:1057F000538B4C86B25611F20C3580146152D94B42
:105800005880858DBF9C64DEC3736CAC7626B4B6BD
:105810001BD859ABF6AB004F766AEB60BEEE74480E
:10582000D4EC3D9D6DB6E81AC7BAD476B12C643578
:10583000F278581BAB44F915ACB7C5D50A1E32F740
:1058400007FD11070375FF244EC049A4CCE5757709
:10585000AE46D46FA0F47702F54AA9037324E6D0CC
:10586000617BCB00130C149E824E2607E1CFCD0C3A
:1058700015BF77250963AFCEAB437B57C3F63651CF
:10588000F077AD3500BFA1680E3AA6426C8072CFAA
:1058900081A34E9E0E80AFFDFDC39A87B3C8A36C53
:1058A00023EAF95CE2F11341EE794DD474BE0ED0D7
:1058B00090C088431DD2A3D17D10873381FA9246D0
:1058C0008DA65722F82E47716863DF75559F89D3DF
:1058D000473C2C9C96B4F343CD1645116CB9B9875F
:1058E000A59B849F61A8C7B852DAFFF15AFE903396
:1058F000E97A90B0727C95B3E5F72DFD291BBDD0F8
:10590000AFE647FAC6F6B9636E0ECEB11CD0F860AA
:105910003AD53D2210D88D536AE1492EAD10407919
:1059200062342B3C287A52D60D7788041A9791CE90
:105930008125C149A4C0781E9515CE1ACA97730A4D
:105940004289538655A285B7BD5AE62FEC800E5B7F
:105950000B19A4281E1CF16B0F5DDCDC595F2A2B90
:105960001B1DE9A56AC9995BE691220C59DDEE5C25
:105970007BD7ED49731502CD9E221D589818689665
:105980007454DD99EF2BD31CCA86867939B58A8485
:10599000EF2C138B8415F8028A800E807E57528874
:1059A000320A9131BA77C9C96FA30702620AA5F119
:1059B000177B3532C4A9FFC2BC21A9967CF9B8F582
:1059C00007BB7B7BFDB42646158A5078D00089C37F
:1059D0005DD8242FD83E1D7DBA798913199BC43D0B
:1059E000968968CC6EC59A903ED4CFB2F35802A780
:1059F000897FEE47CA071986C846887EE0D6996D2A
:105A0000E91D2B6BACE693420B0B45704FFB8A4FA5
:105A1000067CE13BF3C5F922962A2E497CDAC610B2
:105A20005EA45C726F052AA71FA888713CF5A6FDCD
:105A300084F3159CF2B41AE79B4D3B331A7C661530
:105A4000A05669E476A32282C753A4A763EEB8E404
:105A5000D4F77BDA0E6BE2822E3AD7B54DA9E6FD7C
:105A6000439985A5502971CDB0BFEF3D7D4BE01521
:105A7000538901B7C490C71334DF4FE8866E037AA9
:105A80009D0A7D263C22F051AE8D850F0F45FC7F8F
:105A90000F1A8E7C14721D7799656C78151C4DC099
:105AA000F00AEE1AD58F6230AB5CB5AC12EFF07530
:105AB000FBE3FA45846ABE9FAEF2E2467DED91F5C6
:105AC000D448C0EDAA4ADA5E12332FA7209002CE46
:105AD0004FCB4E8A479CFFFC73AD4D4BA0B69FCE7B
:105AE000713F984E6BA73CE78AFD8D82CC91C48BA9
:105AF00024D939AEAFE5C2BC47E719584B11FB6159
:105B00000B0AF4B09CE6BCFF0DAD3C95F1BDD95C31
:105B1000694647E74EAC772D53E0C6F32A699132C8
:105B2000998C0C2C449B4DEE3C057EC22BD543B882
:105B30006A3317841955FAB58282118083EEB8B999
:105B400030D8F1CE9E2FA227F88FD174CB4DB0D68E
:105B500093D36FBCB2A09B5E59989C291AB78E2D27
:105B600080CF341AAD0178F3EB09EA7BC181BFF035
:105B7000C64B8A4058B7DD395BC1C57A8EC972AF52
:105B8000764BB234F7EF8DCBFF6FB177D5DF1509C8
:105B900040EB66957BACE1746667FFFBA95F6D71B6
:105BA0004206D09A8C087DB4444AF9E2C683370590
:105BB000262C7CFE2E7770D36B137BFD3568335813
:105BC0009E4BCD084F0D24691E4440A59B7AB59885
:105BD000006ED484FA156B1E89F528FE905301FBE4
:105BE0004C0332183A0F5E9F02875F6836D3374501
:105BF00031FCEBF49BB673BE243BD3C1AA921F4584
:105C00004F679C6969E117C1CCFD0C105497A471D2
:105C10000ED0018A5D260C46EDD2816FC900BE6EA2
:105C2000AB18B62F0FA1822B3D4FA3167BEF0AE4D2
:105C3000EF9014927CB83760D44748E6EB813D235F
:105C400002776DAF3D343B6DCA1866388C3C1581C8
:105C5000B6FFE6BB99FA4288B6C104684C0A312007
:105C60009B5B94CB57190ADD41FD8A43F03A058EC0
:105C70003875AA1DB092A57461E7426731EEAD8F09
:105C8000245D2A2BC371945C289F4D771D1A305FC9
:105C9000B60E5BAD94C10587704AD180C78BF00DFD
:105CA0003BF1CA85143A50EEBB97C269C422EFB3E8
:105CB000328C29519F571DD0DD083E089DFB491DA0
:105CC000D47A67B8C8A82ED830C436D3CEE9A55147
:105CD0001F6AC4E3968BCCA3605A552413552D6CD0
:105CE0007CBA05D54448334F1097CFB60AE1AAC114
:105CF000A5512305D81D42D7B978CF0EA3BFCF99A0
:105D0000A2C90EB86BE54285CC483FC2E10ED6C0B1
:105D10008A34EEA6FD4C921321CB666EEFBF1F9E18
:105D2000256CC5FE3A6E42AB3E000CF22C7EDBF0D9
:105D3000ACA2A73979396BB711C0A15859E70DED5D
:105D4000B15D6283BF42C7446A89B9C46D3B6110CB
:105D5000F46886D6DB8F1CC703E504E84F555877F7
:105D60002D018F0752285D9FA0CBE72F3B7E3DA9D9
:105D7000C803289C394EEB7BDEF340667E5651DE2D
:105D80005602490CD9ABB9D7CA4AFF2C82456E0ED0
:105D9000E352BA3E1E892F9B1124BB436E3404B7D5
:105DA0001997CB014DEF17FB4921902AEC68760C2F
:105DB00031AB952574905CC223C0DE91D417B9B77E
:105DC0000BBC15709938116D4079A05135267A1A9F
:105DD00056A25764844A41B4200CEA268567A3FA88
:105DE0003871A1DB5020F5AEFDA59E5F2A47001754
:105DF000D5DEDAB3D2E77122460215BD1D49016333
:105E00003F2F0953DE7955E6C15D1A56AA8CF34639
:105E1000A8CCFE62A4088F90D4A6FB97D41B3C1993
:105E2000D93CAF4DC69580EFDA0EB86FC68E96A3FB
:105E3000868E3620A728CF18FEBB42A1719AEB446C
:105E4000C5D88BE7C497873B7380CEB9DB88F9E16F
:105E5000A1F7420FE1AE3E8776E52A8D380EDFDAF4
:105E6000399C5BEFB5C185CB6D9A47ABBEBE5B4439
:105E7000E9DD72ECCB6A7FECEAE94699076AFC0936
:105E8000B29CC2F6ACF97E49CDA3BA5FD8843D9AE4
:105E900087DDED5C24EAB81D369FB30A817E53DAB4
:105EA000CC1FD00845CBB49FC0F0C8E8DA35509C71
:105EB000455368AAFA86D986C69AEEF248B1F090A0
:105EC000805603030C9F3D78341D1DD87A5E78B54B
:105ED000155CDD53A68712EC83B0ED00082F744FDC
:105EE0006C0F3A9A5E27F35BA189094AED6D238214
:105EF000A47B5531C25E938A25319FA7F8C51190C6
:105F0000BDADBD580B71A7CF373D6C28CD15AEA3E5
:105F1000BF11699573740023AC520886051288443A
:105F2000FBEE962984E8445E4C9C608A8E1E3ABE45
:105F3000253B73D2C9C52FEB67AF0BB6C0E933E37E
:105F4000EDA17C2DA028B42718715137B72E416FD1
:105F500036AF6BDC6EF7421CF95A75880DC6B67900
:105F600011DA8D83D45AC156826E2CFE4C23699E61
:105F7000886D4AB1D7DC1375E6233477EBCCD2DBDE
:105F800058787DA567E832EB20DE4E6B1B196C73E9
:105F900093E4AD270FBC0EAD23F83D773B55A60724
:105FA0003DABB0894F59B7B5BED9A1245DF894F384
:105FB000B85C45FCEC8F22191D903EA9BA3D65FBEB
:105FC000CF1905D40464067778C8720B2DB567D154
:105FD000DD91A1DF865D85119D0842E606251C5EE8
:105FE000DB6CCEF216C0636332460D0F2F0F4CDE12
:105FF000CC94E39F81CB115756B82FB85F0824FD8E
:10600000D60FAC3320ADDF53D9055988A3D5923BC9
:1060100077F9FB7E899FAD63B34B62C14A20328B17
:10602000D479D4E89B82DC7E586333E1ADAFE624BB
:106030006102C4021FD385862AE61F73C7D3D960C5
:1060400043ABF81077A4B5CC7EA5422395E0E401DC
:10605000FBDEA209043CF2F991E5CF543047E2455A
:106060005FC72BCC3D4FA851F6F5FC280247C3F67D
:1060700098DB0AD4D0753CF011893D6660598D18C3
:106080000DA32F0D38B5650A9C8658045173CE9622
:1060900011776329DC7E6BB56F0428A504899E8B7C
:1060A0003BBB64DBD01885C535FAB473A596484B65
:1060B000908DB98E41BF2BC81934C1CCBAE9AFB4A9
:1060C0003933D0156E19BEF117771BEBC36A153241
:1060D00041F3D13FA82414F9AD7535EF0174C7D44D
:1060E000BE05A2723525769E87CA4FB3B9A13EF888
:1060F0005E4B029FA69A92254711957B755726867F
:10610000889C9CCDE7555AE60E6EEDAB6E6908474C
:10611000823C7F9953883F5E1F4741C66DBAFC5849
:10612000DACCE57FB81992171F35AB8B1AA820700F
:10613000476C1FD1D8C1C30B4A7FB89F740D9FE82D
:10614000E979B2A7AEE5BADB29EF3EFE255D734BD8
:106150008A9525393287C3B291313ECDB6A39B01D2
:10616000347C7D2CB2E040E8795FCB438FEA0A6A49
:1061700021B4CA8B2F0A4329BC2AC7120E61687F3B
:10618000DFA724E44C7277D2C65098464020759A17
:10619000D0479E0744624FD88DB7F92218A5B106A3
:1061A000EC5DFB7637A1141EA5AFFEA2692018B2E4
:1061B00010B822D9CF7E4F595A55DBE8BC421E4D4C
:1061C000C296B2FD4C356E826C5FAEF4149DCB3D31
:1061D00022DB47071657148DDFEB264415BD9A7155
:1061E000809E65D756007D9C10B82E21960840F001
:1061F00015D1095A3DAE430F04DA730A22414C8B84
:10620000E8D91DEBE825B5097C92C0A0B35C6A858E
:10621000985393808B76170F32D8A4626A40547CCF
:10622000BCFF336FCA668D40A79B34869F87713E43
:1062300024BAE44762425B0B8EF017ADCC53D17F9A
:106240001BB53DE2CA8D5826306CDA51CB2A1AE0D4
:106250003CD0FA787ABE14835CD67617BE55444794
:10626000DB14F6AB5F215B9E5652CCD4EDA8C2AFD7
:10627000772DC03D39A4F5F25AE4F833AF1AB1993D
:10628000C1734815EA5473EA81F0FE3701167BDCCE
:10629000AF46C571533C92106CA431DFDE607A507A
:1062A0009E4604889870EEFD883F42F8B27CE00D6F
:1062B000CC35F3AA077F7834AD24F31A2FC195DCCF
:1062C000706DD3BF3D1888EB2B595091465DB20CD1
:1062D0003C4902554F29C8C8111812DB753D098782
:1062E000FCFB6FE914B83A9B9665AE459860A2C76F
:1062F000CF8ECEADBE144A03BCD8210905299D2CF2
:106300000077297247585EA15C138DE3303A7D3FD8
:106310004FBF1D39A6FB88724B163DE120515FDD52
:106320007536EA91FCE8A57BDF9A34A0B048929BD1
:106330000A55E398E42A814F8418C5D8A451FCFF7C
:10634000A3DEEDD27380FA35D11D79246802324B79
:106350006C9165EBCC94B4553D611BF7C83A25BAF6
:10636000781E672812E1065D2CF3C31BB86F6F43DC
:10637000DAFB7DB7A84C4E7F92DD87207F404345F6
:10638000BEF1CF78ED40BBAA7F4D41423258F74F66
:10639000BD70E58761F21639AC00FF5E6A3A05F917
:1063A000BF220A7EA112F7E05950219E38C7DA9E1B
:1063B00003BCE8AD5CB5BDD2FABCEDF945F40857B5
:1063C000E18C1E55CAEAD6F2A81BC484912CCEF2E9
:1063D0005F170DAA542F5EF0A590A23BEABC464180
:1063E0005B5EF0890594C3AF9D84EC157D40FCB0E5
:1063F000FF50353D9D85945EBE0856C1407CBB086C
:1064000035AFB0E1B45BEBCC9F419C004EBC73F860
:106410004BFA8439615E3D0F61776BC17D18B8FE20
:106420001F968B4079DCF09EB86DC2AE0867C1EE56
:1064300057B0CE9D18463C9ABC5886C06B5CBF5482
:106440008786CD448A5AF92C53390F702C7E82F9F5
:10645000DD6A25FE325C5CEF980B864A9B17082F9D
:10646000FB45AB12D72DF7E7700D443488657EC528
:106470001C6D2688E1F21171300527D9E55C88682A
:10648000603191968FD28F8A1A85C219854CC5F3D7
:10649000A9537A2A7CC70C8C940DA8F82DC3013C13
:1064A000464768D41203ECE0F3B916CB43C95F7BCF
:1064B00052A070168376FCDD913347547C5584429C
:1064C000465B72078652ED86729465F9CAA74FB88B
:1064D000FDA1D6410CB6A35993038027B72686E3C6
:1064E0004E94885B1F7C7A7BC4AD0368FE36887E41
:1064F0003516561B0EF1B0ABA383A8158DD7A39DFF
:1065000080C7C1ACC59912B5566064A0917502C32D
:106510009F1D54BAF3359ED276B5C61D075A8B20FF
:106520002DBEB903E3B802925B676A8585495B0BB0
:10653000736C41DEADA1179C9FF006C28117B78531
:10654000702934879216084263E37119FBBBF8E1A6
:10655000D425FC48C6E42A42155500691923DE1CDF
:10656000753B0CBFC89D8AAFB326CAD77C0289AAE7
:10657000614F3A4EA16AE25D26A64E21A62D3A88C9
:10658000362A7045FF755E01E838D204A03F61F2FB
:1065900017A61F223D0C836A2ADA793EBC8482A8A2
:1065A000BA20DD55518C672E34F21B4C6266D172D5
:1065B0003DF7FC5200B11F8CCC0A370FCC16579E0A
:1065C0005F811F7F68123043438360F03B69216520
:1065D000229BB0374B7DF19CF7E5426C83E612AC11
:1065E00060902155EF8DD5016B8613FC806B1226D0
:1065F0006CD813B60428026AB6DD4610FA8C1C0A61
:106600000CEB4F7F83AF6CAD7EFDE58108DEBB0BED
:106610007BF2A57E5968C9322C59C238E468D4B0DF
:106620003EA4DF9B5B1B00C5E6C0C46E8783C745E5
:106630004C914EA4DC2286FCF3CC4A37BF1B3E743F
:10664000A9E8B84433B066EDFA727C3BF2437BCEE6
:1066500067604B629F9CD5FECEDED1B5A153BCBF17
:10666000E1DD8D03BB6D3958C2D432D519406B7C46
:106670008AF5BF90889B7C842CE3FC57CD9ECB533E
:10668000F189A8B7C83FBB8A313FA80B5F31CF1251
:10669000F07B57119CF687328FA59754BA4DA18D88
:1066A000D6C21355570A335C7EB0AB7D7058F2CD1D
:1066B00038DDD50A790C6B299E738D1F3E8D51955F
:1066C0007BECF5DC7E2A913B0402143ADC3E4F7CE5
:1066D00046A34F6E18C36DECA5319464B4B33190EA
:1066E0005A3BEB99B3D5F3134B9042D0311C993CF4
:1066F0002F91A0319C684558AD140CBB9EEE56619D
:106700007D81B6510473DAC21E085353B80E7C342F
:10671000096AD32516BE2763AFA5FACBB77A99606D
:10672000341F8EF4E92152BCDDCA8E3EBA3FD82D0B
:106730005D49D85EC7A1EC7138D321F4AE15CC12F7
:106740006B213404C0D4D2307B383A92A40631DCB9
:106750009EFF8C5B7C8A8B09FA61B80AC8E6410D02
:1067600012F4652BA8B208ADDD1B248E4F288BE5F3
:10677000AA70C2C890EF6D3BFEE01428F5221708FE
:10678000AD4B0B73784D11491632C6B7EFC2CB250E
:10679000FCB3AD1612D668934CD6377904571C0556
:1067A0005DC455D53D5C7B8E2820014FD8DC58A6B2
:1067B00086E884D3428DBF25B939DD5555AE21B762
:1067C0008646F58339002F7B93D1C9A04ED70A782E
:1067D0009A15968C31C5387979AFB7BF709AFEA6F5
:1067E0006B5107BD9CA82C1D0EDA0DE8534A7F02A1
:1067F000BB439E28282A710E67858686EFE3580AD8
:10680000202B834ADDFCCB35D5FAF57BF49BB639DA
:106810004C8781FEB6512E531EECB13D9A310A5180
:10682000CF534E3309EA1548299687E53097066815
:106830000DC2BDA772EABF00E6B6182A07F872EBD0
:10684000F5A1DCA2C8530B9CD88F3AFB25B7353095
:106850001A943C51AD186F8368B1F54194903002A1
:106860009758E3D111633F33E0061592CAEE126ADE
:10687000981F0EAD5328C6DFFD2019FAB10E5DB486
:106880005A6FADEB73812F88EC16FCFFC9D186E7F8
:10689000025D0D99EC7C2735A7B1E6227274358430
:1068A0007BBBF0B19F40D27E065E4E23A9CD5762DE
:1068B00071696B097438C5FFBB9ED1253503B21AC7
:1068C000A34460FCAF86BE7EA1F8BB7BF602A9683C
:1068D0007781852997264FAD555535F38EFF0C2FBF
:1068E0009BFF726E1B8D51BCC7F63C3D8E54F588E4
:1068F0007E300D54A4F29758971CFF9FD78860E90B
:10690000DCFB7D6E4E1AAB28DBAE6C4AD5424C9850
:106910006B72DD9F25C807ABE60510FDB9750A3619
:10692000F41EE6D991E2776EC4415C280D563860BA
:106930004C577E6E5B1EDC5E3DF962065D96BDAD1A
:10694000511817CA547DF744BAF1D74C31DC6A08A4
:106950002AA1C38F5465729A46D68F45244E5C8C0B
:1069600014FA897CA22C7AD506298BE7A392FEC55E
:10697000C8B2C34985F17CE8F3F63F72F3CCF81C4A
:1069800054A8A4A91ACFDA4F2CE09FCDEA511B7D61
:1069900030ED0F4D4AF5032AF7ACB2F28DE0697184
:1069A000E173AA281604E56E28D3263987B9A73FD4
:1069B000D80C3E251280AF869407F6435769EAF15A
:1069C0006950AEAB2D5194618016AC48DD47168BF3
:1069D0003F9BF1939467B76FE27A8C95D159CC5273
:1069E000CB91AF3F7A5BC72BE2AF3CDDCEA2DD603F
:1069F0006576C0362F62F6C6ACAED8286E9DDE1224
:106A00002638A14362733A3CBCFCD52B0094571B3B
:106A100080680FF544BD84B02C4C23FF0BEAE2F5EF
:106A20001D0BB98D99C9CB2099463CE99369BB0FE1
:106A30007058439879A8E1B6B04FF7C06CB85A784F
:106A4000014EFD3B5355E3B8CB7B07F6DA31C46A00
:106A50009870CF29B920E6C56CEA8252989BE68CE3
:106A6000AE334631B12D8838C4C36DF312574FF29F
:106A700035119BAF6453FF233829E872020A57EFA0
:106A80009B28F5D36FF4DC48B529196B5F0CF1270F
:106A9000E085A34036D17C0FD966F43388603FFB94
:106AA00027E8434F1F1B7054892B10707AAD7EBCB2
:106AB00043DEA5EAD6106E92629A024581F618CDA1
:106AC000C3C8612AD0F034B9B54E096202995F2873
:106AD00089AE706F02BAA74078783EF6522CB6A8FD
:106AE000A58AFE3C16232DBEB5C510A7DA4E5B1055
:106AF000EEDD275AA2CEB213505812210A3D503172
:106B00009D31A3FFB417B4A952F9BB356BE6475BBF
:106B10009C33D23104FE911AC246CEABE4D9B9827D
:106B2000669A080C87D3B4B8B9CEA2512FF26BDCA9
:106B30007209AC7B1CC96A0746A3384BD7560C3484
:106B40003A272C85DB2185B85DDC11129E8E698287
:106B5000C9C3AFB13F054875A3170A2374DAE282AF
:106B6000DD7A2AAF1B28480199A1CF1FE5986089DB
:106B700091DA46B21FC0C19A9D15E4573DCA6FBD58
:106B800060CD5FB71454A0486BD7455DC33B11EF90
:106B9000F29DBC9DFA23A9602072015D2B6C2D70C3
:106BA0007A745A3A79A259294DCFEDE0A2D871D81A
:106BB00021B7F04A39AC473C5374394723F5B4A5A3
:106BC0007C1D8C54AEAABCDD56A87F2F7D65E0DA13
:106BD000703EDCD69496A875AC289AA8317C8C734C
:106BE0005019A783CE301AF104433C711633517308
:106BF0003FBDD0F17357C9F733BEC59C2A48DCE1CD
:106C00008CBB81910271AF8F019CC602055B5C1C3D
:106C10009A486EDEAA2050F669913F9B7E2B764DF6
:106C20003D75BDDFC57D7FFAEF7BFED629B5E8094E
:106C30001C6C09DB1D397B5CC4645BA42E1300DB78
:106C4000BDB233A39FA9A9F39614D53C183C55486F
:106C50004227880254CA44019868A6F4B9B9202E84
:106C60005D93833CCEB3F35F1D86103F4F33D1A3BA
:106C7000662ACB63E65CEF82E8D1E9BD8CEF1F1D8D
:106C80005E2EE3DD00EEF9F67E9D0061716E0C6311
:106C9000E87E02D52312F8AD5DD290A4894750A9B1
:106CA0006DD208A9F40B024C7742BC58D084562D03
:106CB000C599B43A6EF01405C2E7DB640D6E9A9D77
:106CC0008E24BE58A923B96605DCB3BA722C4432AF
:106CD00045F01FF92AA9206308036B264AB14DB578
:106CE00050A01F390CA0097A0CE29248C2BF27B30A
:106CF0001B0404431548984489CB1089A9F3AC566A
:106D00000803A96C64AA4DEA2645F6AAE62524DB09
:106D1000E0A51EDAC55935DCA4C6AC7E4796AE1B8D
:106D2000AB717AD2280635E9A34E1B2DA431FA782F
:106D3000EFED482C24115AC756917CF2F9879EAF8B
:106D4000DBEDF2AD792FCC31223A207682601BA3A5
:106D5000E056A403211E9332EFC087871FACC435D1
:106D60005404A3E7560823F9F1F6F1C6FACE7E01E2
:106D7000E1A8CB9AD5DC13968BD5C338D4584C1CDC
:106D80009AA217CDD90C84A6752A791E445E7BA8D9
:106D900011D2C2A451CAF65EC4B0CB88185DDBF232
:106DA00096DFFED7CE01F4DA1D292BC680ED49A768
:106DB00057A704C5F2BCAA95E3C7ACD3C894446BEB
:106DC000B145427A9CFE272D145A76CDA40F22B5E8
:106DD0002997E2236850682D546C0530FEEE763614
:106DE000E1C8EE3F220DA3DD642619CD801B792872
:106DF000805BB66EEC4930057A02F4171D62CC8ACE
:106E0000017F3A9B2778C1E8FFA907F16ECDE0AA80
:106E10003F1E6FC5660B887B7DF50D8413DB9914CF
:106E20007970EFCE15BC577F38F8891CCDEE24BFA2
:106E30007E498C6B42E9A1267D96E74B0758FAA064
:106E4000EF023BB4E444E43FC3315CED8830E0D86A
:106E500091AD1366A08EA075BA995E01BA0B71A2AE
:106E60009D8DE565BA70676EA174D6A6E1312323C6
:106E7000B7A8B48AF8B08F85228DE8B60AF467689F
:106E8000E8BF57234611756C5224DC0C31B32BBD7F
:106E9000BE625F2A70A0FD6644078ADC174358C6AD
:106EA0003C047B7890FBA10337AF4C063502B61744
:106EB00039DAA584936D488CC9C686FB223B5E55A2
:106EC000A93A18F2541DA60F5C5C462CD37D252DE3
:106ED000AC12EA0BFCC1121AC04988817D4D95EFB6
:106EE000ADBA258D896AC050C78973A5A62717BB7F
:106EF000C00907E540ED8B9075B0EC221B7BC88183
:106F0000BF9FAB909B2D8BF2BC8F9CA21326AF7CB6
:106F10007FD58302A1AF535AB1D39A6CABF65F18F9
:106F2000E47A947DB432111E5C72A5C73C60EA60BD
:106F3000F741DF4E24ABB7CD22B19B4A15845D8D5E
:106F4000E7385165CCE1213945328FC2BACF1916E5
:106F5000BF81016DC42384543855D1CDBBB03330CB
:106F6000CCCBD6663BB1DC9C929FD9CFB2FF81ECF3
:106F7000DF8F3FD8001BBE3B4230CCA24A8180410C
:106F8000044770646FB98B0041C16B200A969192DF
:106F900064AC8A4338C3BD0A61BAE61732AA3CB76B
:106FA000E8B24DEE1FF13DFC5003C9999D50BC2C39
:106FB000CBA263E7831CBD5ACB49A9264F9ECE4E78
:106FC000A7D72B9BC4E996C953B4F1620A5DB0A35D
:106FD0006B6E304F75021324BB2F6591D89EDB4B2F
:106FE000AA06A295A466407B0A0C4FE49597378BBE
:106FF00005911AC1D500DF0CFBFA5E41F2FE31C5E6
:10700000F6F12A43EF5B95FCE999405F05411827AB
:107010008D3B685B20497ED9EE742B3D7F970E5ED9
:10702000D248F4380AEF71C50E9EDA9F3F990B8E55
:10703000F35296C53D774FE9EDE31142049FA99FB6
:10704000545C8EEF610677CE7FB623EB972E85B228
:10705000DB1B31677737C7F9111D466242E1CFABC1
:10706000D8206D91C9273C86DC13D4CB5DFA51F64C
:10707000C051E8D36C99BB91D729669BDEFC4AF0DE
:107080005625EC883F6BE4695E165DF03A5CECC116
:107090006C5A7726A2D8AD1194132F1FAE5BE5D59D
:1070A000B59EAAD9AF8890DA4F8A642765AFE9FF09
:1070B00080C46E87838C9ACCDBD0B3D7F11EE43EBC
:1070C0006BD705CA652AF3A874A4C601163F20C66B
:1070D000C6E8C449FCC04E349341EFAE876E69AF39
:1070E000DF1122A0A5793138B87FF66846C8581458
:1070F0002020458E06D6A1980D226D1A92FFA9ADCB
:10710000BA54A7CF78912416C37F598FA600E15BAC
:107110006061AB713E65FCE6D930BF8EB8E6B6075C
:107120003EAC307CB053D2F41E50FF0928D4D1DAE3
:10713000331AA5AE26EEC058EA330F29F32D9AE094
:1071400075AFF5E32E248325215D721953AEE53723
:10715000DC701155BB59A9EB6D461CC453FB6D5433
:1071600009DD3C09452C8EDA40C551A34F8A8E8239
:107170005A1257A0EE3AF1579AA03154934BB8DB0C
:10718000B8A74C594CE614E9678F8568C7C4E15924
:10719000F34F5BC40A120A3B271E105E298A580669
:1071A000FC8FAAC8023368C785D24E8C36492B8C17
:1071B000776C945697306F4D2050567C6502D824DA
:1071C0000BB6304EC2F79D4086C0AD2682D9C77B34
:1071D00030840B432010628A7F68432575D7AEAA9E
:1071E00086D5BB154F32A49FB711C75CC54AC68C64
:1071F0006BE37F2E63FD1034B50B8C7508F352C022
:1072000069150CDD564B3E43E1EAAD7F4F155F1F1C
:107210009AFC73774E68F46E86A9B8E5FEE87D6245
:107220005A56B54F4E6DAF205F239708D2BD6FFE03
:107230003304D57D038A3FCBF32476DC68026A34BD
:10724000D422E020C84116C0D1A024367CA9D00A9F
:107250009A2238BB17F566B86D16D0437AAF8F4ABD
:107260004052EA1F998A782DD54E607F9AC0740DDE
:1072700073B6F6BEBFE958BCF7C817A5F77F0C4C2C
:1072800009DC1594919C1CD0DAE48F018451B9700B
:1072900089A7384780642A919E1FE43DB01665890E
:1072A0005BDE026800B41BBEA6B1085E7A47767D3D
:1072B000D0CF946EBF5A096FEDD31B2A95D60348E1
:1072C000BF2151C6AED51AF7E113C61B644D04BEEB
:1072D0008AD7C2913AA46452489EE75A4DF4501995
:1072E0005C08A081DAFBE4D999C5EAC85478D51CBA
:1072F000C626F852F42A6B8A9BDBABD7EC7C7FF274
:107300006B86183D0EF5563957B5BFBA56C146744F
:10731000F9551A483E26F40A02E2D944CFEC84D843
:1073200084A31FD14A63AFFE90C76BB6E64731A571
:10733000C5DF240CFCA61BD4506876D6FF48D7EED8
:107340004D872141E7E072E62174B4A90FAE1B3EE0
:1073500078A132F7EB5B148C76EB043FDD66C7DE79
:10736000A00EE1F4A4D54C9EF97531B1D63527D6DF
:10737000AD1DDCF7CD4B304EC342EE672650DAD35D
:107380009649371A4DA4E1D916C4054B6259518E5E
:10739000B5B9EC16A7D4EDC24940D765B22D694105
:1073A000255536DD8DEDF74E87676AE87DAE7C6248
:1073B0003E3BA06FB4E9C4DA58B6E0A194575760D9
:1073C0004B039472448A3A150ED06BC470088367DD
:1073D0005DF20AC52397F33B910ACEF17AE1101EC4
:1073E00006BAA3464EA1024D40EE8586DAC6E03BC2
:1073F000F21B07D97D75ECC52536166C5E185664F0
:107400001D4902B4BDF4951397C5C1793F9473012A
:1074100089E6C02BF367B70B28DB16728C77FB0C61
:107420005981180F81B1D91846D1AA0CD75420110F
:10743000AD817EEBA912180FCCD9C22D935DFC3D16
:10744000171B5F10A6757C2D3AAD0F297BAE5A5ED7
:10745000050F3E696736759B3D6274AFFCF64D2B98
:10746000B80688AB4E3DF9BFAD79915F10DADEA763
:10747000B44A623A3EFBFD5BF5489FAE0059EBC74C
:10748000B43EFA6D07074BB21CE663D9D10D539099
:107490005C02FAB7F4DC5E6DEBEF7F17AE98FCD3BD
:1074A000F6914EE71261960E548AF381C38AA5AB1A
:1074B000739E89BB25CF91106DDD921397490963A7
:1074C000367D48FDF59DD582CB3027FB3B5DF34DE6
:1074D000E6C4704C8ADBCB238A7BDB3CDF7BF5D7B1
:1074E000508DA2434EC157868A75E41CCBAF1ABD9E
:1074F0006057A497C075B3180D8EE676FA5B8A07BD
:107500007333C3D9527A7EE2EDE759FA4DF3874ED1
:10751000A5EE7DADADB680675E8B3B623CED1C4653
:1075200060DB49231F5114FA1D199E5F37F5FE3D9C
:1075300062E3A17F4F27E9DF7DC653DC9A67E060F5
:10754000B38AE36291035D995EFC3BB845DB570962
:107550000E56C6DF0A383B17A1F7586CE643827D0A
:107560000A08F85D7EBD84CFB589D252DF240F1E94
:1075700060EE5FAEDF50D415158B550A2881F74DAC
:10758000D5A394463ED8202765B0971830A952124B
:10759000C87443F1DCE780D3FD76DC99DABC11AC2A
:1075A000F291523ECBDD966A096184DBEB9C464941
:1075B00068B48B72B713563AC7402E142FF7A04702
:1075C0006AE6E48BBD5753224F61EC5F6C2D4FD3BD
:1075D0002DB259E3E071C1795FF8135EAA9C573070
:1075E0000AB2BD3F53ADF41BF4FE8DD000831F1FC4
:1075F00095E41BB21059AFDD461C7311556D9C7C90
:10760000FDE9BE389836625724B401B98AF37AB1DD
:107610008B289A553FC21092901177CA2E22314A78
:107620005BA55A0392EBB95B8977E861C027045ADE
:1076300068B67E841BADC66F210E47EDA73CD34CC8
:10764000254AD43BE3AAF21B2D6BB7B94B5AE895F8
:1076500092F6AECCFDBE697881EB2B8056B21F4D01
:10766000AA436AA48C6B62F997FDA4D4EC94F13719
:10767000558787561758C266422B442FDB89E50D84
:10768000A2DE8732E158CCE01560C55FA1D5D8EA0B
:10769000206D294B07D3B254275629B0F273015CF1
:1076A000948411FDEB05F66D438AFF4A0CF40BBB85
:1076B000B6816B01001215937EAE85EC6B96C118F6
:1076C00090B3D0FE48B5483B34D5FCE438A4622FD3
:1076D000A7BE3C2008297DC3F3F9DC790AB8300144
:1076E000F434E00FA6BF53CB136C3285BE96016C09
:1076F00010279D31A6DA07A3036694B68735AAA39F
:10770000DDD595D35AB16F51AC6431A6B67F7D32C9
:107710007242E18E8FBEBE168DB69F5FE934BD2FDB
:10772000419D5680BAD618EF7E887BB14A33BAA302
:10773000C322030EC2992B95683ADA0505A1B85CFD
:10774000CAAE993EDD78E08C585F1DC10C3CA14467
:10775000B1763B0646166AC28361DE267B204E98D0
:10776000F40CB4F6F94BFBF2CDF5385EBC8AC4CA12
:107770003904A6A2DA78A8B110B35ED6B5664AD5A8
:10778000F99DF06713756A6EA9AED01E94A75FD5F8
:107790005A09ED324E8E5C023C2962E6B0DCC182B1
:1077A000E22959986A5BB35AB667E75B9902F4BA63
:1077B00038439548C5EB73416A41004C4A7A2B2DFA
:1077C000B83CCFF86C41998A2C1EAFEC808C2EC04F
:1077D000B6E2970B68BB8F043553D0D18A0DBA71CE
:1077E000F3FF827A6F1E1067E12E4965169967EFE5
:1077F00017FF127FABF67E9BC193D0A5E6AA233973
:10780000E087143EC34836950F523564790216124C
:1078100076A588011A5200D518392426CAC2746286
:10782000268996D5A92E4761EEF1F5D13582BD6A3C
:10783000B81E272886A05349E292BDC16E8864DB3A
:1078400027A56D0D362D43CC2648DC9E7F200B905E
:10785000C9654003E69AC972796BB64D617A90406A
:1078600036CB19230B56E6D9D6CFC651A0301D3FD3
:107870002412BED8F21AD3027E0194BE94B01D40E9
:10788000E634A58941697DA94FAB6342F078A89D94
:10789000E6AE1AFA35F70FAF6E279B560F51332D10
:1078A0008C36372093017F42DB423E4D72F2A8D6E0
:1078B000ABD5D9145F12278BFF04C776BA4824C50D
:1078C000B7DA968047E409A45E918FD5A931E578AF
:1078D000C7840A1E08403465E4E1A157D376ADCCD5
:1078E0007867E45BA0CB9A788EC55FE36085D3BDF3
:1078F000AD9157B77AA76E5C836BDBEAF98B23F700
:107900006BFB2A33530E8FE938EFE7F7F27B750AEA
:10791000B5967B529943C678653D7054B7D5C6D4A9
:10792000E07FACC5B62E4F4D9CE5C1196D11ED6BD6
:10793000E2A6D101DE16630EA42123A0411FC0AA36
:10794000E5B22B885E98916E442659C89614B4E02F
:1079500074C2F2EED9069756058E1A42298CB85396
:10796000B487FD2F90C1EC4A38B45B28F4F3401B78
:1079700016159CF1018333131D7CD851AC953B6FD8
:107980004FF743CE9877D224362FC053F47E988495
:107990009B36A072AAEF0AFBE7DE0AD5ABFDF99F82
:1079A000D8594EEE0E4EC5CB82DEA4A82F3400E788
:1079B00040D0F21D0A525AB43DA78AE0372B83AF5C
:1079C000232CF89A89840A271826B0880D9C8FD416
:1079D0006517EDA892B6BB05C6284687F257E25256
:1079E000E9F217E855B620BBC0CA763F29729C3B26
:1079F000DA010B28DE20E91B7E83E81D9820205F3A
:107A0000319BF6F32AA492721AD37E4E87C2BCEF42
:107A1000B17BD7980DCD242601D468E412FFE72965
:107A2000BB88FF70DBFA48BB5268702A8F5B709688
:107A30004B9955BEAA10EAE8D08E4ED548618A61AE
:107A400035B2A30010E2B43442266C24A13C238654
:107A500044C2106C7283917FDF27207314C55818BD
:107A6000F9B1EA974DC313FB2BF54BDEA93908C1D9
:107A70002F2762EA60CAAD360B1A1ED26D427550CE
:107A8000A2F42716DB9E75C89C8F71598270B6EFE1
:107A90004F1B885FDF3A705B979FF51CF9732E626E
:107AA000E0793A7EF8D64215C3FA9FFA8F2E59B381
:107AB0002EB08EAF78597A44371276FEAEDA85C191
:107AC00016A3A2C1F998A6CA646BE44CD09C79F8BD
:107AD000E34C2681A60277CC8F3E60C0CFFFF8BC76
:107AE000C24193E2BFE4361F5E79302C3229462230
:107AF0004C51E29BA6D54F53A0EFA8D33D14EAFA10
:107B0000C31403871CF5253CB6FF1169EBFBF75145
:107B10005CEA9B308F2DF010C071A268A46E5DDD11
:107B20002FA4D51BF75695FD1E900FA363F7F07594
:107B30007F5AACBBCC40FEE5E6D72EFC02B14B37FA
:107B40000F479AD3A74E61BD1BCB9A440EABCA0018
:107B5000F7E2372D07EEA680347175F34CCE89F32A
:107B6000A90F8F656368D318DD7F553E4DFDAE5775
:107B7000BE5AB1DE4619E05DA3823A68628432EBF8
:107B800051F12959F09E9389F5F4FF904ED9D8B060
:107B900093627F15FFA2B56C19CE5A384594AC1785
:107BA0005859322F78CCF88CCD95A33BFD773E61A8
:107BB000DEB72738E6516E8448A65E2EC8025CCE3A
:107BC00068E242B13DE0432A3F7679E57303C30C96
:107BD000019C0FE7F6240ABC6824BF7DB2E9D0FE01
:107BE000884530078B0C95190E51A1A0BB688DB04C
:107BF0008677B76139887188527A51B0707940566A
:107C000029D184F4EEBE7CDBDFD4DB5B8E4E8B802F
:107C1000B50C0C527505419519B4AD2079A57412B7
:107C2000A6E807D247D21CF1D4C2CF22388446C17D
:107C3000A1243E9ABEE185A93EFF162CB2358540AF
:107C4000B768E2B89F76CD77A6BD3E4671159F36E0
:107C50008E9F03D3212451AE00B39968D998338500
:107C6000D45CE5827C8B1646D1303FF3F6B46D5B75
:107C700042566F4070966EE77E3EB938C96F4292A9
:107C8000AD63C39E1CC4A7098B3BCF827B5AAC98C3
:107C9000241FDC21012801F469BC78C096BF6C9BCD
:107CA000972FB2AB8F79A146EE3D276A165B5C93A6
:107CB0009299512F57D749DE92D9A018EE40D0FBA8
:107CC000FF38AF9B5348FBC6976B6DDFE202D1DEF6
:107CD000C63F0BE55D236C8410B04C0599E4E56963
:107CE00005C19A8698E9E2160A4ACF0C015A28DCA7
:107CF000C3040A8331001318DD7EF0C574E990A235
:107D0000EA2E638B4FB9A6351B940AEAF294BC5A4B
:107D10006DF630437AD2A56A14C5889A012859FEB7
:107D2000AC342E4D0334E6E6C2F5A5886DFD9E9D6C
:107D30000BB4DBBA35BAEB8AF314FE3964F291A1C5
:107D4000287CDAD1518829F61FE7151933346C6580
:107D500084F0113059F570ABF4251C8E2F28C452D5
:107D60003AC3925CA416B24FB1E944ADD5F06C159C
:107D7000765641F899C46B8458FE74B01DA6FF0F67
:107D800023FA595009B016F7A0B9709E1F731883D3
:107D90001BA1A052AC876799568520E9EB0E8C0A8F
:107DA0003AB24E6767F29F6EBA90AF0BC5F7A2C8A2
:107DB00077589D344830FBB84900EE6AF70B497A92
:107DC000AE3AD235AE326154B73F01C8D420D0C8E4
:107DD0002622475AE92B16FE5DDFCA1A78FC3B962D
:107DE00064945905FBF506237D6A806AF45734BE16
:107DF0001C157EBBEE93323C11C095F52E78EE64D7
:107E000007EE222FD05C28249828139B6E6D51A07A
:107E100067B6FC9416A9E83350025F1A9FC4140495
:107E2000FE5BEB8566A8DA63565303A1F1CE077DAE
:107E30006FAC1B9023D1A6C9A027EA9BD4F096482B
:107E4000F361BA7B21B5BB2B39CAF3E6994287EFC0
:107E5000C4FDC4335DEA0F613CB7F17D3E66E23597
:107E600024709AC3D185151B680F067F82BFEE91DF
:107E70002F00E3C4DCBA588C219D8F73D09A3C5DEF
:107E8000A90D0B89C9C961DB668E16562B26F289AE
:107E9000FA56816F8E30381443264C94DE00AC6A5B
:107EA000E89D393D4AEB3F9ABA8E3DCE857FAD04C1
:107EB000F1B0C01E43B34D1A838FD7A96360D1D4EC
:107EC000883906ADCD944FB5C2F0A9237A5C7E9770
:107ED000D5BC876D7A5FD97BE13BDC91379D34EA75
:107EE000C926B19620B2C501D69294A554E5BAA789
:107EF0001F4B4E550940282CC8175226E48CF29E81
:107F00008F42E3A755772AF414617E5520B0F6CB53
:107F10009CEEB951B639E33FDE5ABFA3330E372585
:107F20000A6F67E54777D2AD062D7B8F34D4E4A680
:107F300051B6458CD34755A8828EC31AB367B4B6E1
:107F4000ADCDCFBCA70F51F877A644462970DF63AB
:107F5000BAC87F493A299000E1A2333CFDF5DD28FB
:107F600046D14BD14AC3ACCF2B424A9CAA8681173B
:107F7000CE70221C1869EC1B2DD514AB5A806527D6
:107F80004849FCFE93A7A0B0B48ED65BE396F5E219
:107F9000C55892938AD2003AD1D6D695829E0D0AC0
:107FA00078FFBB07B0CBD20471C6C4C3748FFF92F5
:107FB000C5B168CBAA44E8FFFFC8BBC82BC87FE4A3
:107FC00005D04DD3E8435861780A61C7DBB0C16F73
:107FD0006D80604ECDAC0F647F252EE0A9F4049A2D
:107FE000D8EBCEFFCC0BBEFF775B81E06A86D51F56
:107FF000B62AA987106331AD88042892AEAE868078
:1080000088C88FFE64E9F9A561C32AA217BB24E6DC
:108010001AAE8B1BC3E38FB002B8F487AE5047167D
:10802000505153A1F436D7B64B2BF317DD0E4A2A25
:108030005B45D1E334851AFA171A9424C3865F5F2F
:1080400084D24749D045F7B7DA9CD29C756A9F69BC
:108050006F0A6176F73C4C85C065A630F951881BE4
:10806000675A343020EF808BB0998BB0674FB4F6ED
:10807000FF462EE5D66BA48BCC98B117E053128F38
:108080003616307405FC59DCC8A8E470C0873D9AE8
:1080900026E5B8733D6EE8322AFB0D39114A281FD8
:1080A000057D7439AEBB0C8BBC25EED11C1D781040
:1080B000BD6B88A54F036F47F20408A0C3A7295CD6
:1080C000D298FA9A33316C3DC310E4B7446A461F24
:1080D0006937F05E620D9937D609CDBFC262A70934
:1080E00041D5F6FC571F7D743BE345923BE2B64316
:1080F0003E0F76DBB06A8E86617B20AAD1EB44709E
:10810000302E2C5641688B2F3BBB2CC825656A51FD
:10811000769BD45736E5A377499932DF3A77BE8408
:10812000754002A746EA8548DA59B55A4B07EF0A67
:108130001AC0D2A0237BA2D5C5C4F168E04AAC9F87
:10814000F8F5AAF1DC4D09BCB0989263D6AA50D0DC
:108150008D2D04B4F1A927BE3F4D77AFADC2092FD5
:1081600072194B07A5D5574CDF72B54FB8E0325B9B
:108170003BC1B5A451ACAECF1280EFC1AFE91AC775
:108180003A44D7EAC417202AC1302AF01FE998439D
:10819000DA6F81BD9E172260AAB18BD95AE491F79C
:1081A000454D18EFAAEF4DDEA8C4FDF027F8E09189
:1081B000B090619013FBD7C119E728C15449878259
:1081C000F3758EC82CE8712E0B447E7B2269FDB2BC
:1081D0009E8BC841536CE7150D2F05C170239B0D75
:1081E000EB04E62EF4FD333756DD756DA413099DBF
:1081F000FBFF54133772820FDD785EDF03DC9FB61E
:108200005B6CB3440B5F6A3EE08CEFA143BDF2644C
:10821000D949C9F79C4A862AAC3B147722B27360CD
:1082200058802C2A19E33705D68619D99A1037FCBD
:108230002E53D84454EE9684065999E5C3A27D0D79
:108240008FB10F535F9EF167AF60EAC665C168D614
:1082500043A0F9CB6644D3422962C5E2D49C307E68
:108260003D5D60B405F60D97B4FF32B5A575C98FB5
:108270004B6A7C924798B4B64EF66B91F0CB4FBAEE
:10828000A397AB2AE8D5687378CA4D299FEC841967
:108290000682D92753323CFB607F52FC2A579876DE
:1082A000C00BE17A34B071EB1431AD7713B4D93827
:1082B00053D1659692B84C63A31811137E87B6A567
:1082C000483EC4DD5FBDF68008938853F5026AF529
:1082D0008F81F093D063F36BD371F6B5AE57A934A9
:1082E00063A8E0F882657ACAF440A6AAFB84D34664
:1082F0002514414CBD09D9F33D640EC81019A25D87
:108300003960C7195CA392F9CDEDFA0CE65919E86A
:10831000E781C1DCFCB70FD143C7EB8EBB3CBD840A
:10832000996B4D79F9D8E572855690D01F24E40BEE
:108330008D7477435AECFEFC03EF691300AAA2BACE
:10834000DDE699646FEC7717FCA6FF754C4AD9BC43
:108350001D455579E11DB1DC1DC6D171403C176F3B
:108360008684FCC623A85F4C32B937F3F71D434619
:108370001D65134C9082F03FCFA441EBE1EF111843
:1083800076D2F942D6EC22AC24FAD52FA557AB4FC2
:108390005FAD80E9AAC016D08E067E36DCEA78BED4
:1083A00047F56D945FE0DBDB8C55730E7DDB9A94B3
:1083B0007F99F9AC167B704209DF89C337355B932F
:1083C000BDA163F2FB57D040EC431F56B61AD4E769
:1083D00001181BD8E85FE79E5CF0C1E5C01BF7AE53
:1083E000215E547703F52E7FAAD5B568B97A19585E
:1083F00098AB461D3E6320502D24AABB82D306FBBA
:10840000FEDF515BBCF7D7707EE6AF9457E965316C
:108410003F9D3AB267B4C7BDE104FF149A5C1F7F69
:10842000A36F91291192591BAD04330A46AA41DA70
:10843000E073EDCEB4B9F7ACCDA9B769B78EEC0453
:1084400002D18B6F990C7AD737D4BDF451F70693CC
:10845000EC4D7A1B3AA7D0DFF82B625191EC5F8488
:108460008ABC23BDB0367D238795046AFC126D7CDF
:10847000793CCA48A728AB84D1D4C7CB8BB8CF648A
:10848000F1E03C2F1B4AA13832454910F0FD6BCC7E
:108490005D73485D4DEC5FB46AC5604B272D512B71
:1084A000F0D64233268B5E0AD991487919E11C2017
:1084B0002CE84FDCC4E02FC663A980E3CFC3C2DA47
:1084C0006346469D414D46358AE1E88802F6C92B50
:1084D000B780C00DFDED7CF2289777870903E42172
:1084E000CF6F106A06CDAA823F7186DA6BA7A7BA52
:1084F000F143CEC85A8E389F2830018E8955D26CF0
:108500008B3FCF43DD273335A837172B231C873A02
:10851000979B4ADD3B101C051054F80F87DF3C7E0B
:10852000FE48BA784D9E85B0E11F556080C206DED8
:1085300016A0B06B6AA4D23E840F07BB5C7BEEB87A
:10854000A27D38EFA209AB53B996136F3560AB2B00
:10855000384FD7BDD739FBCFAFB843AA416291415D
:10856000AD774B90CAB72BA063D55928D7119F4E32
:10857000E0C416D97B24B2600AC4F105EB526A3319
:10858000A602ACFAB0C4D7E0449ABE76FAA7821B22
:1085900039A0355B80BF92BD32D4D0078AD48D20FC
:1085A00076DEBBD5D68A4C663660CA3FD1756790F9
:1085B000F12B221C2D5E0B7691E41E631CA33576F5
:1085C000FBB627BC73F06B6199E7889714BFAC5674
:1085D000EEE08902798F9DFBFCB04133EEFD290D61
:1085E000683771C7A84C1516467189F5E93A2EBD52
:1085F0005032302F724BA63F42BB3AA56E8C67B00B
:10860000C1765A41788FE2F1F230915CFC04B507F3
:10861000C7804FD197C690CD79CE73E81F0F9CB716
:108620007993C8CB36A141A3C48CD7A5852D0D6FF6
:108630007252C64F5560242C948D0C4BF7D99F3A3B
:1086400023557D41282F2C6954F1D4BB022969663A
:10865000B522A79CF9DBE4C1493395A4D7E28B3658
:10866000C8F47E58E62FA8C38D07C08523A34D14F8
:10867000A1D9EF0C8198378C101DD304C4EBFB39C2
:1086800049920B50F471BFE8A001825BEDACC1FBD5
:10869000C5C200D942A4F36F043432B948A52D13E2
:1086A000E429186CA6D5681EAC8FAAD00C98563158
:1086B000D0C8B6A1E14478FD8FE0D7A56B472BDD8C
:1086C0004447358659F27BF150FA7307701A88B720
:1086D0005E511938399AA3B1ED17EB487C5AC17A2B
:1086E000FE1AEEC4C821526233840D04B68CAA79F6
:1086F000F438EE5FB4A40FFFFB5E5B04688783620F
:108700005578D7FCBA76B67D7E59CA59CA94EE6BB5
:108710007274947550515D36EE1FBB3499EB0B4467
:1087200009BCB66897EF49F5CA4ECE410EC71FDBAC
:108730008D89F20484A07699758C81EA248FE2EE0B
:108740006F19B01B8D57872D44F5FF3B363A23AA8E
:10875000D94289E8161F804F4D0540CB1F49C832CA
:10876000932856B64F66212C2D17545217222F727C
:10877000D2EEB5A1A9E4B6C981AA8762259FEE6FA2
:1087800001BE8E87699B035E1E3888C88FD0809893
:108790007F1351A59F9B44E8825637F2664AC8A7CB
:1087A000E8B854BB9BC566431A2EEC90B7DAAEBB53
:1087B000BBE69945A498C193A3F168BEBD466E334C
:1087C000AAA0AF7268970EE5E9B6365D9F2BD43448
:1087D00065E9BAA234ACF5A285D65A41BCBB0928DA
:1087E0004E3FA9DFDD1AAC13CFEB604D5F47EB9630
:1087F0002B0640F474C03A8C57BF8AAFDE953D0714
:10880000A2AD944ED9A5AE42C52E3156732F325922
:10881000A2CD2B8BA646A8E6B731927A30F818691C
:10882000815F2C0583BBEA374CE0612471E5A4E04D
:10883000B90D30513252F6F246D39138AED8405C81
:10884000BDB4EB09E941A4169A99AAE489D7CD3AB7
:10885000FF4569C5AFB14FD7FABE454D69C1EE3589
:10886000AAA38F4E6FE11A718DE9666C5CC75D1A21
:108870009389466368682F5A0D89FBEE993FE3A1FF
:108880002620AB0DA7958013F2759ED25AFE8B93CE
:10889000501A6B7E71DE62E0042D0130110ED52F6F
:1088A000B0E87F45B0451F9C8EC35F233CA9BFA3A2
:1088B000326EDD44B6A3E89EC0634A3C105D64D2CC
:1088C0008724DCFD6F9571D4AA325BC00E6B3456E1
:1088D00080FC73767137DFD9D998D0A2475E86378E
:1088E00091DC3B901B00F06F8E155EB5D9C6239BC3
:1088F0003EF5AF8CD3D71EAE788ECBCADB651CF6A7
:108900005481E82D630696EF456ECB6327EABE944B
:1089100030C653BA577D89A9580BE87FFCED08662D
:108920006494D45EE9E612ABA73124E44743B87CF3
:10893000FB8671C5E116CA8F71EF85D088EFC1DC67
:10894000AEE964FBA534A781D906833CDD06618FBF
:108950005FF697AA77F94AF0E286C992F55FF76366
:108960006B6AAD6F4DB25FE5ADC8FFFA4E70FDCEDC
:10897000ADDF1C232490FE53571AA6FEA16B58C8E6
:10898000B48E202404154CD89580BBC4A3EC85E09C
:10899000348940DDDC302562522EA5286838B8B114
:1089A000BC2027BCDF3E80BB80B519DBDA6F3EAE52
:1089B00070CE690FF8644A293A26D4A1B2DF1302B7
:1089C00040BBDA2500ABDA4659612D7529B0B16F8D
:1089D0004D0B8F33E214161575EFD473867FDF16B7
:1089E0001A2687BCFA292F0F0E72E6D7FC64660799
:1089F000D00DD2308BD64DE641EFDA614131ACBCBF
:108A00007DF1E9E116EBC402CCE97BFE9C5B110829
:108A1000FCCE8B83620F02EED10CB8617A2EE0E9B6
:108A2000589B77E74167BC3CDE7DB832B85DB8F152
:108A3000D46883CEEA938298020A44D831FB22A3F9
:108A40000AB024FB17D840B3D16EE6CE7BD89E1D6A
:108A50005FD1BEA64C23C4B1F9B44FB10CFF85E081
:108A600000AD3EEFFB68AD75B9CDA6CD4B6229B424
:108A700017E5A68D7832AB4D5A75552950FEF09DFD
:108A80007B49176C15D19F06A72424D65D100F587B
:108A90009436D1C0736AF2E800DB76790AB7C4FB7A
:108AA000AE8D78AA00CA4F83354D939420F4D03B05
:108AB0007900B672D39E897D94A461D507370124CD
:108AC0001ED75DF49B78761FB7BDA40D30C5F31A91
:108AD00029624F20332A7881C98473B29BDB402AF4
:108AE000ADE93E0002DAE7A7349AE5DA9792FB2F68
:108AF000743CB7EF130986B5C7F323034D2D1A9EB7
:108B00003D82B44F340D7EC08E46B77DE89C11A6E1
:108B10008730B97E69843B8A2A7827E871F4AC38BB
:108B200096527A53177769F86FB41375C1964E2130
:108B3000FAFCD5BCCFD03235FF5779A997A1CCA18B
:108B4000E8FC4CCE461AA42D6596F6FA451649BFA8
:108B50009170047CA16FF90804C6316B234309E9C5
:108B6000286B85E8E8390E2DC771A2771E20EF81AA
:108B7000CAF9EA7F1A2C11E3D23F0A1FCC0EEAE5AC
:108B800023FEF2FC6441DA6628915089CE114D8AA9
:108B9000DEC0EFB210C84B70032031F1E669CC346F
:108BA000031661022A81E25BB9ABEE4D39808BAED0
:108BB000040456682CE4988F824B7C1ADCEB188AEC
:108BC0004F3CA30204904ECE0F12353ECB48A5DB9E
:108BD00021213B801B463F40AE453D29D31DF72F49
:108BE000EB2E025702F98DFB3CC2FBC657ACB733E4
:108BF000F19D71F2B3E40F7977B5C36C2FDF12D812
:108C0000939D9CFC1586F0DB6BF9D551E4950CA186
:108C10008D085F3D1B29F21D612458A1835781CE29
:108C2000F649EAB42D70D3F798D960604428978745
:108C30002F44E1E9178F7F5DBEF68C4C585533CA3F
:108C4000508EFCA72FC3D92D90F1B0A9F2835A17EB
:108C50001F30B90846830496D20EC7EF4267A5C2FB
:108C600089E1EA7B2AAEABFB004CFA24245140F3A5
:108C7000C685762B5CCCCF107410FE388C43D67929
:108C8000278ECD20F7AF1FB69ACC8774D36759D6FD
:108C90004188A5B2F275D341C13E07B861EA724678
:108CA000D3B56A4B02F6C411799D506ADC01CEAE91
:108CB000770C49FB4C278080E7D9FB1FC53D08197D
:108CC0008886E6C9C6E56FA7ED111D406F9B99BE6A
:108CD0009B97F6CA55AB0E8894B630D1A67E867A9D
:108CE000F8C54D79373AF85A0948D76AAB080122D6
:108CF000A284622CAB62A9DD1B59C7BC85A06CE4C1
:108D0000880743D2D3ED7A98D7AF091729AB78A15A
:108D1000A784EC4CDB77A186C3D26D4ECDBBF5E9C1
:108D20007171C0253B06232EBD30D27D95E5BDC1B6
:108D3000FBFFB714534BEF1DD4C0A469CB56206979
:108D40000EF27ED0B4C54943F14397020CFFBFB089
:108D50006B6200A0B2981287FF84B1ED6576AD7E9C
:108D6000EB1543B14ECB77819E72DA27313DABE5EF
:108D700041D475BDDC3BDD32A16C85AD96D7786200
:108D80006983A20FC3E0B607A93FB796CC4816D9AE
:108D9000A4F82405F87A8147FBCB9D672384498298
:108DA000ABCBE7330913452C06F078EF37C008A9A1
:108DB000241618EEBFC58780EFF495F3F4E5438AD7
:108DC0007590D6D6CB74CDB16F5C7DEF9A3DAB3B41
:108DD000D79D285C551463C9498383094C8637396C
:108DE000023431F8B40F630435903FD1202FB6130D
:108DF000D12C1B7A976DC84D7B62C8CF3C213FA018
:108E0000CDC48EA2301BED415713E2D9AC6D7F3635
:108E1000233B42F8FD7BFF825CF3D6AE84CD7A2EF5
:108E20005FAA473EFF641144BD61242B7E3B57B7C8
:108E300069F5007018B07C7429D8637417C8D530F0
:108E4000B91FE424B27DB42872294FC6B1111DE6C2
:108E5000633D60894868D1FF53C0CB2946189D689F
:108E6000E6860E60B261C9520B0C5A7028EF276279
:108E7000FA139E4555CCD04295D622C94D3FA61532
:108E8000F94C828195FA6CC178E5ADE2AFE5986165
:108E9000B58226D9E833DBC6B426BA2DC857D48AA2
:108EA0007FB353D29E863C89CDDDF8B7470F628AE7
:108EB000706E13E20B5EDB0E5A2343EDA7877C51E5
:108EC000B6DA5167CE77815CCFEC5AE043DB11A074
:108ED000115268FE9571F48C2A32D4D0BAF4038210
:108EE0005AF7032B543E837761E619CA0CB84844FD
:108EF000176664D9D6110D6CE5ADF8A399F02BE295
:108F0000A6082208A96BD291FA929E0D81C840ADA5
:108F1000D43F6BB2EE0EE23066E2662D7739AA9D41
:108F2000F8F4770A1DF088BA47907712FAF80A6DBC
:108F3000F99ECDBC097532FE8696BE811E1313AE16
:108F4000988E6D687C38BA24B9C2CBADE3177F1F09
:108F500002C0778FF601E440EDFD58E9447C31070B
:108F600062A6E8C5001336AAD0DBF67D5235B99E5D
:108F70002F30F23101C1FB5E19CD7C6B6155C562AA
:108F8000BDA22A05195F26E106F9C34CD83F19B8DE
:108F9000326E979A1F10902CE6297087305E1ACA9D
:108FA00031AB1D05BB591ADC21283A0B03426DEB8E
:108FB00096D17EA0DFE98A3A3E70B0783C1DF6C5B6
:108FC000BBDB24C28134684F15FB581892D5AD84A1
:108FD0005FFD40DE2E729AF6274AC19C78E8C506EE
:108FE000F9611FFB746C6B4D87A84C2BF39B7EA91A
:108FF00056FEB8E481F88B7DA61DDC26092F1DD90D
:109000007BB3A49058514735AD4550A154AC02DE16
:10901000272025469CF26F5FBC238FA808560816B0
:109020005CE60CF92BAFFF7268CB5B41324BB34669
:1090300010199F08A1ECC256C00CCEE4A71F5DD941
:10904000B93C3EB74550881E4C113E958C52D21308
:109050000568D4FA5ED04EAF48839C7A0EBF9EEC72
:10906000EB90CA54C85575A7DA04BC9D8077E772A7
:1090700023003161264E72158308F34FD3031E8BF4
:109080000AE68CEAF121A7F5BB560039C827845BB4
:10909000D0999B89A6FE3442582CE73A18FC7E17DB
:1090A000A7B5E992B53D11E2936E3E8896FCC28E5B
:1090B000AAD5DBAFAA2E88B2CF5865DDD4B4A3C23F
:1090C00030EA701AE880F34C13DC958FE13F7B297E
:1090D0004A04B3CBE01F97DAF1BBE3B789BF536112
:1090E0003955E18BE4D543716798DD2D027845CF82
:1090F000CC082F0131A21A92F9A26E301341548587
:1091000090879CD7ADA6A817D973F2580BD977359D
:10911000011A83E7CD86100146C6A51C28D08359C5
:10912000D9FF5FCF6EE5597EBB2480285796AE3DB0
:109130001817949EEC87879211E19299DF5748188F
:10914000918528ED99B1EF7109867970877A501A67
:10915000B4EDA6D98124B498B89550A486DA6E40AF
:10916000D9FAA33253B641649568BF64555C2DF3B8
:10917000C349DD82F2F73E770172634B7ED0FAA4D9
:10918000DC4E05489663C2A8E58091FE36DC4B9F15
:1091900056EE5A73223D1DF5A2FA4A6F0F06E5C836
:1091A000E0C645E0FE0C37B78EFD5A19910338B47E
:1091B000AF8D7972EDA1C0F89884E12E971A8C5585
:1091C00020E70C7905D74CBF5D5C9925339F100EC5
:1091D000C091F2BC4B685647329AC5F0773F6A4C53
:1091E000E8A9731D3B9BA357EB64A9FCE88AA1D1B6
:1091F00006BC95959BF51820BCEDD3646E70F750B6
:10920000E3FC8C7E6D0608352A1D89CE751DCFFDC9
:109210008E2D6AF85E28408C8B9CB75FA2065ABBE5
:1092200086F1AA68E984C122C1495FCABEDB67042E
:1092300058D88D862AF1799B5414B8DC0537C18241
:10924000A29933DE03C2BD1DDAE8D386F6AA8000F8
:10925000FAA083F24E0CC1B155F82F07E5C4537E36
:10926000F721F10BA68C321C22053560EC57F9E092
:10927000602C1E0652F2A50260C8E62A170F14C819
:10928000CA105535A560C3BADD34D8FBE73228379C
:1092900083B50C3571F98E80F9C84941D28C2751BC
:1092A0007856486816BFD79B6BACF13E5C4620C62B
:1092B000D19B42FCB7601DADD4AD026718908B2ADC
:1092C0003520A865BD861779674979AD9C0750B6EA
:1092D000847216E9A9DC4742FC793C9138E1696364
:1092E000B0EF9C797E1E2D1B292B87DC477E655FA6
:1092F000F05A2AD6EBC40C3F0387A674E71E6A42D5
:1093000048ADFC7729683C8763571164B00E9E2BEB
:10931000E3FD03636DB5849A1BAEE2BB96E50B4695
:109320005E3E2DC1D12F0CBB1C95F9ADCBC101B256
:1093300064988F8E19D1A19AECE5A033868CDE1645
:10934000F9779C4146A1078240C5B7D49C35E2CA53
:10935000D02B6D26A431B11CE5A015EBBCFE5F9EA1
:109360000FCFB5AF90E3D64BB5577F1959110077A2
:109370008BFE33DC2D4F0A40D021984DE99E8CD7CF
:10938000339971DCEA8C0CEC5E4378967012AC8DEC
:1093900051BB6054D8FF465EB878A9BCF3A6ED7BFC
:1093A000403A94E28D1D9BD933EBB4B83095C63C5E
:1093B00012C0F9D024C2221FD6C62A2C606A7D6E44
:1093C000687C59347722F2C57D5363812116B68CAF
:1093D00036FA3B1F3EC7A424FBEF34765B423E7D4A
:1093E00032F8B9DDA7C8FB0C209D17CD93E8960293
:1093F0008F68FE665FF87CD89DC22CBFE49E744ADD
:1094000089304A04BBF9F10C94190891A44E7D2BC4
:109410000DDAE95F1BCB319820EC85207291FE7349
:1094200094E78FF46261A1703E3B064787E08E812E
:109430009275211354D94299D86E2A6E938F25596B
:10944000C8ECBABF27ADB8FBE85481239548CA4B96
:1094500024C345A3A3CB8BD2D4ACA592DFF7EB27D3
:109460007B9BD5CBFBE49FFC2893162509448519EB
:109470006A0F9BED2762533B55FD0EEA3996C4A453
:10948000802B61902A0082B6A908073FCDB2BC9F0D
:109490004BD189BB56DC9021BB50F9A1426063A43B
:1094A00018021E1D87B3FA6B17D5CA5991BD4DB36B
:1094B0009421D0B34F6ABE5733273BE4102404866F
:1094C000C5577A529DAC1FA77D1BE59170FD8FBDDE
:1094D0004321D0F61F2BC687B9CEE1DFC132BFF3DF
:1094E000143F26429B640735C121A4698CA2F0D2A7
:1094F0005D72C4EC05564CB297B74F6A0628C32D6F
:109500001CCDC403633B47EFC8B155351ACC0BAB38
:10951000C50150956C6C86AA93CA7A0E61497ABCD3
:10952000E8C98086F98B650B41FC088F9BF72DE716
:1095300063D99BA9B48C3C3BE8D9D1F922275026AA
:10954000C44FF8537BD048511ACE3D2BAC99DBEB7E
:10955000E6241558CCBECC53E319EC94BB1BA8F7FA
:109560009EF81BF40AEDBE8F9C39A2678602544711
:109570005DA2A7ADFB77C5A328138882B2F4D89863
:10958000B4A8EACEA07C1C35E30070FCF9B1EA7502
:109590007DF77761478747BD9C5C64E46603B5D679
:1095A00099A8B39CBECC14BA0126920ECBB2A4FCEF
:1095B000ABA58F5A690D5E82AA488D6FA982B0DD76
:1095C000E997236D639FBE9DB8696FB35CDC9D0511
:1095D0007D17AAF168AB8540EBA2AA20FDA2FD8D04
:1095E000BF22AEAA04FBCD3B31E0798A6872D8A1D4
:1095F0006CC325072946CF3AF1B42941C352C7EBC2
:109600008AF6DD907754B4D9EC87A48A6F1135526D
:10961000AE60541589948C54AC7D5B24159EB6863F
:10962000811361FB7FF6022BF0A720BEBDC42D6B1A
:109630003C61E83ADA60F941D306C73E2249017F2E
:109640003A7DC2EE245C238ADCA1FF4A4B35B2A6E8
:10965000F0CE9EC4CA1719CFF2F6A1A299839AE45C
:10966000224551C2A343E945AA045BA2705C270DC1
:1096700014FBEAA221A619A9EBDDB7000A40AC054C
:10968000DBF721FEBA8C4C076CE4403CAC7912E766
:1096900050515A774601C2F038A731FA849CADA1E7
:1096A0004FC84FE2E2306EFF738653202CE88AAC3D
:1096B000F26355CB97AA21EAD1027E60B673E4C368
:1096C000D449821FD8C033996C718D9E88C00353D2
:1096D00071D319414263FD3E9623C11B30AC2DB7B7
:1096E00009CAC65B2D5759027259A95E842F79CCDD
:1096F000A338F544E2553C17832E985DF74DF9D217
:109700008C526228F9A1921F94A1BB61AE74E10C46
:109710000E5874414679DB89F8B9E64C33AD0652F0
:10972000D64FEBE7887752BFF422E607FDB7D86241
:1097300086D6AE326B04FC8043A78D43103F47288A
:1097400086BDA0D0EC0EC5C7385151C1847D8B7742
:1097500074691958508F8BEBF8C751178FD3E210EB
:10976000BC0870F9C412D5B8AFF523C1A6A952BA86
:1097700094372CFD5D4553E455D44D030D3073549F
:109780004A3FABA1EC47135B5452322882430D0988
:109790005F76FA25BE453855FC9DDC8955F09981E8
:1097A0004BB26B8F83D413FFFF9A2167637AB86B38
:1097B0005333A29201CFF5FAA2C908A63DEDBCA78A
:1097C00019777D8E7A052A829960346F4AB52FF316
:1097D000296C0331D836BE7301F78EE818098F98CB
:1097E00088FB7EEDE8319CF9DC9F5521B55CCDD737
:1097F00069B368B0FF16427007964FDED89627B55A
:109800001E2405816922DD4F2290D1028C25A5728C
:109810002FDE2C3C520F31EA3DAB71A096DD9ACA87
:10982000DE94838B06EC5C1F7A38648D4651216E82
:10983000AD867E6E6C6A4880BC2EF972B3F80B4020
:10984000691E853FF4B47514E85096EF3BDD43F88C
:1098500081C041850ACF020DE1B4B9DF18264287E5
:109860000EB90896E8F46673C7E2A3AD20AE99611D
:10987000E107AF42194058559D5AD265404384DEF6
:10988000D9F5F7D23F78451AB00BD3B075B78442FB
:109890001AA815579C9BF1903450DBB59979C41ADE
:1098A000120B8AAB29002F8C446316AB232B3FA6E7
:1098B000769BCC72060E563823983B89FFE1E2D89E
:1098C000FC9C80639D002D0D496347239CBB17ECD6
:1098D000EADC415C47FBC5B849DE67D5CD1C11DA2F
:1098E000B682E2009CB4840F6340729A2877C4CA9F
:1098F000CAC8E72A38B4522071F33926F26766865F
:10990000891676B30561B6572A179C07AA18DB207B
:109910007696740BA02FE88D6E35EC02261135F586
:109920001BE69299E5837557E134E8621C70157067
:109930003B66B9F70E10965561C1CAE9737D7D4B40
:109940006B20DA18F4084E2D987EE660CF94DE2B5B
:10995000A810A6294A613128DD99FC795FFA6D8348
:10996000673C400BF5CD536D3363123F2C11110949
:109970006278B702FC9DE84B497D9FA81397D0AF52
:109980005EE0434021091D7346B2FDA2DBA66EC70F
:109990001678467B1554B5D417223D16A2320AB26A
:1099A0007550B8281D134D723DE0C1979E611D7B17
:1099B000F4114E0DF10AB45D7ADE92E8B9B3C23EFD
:1099C00055B30989B7A3C16D81FB5942A34B1A2333
:1099D00030C4CB84236773FC06EA71D06489EA97AC
:1099E000C3590FA7B66DDC2507491F27FF479F1FE7
:1099F00041DE91C20FBB856BA8A5C5AF7714965009
:109A000036D9FE986B956D42B29F24663E6810D79A
:109A1000670BD54D81FA9C8939E016BC11D4F2B997
:109A20006A8C1FFBC47734B6B075AF918905468C3C
:109A30007077F0E746C0C99B3320865F758416BBFC
:109A40002EF10FB2E3137780C0739B32E39CC7B94A
:109A500029782AEEBE1E96E0D5F9CD8A20019B6FAB
:109A60007F7558EAC2EEA8C1E7F353BD31037911FF
:109A700032859B29CD2664BD103BEDB020A9BFD413
:109A80003B8C840E3475075E89040D7DD7EEA043B0
:109A90001B428A278D786DDAA468DE68A096393576
:109AA000005D5DD6AFF8C50793E379D499F725ED4E
:109AB000E43BF95BD7EBFF7A8B8EBDAEE40AC26163
:109AC0002E076E1881C58496F057C51B9109E527AE
:109AD0001E611A58D6523F82E0637661FA9450971D
:109AE000CF70DE9ACA8BAF802D4E9BE3AA46B3C6D9
:109AF00062C42F5C68F170B074CC5ADCCC722B1D40
:109B0000BD41BDC36C92405ECF832D04754E6C91F8
:109B1000B10CD4F95BC3E93460D14CEB5E5363699B
:109B2000D0D304EEB874EEE19E83EF76D46E5D0B75
:109B3000859F4B77A4D6C0F8A3851AB0F59C767F95
:109B4000C9F02ECE688D0C98935C3B89F3242B943E
:109B5000D6922A4F8AF2CAA529B549F77A50EADB8C
:109B60006B3F948E54A125B5138732C751999BC87A
:109B70000A7B1BFC005604957553E4963A8454F214
:109B8000DB723D4DC82FEEB9D529AF98F3BFAF7347
:109B90009FCDF194CAE1F62D98786470BB34C6402D
:109BA00034696D5339107FA4957A7B6DBB3F87680C
:109BB000B3C0F1C9DB60ADB06C7DADC4635FECA038
:109BC00014F746D4E41740E934573DE6BA5042D181
:109BD0008554B90E307560C6733560B553311D15A7
:109BE00057CA791A4EF9F0CDBD9CA4C215060EB322
:109BF000CC98DC1DFBCE8EFFF64520D8D6653CEB1D
:109C0000AF356C40ABFCD41BF56F7A7EFB3BD25D6D
:109C1000CAE4D33F64D3379877917C5BCEE50137B4
:109C2000B27E2ACE31D31BB3B7074B253EFFD55AA0
:109C300081D69A29737C4BE360354B49D09389C414
:109C400089B5B27863DB2CE2D5B8864F6E89853250
:109C5000ED585E8FBA595B7D6A427F7F90A77B305B
:109C60008962D032F8C97B1B9E9772598BB371D22F
:109C700026E9D36935C51F31E22EC50B7BB3B6BCCF
:109C8000E8F080B180315DFCAF86B5376B8D1F91F8
:109C900031039853FCFD02B7346665E2C82A26BD3D
:109CA00088D2F47F4C16F79E61480A53274D21B99C
:109CB000D99BAE4A06A3DD9C761B7E2735D021CAF0
:109CC00062190105BA629267495D69C3C04927C636
:109CD0009E08DFA509A41015238AAF4A3EC8C40D0B
:109CE0002E5209EFF2C98E48B3E72291FF827CFB26
:109CF0006111F3AA77A960193B1D1D8A88F65CDE05
:109D0000972B356FEED3676B713D0C58614BDCA41C
:109D100067602EAF06C7C245A0AD9E7DB42D927977
:109D2000BC2F794BB3349ED6B24033E4AFBD31374C
:109D30009756CAF1D4FBFEF501B02B6165085BB5FF
:109D4000C03E894C6D8CD610EC1981DDB194C205F2
:109D5000419287575D0DFD415494F70F507F0D459B
:109D600033A404AF409F6ABA23FE70689E97719631
:109D700066471E26C78403285A94648BDDF23AEFA7
:109D80000B474EE8D0DA7106507A6F10184B2DC38E
:109D90005FB9478508F21739B9021DEAD28A6C17F4
:109DA000BF0B31C9AB06B3E7C95D6AE90B382B3F7E
:109DB000DC5E24A6A92EC55598997A3BEA0AAF869F
:109DC000F95E76F8A17DD5E54B2733E170963D101D
:109DD000DDE519B71B93DBCBC0E707B2E0082347EB
:109DE000CB31D7E7ED1B04F106B343DAA4259F6E10
:109DF0005F23188A04ACAA0BB79852FC1FB7A3378D
:109E0000A0299F8C5D1D0C220E4F4F278689336C35
:109E1000EE6BC43E7E2629CE086EBDDFCB1CDEADC8
:109E2000EDE266AAD09481FD8A6B9611EADE04B653
:109E300032FDBDFD797D9C7EBF96F4581D510A15FB
:109E40002A60B6DD23811E4E2A9BD25D9CD6569891
:109E50009561F294FE0826F012ABA5F59A022CA8A3
:109E6000E78A4473368FF62FC71480DAFBA0DA3501
:109E700045B9F26B7370D9EF9FB697669E8545A77B
:109E8000ED9BBB5AA25AC2B8987B0E5E660D00D7F6
:109E900019F93E466421542B0DA5431E31BAB8E38F
:109EA000553AA4BBCFBED8842DEF84F2EC0BBF2E65
:109EB0005C7446D01FC1720A22C2DAB38D5963089E
:109EC00054E7BBC2F71985369B65B5E41D0B8415B5
:109ED00011E17E324C0549C6B712B18AF8BD36256C
:109EE000B539D9B0887917F372CF1399E33170C1BE
:109EF000AF4C0045BAD9102B81734AAC25A4DEBB08
:109F00001BA5CACDE84BEB8E5B7A146ACA1289573F
:109F100028225C874D6E3C5960FEA649DCF0112B6F
:109F2000168126A426A36C52FAF16327E0C5DCE271
:109F300093C6E9E6C7EDB89188A2E7D83DDBA1F367
:109F40000DC20C31B05559016359C33E016983B448
:109F5000C1C612FAE295821F192CBCCA0F3A92139D
:109F6000E9BAA16C2AFADBB0924A4A907439796353
:109F7000E52EA3CC1AD234C01A27E8F5E108FE1E5C
:109F8000B0D5B832F4D4CE88BF75289A8A98B54D2A
:109F90006ED4CD52DFA8B0FD19697662BEB3CCA6EF
:109FA000E6A9DF28ECC5189584AC67A6AC1F71EE56
:109FB000E8CF840DCB58ADF60204C8AC4980B2FEA0
:109FC0000EC9A7918E25FF9CF5D6714B82FB1B8E87
:109FD0007F08424C5FB38A558290496369DB6FD436
:109FE000A4A8FAD8EB0E346A77B41BFA57ECFF4AF0
:109FF000ADA57131C31782BBD0F0BD031056195007
:10A0000095A38A546F796CB31F670A60F5A375B680
:10A01000A7EBCB7971DB5E8815CFCFBEBD6606ECB2
:10A020006AFAED1D31DFFA35B925FFE2903ACE53D9
:10A03000C191760AE3BBDA7E4E3F1CF17A6D5A85F8
:10A04000A0E5AE76BFC836111AB9184EBF8472CFDC
:10A05000F91657C57EC22042EA213C82AB3D6BA275
:10A06000D3206AD06499066F8441CD0CC6244E8FEC
:10A07000C390E092FFF754D0139DF87ED7975E8F80
:10A08000AF9E48080F1D3AC52EED510F6CC2D1CDC1
:10A09000FDC9D61CDFAECFF18EADF20AEA16CC1D9B
:10A0A0000A563442B2EABAF72A4D5668DF6159754A
:10A0B000FCA103F947FF9CA3643577C93E9425E6CC
:10A0C000C51F7A8E5E791B024CF5B7D1D7AFC51488
:10A0D00096FCFDA96A96ED92C5B8F3C8A14EFBC3E4
:10A0E000E1D6587406CDD9194CEBA491C393161040
:10A0F000FC22A420216DD8C2BDC23F51577CABEBDE
:10A1000003CFD3A60F29CC31C1478750587C883163
:10A110002B77427932E19BF85697DF5DECF8AB9EE6
:10A1200062FA66F4E0486F743A67EE487E0A7C662D
:10A130009BBE4866E0A28F2141DA69B8884BDEDB1E
:10A14000589614139F34DEAC7ADBB105608907841E
:10A15000754B6906E64279F3DD1257E9AD40C44F0D
:10A16000F70A78631E2868A2F50B5661E196C402CF
:10A170007F9FD7A1A43899C615BE6FA273DA09399B
:10A1800009E3CA8D328D1C3C6B196149DCFF074223
:10A19000CDC544B9E8C05E69FD3AE7F0E0C63A4B88
:10A1A000F01E0BB5CBB01F166060AA284DD8FE6A12
:10A1B0008C89DF2527ABF45AE2D065E3D97791F497
:10A1C000B0A1DB396F3084645EE304CADA146C47F3
:10A1D00029E6D13AD5DC9C56E985DEA512021DDEC2
:10A1E00015CC26ED1BB0A720953C77417B49452C2B
:10A1F000655660090F5AB6DC09BB9DAF5EA40DA77A
:10A2000016B2EE07E8769D85C4CC113048BD0A2110
:10A210009493E4CD19CEB78AF779E2469C05D80429
:10A22000F90878692E690F63AD4428EFFEAD5AA393
:10A230005099A0888B2FFDB9463D64AE3A862D28F3
:10A24000FB56ED9875B20F953CC49D3307417DEAEE
:10A250005C182B3067A633859FC41D03DA4BB23AD6
:10A26000AFC7FE4F38D9351A0DD51BD8ADF67E11C4
:10A270001056CE67AF5E49F95C4DA43972766D8C8D
:10A28000B05F6EB65EC38E2611C8C9995864969D9C
:10A2900063463E3F94C885EB8A3B6E603337C1AC62
:10A2A000DB7D8DDD7AF5FDB82E2873A59FDEC0D14C
:10A2B0003A6FE29BDB7891BBBDEE495CE215C9B712
:10A2C000C4220E90141FB7158B8AECC472492ADB86
:10A2D000F7372858BB4328077B9A8F6A0805F6BDD5
:10A2E00017DFE869C395F4A41F4870D024B9DC26B1
:10A2F000F5777DBF3DF32038D016C23A16CBF4B7C0
:10A30000164708E3978C099F883E81A2E8214C20DC
:10A31000D3C4B50935FC2CD2FBAA29C6146B1FDBAC
:10A32000BA482894CE70917751FA32D7949D8748D5
:10A330002874A2E5E52A991E523EAB2E093456E751
:10A3400015CA6E3C7B27853F7B99FFCCF94748E5D2
:10A350006705733A9F71154FAE88E8B7BDDBDFD054
:10A3600068C5FE5F8ECA51370AC6363B1B1F93363F
:10A37000CC74156A211C41CEBD41F06EB701DE6D73
:10A3800065A074B3309C06A2A892BCD5C9DD86072F
:10A390001113411AD9941B95C5174FB6451C8BD67E
:10A3A0002E9B83C4E9036905EA3633FBC082E9DCEE
:10A3B0005DE0B32F84F6441B7118C98893DE57DB28
:10A3C0005E1CBF378B26D712F77D1164B091F30C5A
:10A3D000CDC340A2DA257D59A29450C4DEBBD89FDC
:10A3E000392EDB3B5D0E1F0BE9CCCFDDE1271707D4
:10A3F00092816F1C56069D362E40B6691B586AB96D
:10A40000C04708CCD17279597E2F540872FDA085BF
:10A410001662EDCCBAD093AF5AD1E23464C9CE7093
:10A4200077D2673EB6FFA1CFE1EF527F1E8A72E37B
:10A430009001C6659E0F0A2170A436C344A8C3923A
:10A4400024E1563CB9D17AECEEF4A1AAD5CAA9F61A
:10A450005ABE65B17B34AEED8304454261789D8878
:10A460005A0721E7532B5671B67815DE1302A0B9AF
:10A4700021CEB44EC5A2DB76C4944ABB4DEB55F455
:10A4800069522372E825398A814D053EA35A15DAAF
:10A49000EA0686D7A17291564A1931B4A8C6294056
:10A4A000281A6F067EE962BBC90AD8585B1492323B
:10A4B000C7C2E2744F851964E24D8917C30EC20703
:10A4C0005C3A5456D5C4417D9914323112C42FB12F
:10A4D000A0869E2FF56E985B7AF2DAE5A2F5C63378
:10A4E000C87DDF711B9A8E77AE06AB7A8EA44B8344
:10A4F000DE9F6563D195C68E3BD700307553941AA5
:10A50000ACD1DE59D8CF21F93525D76F78E43B435C
:10A51000D1F307E488F5C2AF295D45F3F74D739F8A
:10A5200043AEE40FF2004E4435BAC6743F2EA99FE5
:10A530003D3550F6DC41DF1F32C8C92C5084D5DCD4
:10A54000808DEBC732BF8F1D7481EAC305FE2BF5EA
:10A55000828B51EC8FA258235B5CCDB98C9CD310BD
:10A56000D541E7880CE0176667AE49D552E5D78636
:10A5700099B44F92FF964B9D9B257BADB1BDCE50BC
:10A5800024D846CB72262B73770407BAD67E3F3782
:10A59000276B60546ED6088C90A844527858BA90B5
:10A5A000998E178E2EB3AFA3A1746FF8564EF17427
:10A5B00088E3C98B4BC6820A10C50477B2FAB9F09A
:10A5C00083232FBD1A3B6620C4184ECE9AF13CFA65
:10A5D000272461B657E27D58A54CB1C9369BDF12DE
:10A5E000F65A42909E63EC77DEBFE79240453BE827
:10A5F000209D279361E5397EAF87ABB1F9F6B57F32
:10A60000D4BD84211474C1F92DB56E0510882A219A
:10A61000272EE7BA04972750420D268491C0A9AB94
:10A620004DEBE858FFD59E1B3B50EECFAF8F3B2044
:10A630000B9B976EFF0795F004823E4C0F97BFF37C
:10A640009DC8BA546D5C438838FE6059477B0DB88D
:10A65000662265E86F67FC1B551281C1CC00E77963
:10A660004F7A46250F0FB920393540DF389C3E75AB
:10A6700075B308EE6260F582914EFE4A2630D684AC
:10A680005B201575336748DF2F69111E05444EB1F5
:10A690005A8BE8A5AB561C6AFAD0E2835EE8E086E6
:10A6A000E9B9C41959D1BC25220DF2D660633582AF
:10A6B0009A34646EAA02770B922F83E3DAC876A2EB
:10A6C000DD276CFAB269B2ACEE6DF49370BEE0AD0A
:10A6D00069AECC2D88938F1238F2F8214BF4DC73DD
:10A6E000EC876F85244016CA50526B50C465952480
:10A6F000E4D3CE994908F9CB3689C3123ABEBFC21A
:10A700006FCBCDB46B5E9016E48B621DE5CF125516
:10A710007C3E8FF8D0CC368ABB51F454E869353C86
:10A7200034DD1D8B4C1A74A1797A14AC48535B3814
:10A7300024174D753E56A59C44EAD6228A194CFA38
:10A74000CC41796A396D759FAB345ECF566E80A867
:10A750000F8AEDA1400CC2C68CF46254AD8BE07F31
:10A760004C96A1E3FA696B657B17B71C0FF194FC5B
:10A770003E84BC1515572B0CCAB9F183D6B7C7EC6C
:10A78000FE951167AF48FFF664B1D1769A6F318DAF
:10A7900097B4CFA63DB030E905F1E33C8C9F48313A
:10A7A00005BB8F1F908773DB4A684CEC0460DCB2FA
:10A7B000C27FD4FE1362C7500E194DDEE9D73A1896
:10A7C0007B2678157A4556AA4C64771E0C255B903B
:10A7D000B6C8DD5F1FFC9E9DE7B32FFD96A1B8387C
:10A7E000ECF3F51C13B94BEEAF22B60DA9F6AC2570
:10A7F000AA9B534E5F793CE69AC4CCD5F401360649
:10A800004E9655B1F6B6203C148FB1022BDD5B1A83
:10A81000FB7621BB9DD96C821E2D7C3AB39DF0B096
:10A82000634F51D8EB520F9ED743448AE6693A10E2
:10A83000750407DB00D08919E44FB0D6830D513C75
:10A840005C2A10A7C8B1068DDB101E418E06B92107
:10A85000BD05F3F0981295D5EA7786B80BF58FFA17
:10A8600065015BA4B34BB5F557B18E787A7CDE1ADF
:10A87000DA38D3776A278CC0CB2274282DCEACB6B9
:10A880001CAF36536518BB9FDB6CF4CE33D2C97056
:10A89000FF31538D42187F85A131B0CA2390E84122
:10A8A0009836FE5B7F6D91A0C4DD4FCE039608976E
:10A8B00021155FF4BD50BD8336594717541FE74A31
:10A8C0003A6D7B233EC83DE09C2CE772AAAD72C175
:10A8D000ED7B1A403D5DF09F023E602CCD85836488
:10A8E000E535BE2BB381CF80FBF0255986BB626C6A
:10A8F000CD3194EC37A8DD06137161CB7980205DF2
:10A90000F6E2AA300B5EABAD9747FE585E278CFF90
:10A91000A3409F70B4F2C1ECE3AD410A6CD101AB2E
:10A920003BFBD10ACBC8BFF6F8D7465EE6002F8FB7
:10A93000F4669801AAA5D43AC1E018A38F46315015
:10A940007DDA0591E9BC498CB8AA4F14010516D7E8
:10A95000D23F10A90691339B54AB325DC672AA8ACE
:10A9600026F22A72121CB9FD0E3DF7F2AC489DE8A2
:10A970001021DF6EC0042D4F93169785410CAE3425
:10A98000B4D33A7C2A9FA8E9DCECCD160BFC590223
:10A9900084EDBBDBD834DA4F754361FD93CAED9D7E
:10A9A00049B330E9B9991392C6B8AD94D57D3B5BF4
:10A9B000DF0E8FA9824208DC5C099997D595C4F314
:10A9C000CDF8AC71392AF03EDF40A8C78D8D71F10A
:10A9D000EA4538C3BF4B8C3238B530F7B225E84D65
:10A9E000B6681F4B1C8D003B4E1F9518220BDF5B7A
:10A9F00072AF90BF5EA1B15252D04BD6C84F86A95C
:10AA000009FBE3ADE68443392AB8273CB6606C2ADB
:10AA1000ADB3F791B9DD802849592CBC46660719BA
:10AA20009463E9939501E4DDA6AFE42B08260E4D6F
:10AA30002F20E860D3046B24C4101860EF9C184AE0
:10AA4000F119C2C15D05514A9E66ED91A813F367E5
:10AA5000C13276B7E50B6C3B9AC80DBDE241EC8A7A
:10AA60004301B92C5A4534F9BE5460748AF408DBAA
:10AA700008F16AB3FF9A06D2EFD6BB1134994B9511
:10AA8000A22ADC380AF9EB4D58CD2B438040C9DCB3
:10AA9000B92364EDD1B0FA2D95C0B47FB83FA9BEFB
:10AAA000C06C0A684EE6F70792A1034B91293678ED
:10AAB0001ADE65F5D72C3BD065FC275C6FB3EC162E
:10AAC000FA90C5B9E951A4C3A02A252E65070B9EAB
:10AAD000C1F7C1380C8767AA83975269FA8E2DF1A6
:10AAE000FA0CA7224FA795BEB0B8F4A5E91CB59003
:10AAF0005C7D05D77BFA1B9EBE1D24F58BCE0D3DDC
:10AB0000916CC4779EEDF36B2B4BE618C116EEEFFC
:10AB10005153934FF07AA8422AB74F9CE6E3BE9177
:10AB2000E99AC24713A68E8BB13963EC71B156F81E
:10AB300095DF145080125620EEC35412FABF244DF4
:10AB40004ED6F9B8601213516D88AF370D4CD43121
:10AB50009B770B497E35735C04C75AADEF3B6EB3F0
:10AB6000837A4286449DD7ECAA3EA00B6B6F80A9E6
:10AB70009832D4CA97A2E5330AE63EFFB2305F01AD
:10AB8000FACF5B99CA94B5FB39689D99D298595F01
:10AB9000694D602138F397BACB6297515B4ED0DA9A
:10ABA000195FEEA30D91AB9D468F68920C3E8CF819
:10ABB00022AA900DC999BCCC5CB9DF1D616E241A24
:10ABC00029354239394490B78F069F25E6677BD5F2
:10ABD0001FB19FF92071ED03C4F962CE3CF878E013
:10ABE000BFBB420EAC3B1F2C1916475D053B0BD576
:10ABF00073A9AF5670EC0B5556D8CD17DE614EA930
:10AC0000FFABDAAA15979E553BAC5220DD004C08ED
:10AC1000952A1D6980717B0DD03A8E3C04D1531A60
:10AC2000BA430C8B05A8C18C5C58C7890C6A2D9A55
:10AC30007C52128C909D14D2A920C1F1885EC27CF6
:10AC4000EE6F83FF5D5E61AB99D138065C4868307A
:10AC5000F6183DE29D4FEAA0C9F728CB67583D1D85
:10AC6000EE2A558F21762417A91F06E1FDB2DA29B5
:10AC70000BCABE1FCC78709F9EFEBCCFD97E53E11D
:10AC80005FC05F46C4732310B7838B30BAEA6C2E63
:10AC9000AE66BFA83B81CDB00C77EB6874551E0F34
:10ACA0009A61A7EF373E9E26B577437978F90D3C38
:10ACB000B710E38FCD0F480D9BEEC5845C898B31B7
:10ACC000E4CB3D08AF68281CC6817B8416984B46B0
:10ACD00011099A8390328A9ECCC16DE0A4C59D561D
:10ACE0004AFD935C419E1864D43EBB703EA49F0A0B
:10ACF0006D047AEE5469D6ED7BDE010503145274BF
:10AD00004468D0699EAA6C04711AB98E6B0FA5179E
:10AD1000915CEE1ACA16A78DABAB6A6426B2EE7AC6
:10AD20003E925562317EBE231FCFCBAB9529D1C059
:10AD30009EED3BACB8E2C2287C8B2F4E627B44C5B3
:10AD40005049CB652D311EED418F9B84073B3E550D
:10AD5000FC93998BE2386B3787B4300F6FBD77A3C4
:10AD6000576983BD684FE7220E8ADAEDCEB79A9B0A
:10AD7000E6D2F7590369E671BDFA714B4D07ACE0B5
:10AD800037E984B6A7DF2D8996BF712B0377A9D445
:10AD90008E5F2AF22A78D373920E0B2A4EB65E602B
:10ADA0006DAC8F2375539EAAC7F6E270B62114E7E7
:10ADB00046FFC573ED2BD53F1E65AD05B13AB89D75
:10ADC000A6B59955A430AD24DF0D81851A30B59014
:10ADD000B976279DF42A1E2D384C989DDADEBB1FCC
:10ADE0009E5D8876E23B28B4DAFA27AE596C691882
:10ADF000B5B4E72AB1AD7D2953C30200C1E9ED0422
:10AE000059D75307F27DED5407CF01778977646AEC
:10AE1000B85470703D2CDB9920B4F66CB69504EFF5
:10AE2000C528309C8A39E4180EECFF39EC24FF5019
:10AE300055BB34482BDD17AE4DD1EAD348C8082E98
:10AE4000A0861DC4379245924300855A3209A2213B
:10AE5000D8B22F89F8A2F6C95F9EA5B07EF6A8DB0E
:10AE6000ECFA7BF8CBB011960BE4020D4396DE6B47
:10AE7000E7B5AABFE2B272B4C5C800551D3788F362
:10AE80003DC7B4E6A74B2CAA1D64D91E4EA6601B75
:10AE9000CE806E7404098EB7CFE3310485A33D875D
:10AEA000A5850646A6B9C5665F05E0EA02130085DA
:10AEB0004406B57B9CE00612AC6B0605785E1D91DE
:10AEC000119AF9D21FA60654B53F178E2EAFE08215
:10AED000ABF7D6433028EAF196EC0C7A51937457CD
:10AEE0009E61613D5FA7D9C80406C959936BD09094
:10AEF0003DA0BE8EE028FA47911029DC1FF6ABFB7F
:10AF00008CE09161963B01308420141C06509CAF6C
:10AF1000E8501B61688C203BCB29106C9A5EFF6166
:10AF200064107BD4AFF897C6E4AFC462C4E7DECD4B
:10AF300007C5E2F4E5A1E491DF008212160B5E6D15
:10AF40004B4233916F2412796F8E6E3A99ADF03582
:10AF50002B5AD5CDA3BA58C03158DEFBBAF6309380
:10AF60002B0E6CB088F058E051780DEDCAD346DD59
:10AF70009A43B6BBFBEA94179B8141C0C4081231C7
:10AF8000044AADF9BD2085347C025BF8291D2DB340
:10AF9000110913C4399ED235F4727F8B502A1CE2FA
:10AFA000E9BAD8EA17162A995610CABC118B4B1366
:10AFB00067CAB6193D1A3F0400DCD195AF43720150
:10AFC00005E1AEC81E1B01A32435B57ACA0E047272
:10AFD00023F579751AFB5ED0D2A3D3116C3DB0AACC
:10AFE0004225CACCDC195A69C7D94A268785D318A5
:10AFF0009431A02B22F6FF1B2785AB1D24B6D978F0
:10B0000010898AB9AA80636D63F565F90A93B8BAA5
:10B01000E678F4DCA5298B79D3398EED80BA3863D4
:10B02000E1825FED9BEEBA1CA290FCAF626D24DC66
:10B030009BF1993DDDD4C05326350C8847DA1A229E
:10B04000195813E24D49B63978D9EE18BD4D4F3C29
:10B0500065204CE68BCA907ECB834B683B8F380BC8
:10B06000E31514A8596D70EA5781E8AC928538C190
:10B07000BD7D73659599BA1EEE86EB281DDD88E4CB
:10B08000992D5BD602B196628D924FD065818F95D6
:10B0900000B5A3E160C4633ADF870245A5B9002F7C
:10B0A000E6D0AB8320E521DB9478D6C211F4A6FE6E
:10B0B000789A45F8F80D45709ADA4784FEC81783E8
:10B0C0002E2F6EDC91B9D59181F39F1663D8657EE2
:10B0D0000763B5C20D6FBAB2890A09EC30ACC5007E
:10B0E000F0768D21CC1EE34E8AC266D00D7D8A8219
:10B0F00007D72C5A0D9DAF7CFDA7468946B7E44F74
:10B100000F06636B4C49D6F81F61CFE88767458A05
:10B110003BF99C66FC5439A78C3155944B3FCCAB22
:10B12000081C58DB8FF1D8DE73AF39ADC193181905
:10B130002947EF2C63E180570C93782F1DD900E746
:10B14000F7958CF53556912A4BCE3AA4FA062DF098
:10B15000537C5283BB77C864D71189ACE41BDAC532
:10B16000E849BC360DABD840FD252E300E9E741537
:10B170003CF5731B9622AD6D518763A62DC80F4D0C
:10B180002CD7CF29646DBE663FA7B1B25A26F5B859
:10B190008FA30F1A283975773AB0AEDA6AEA260912
:10B1A000E686F52CB3D1B26108F97FE6ACC86686B5
:10B1B000491E803CD088148F71F382B144A2B73B02
:10B1C000947368A2FF978B0A0F5687A32D7194C9B9
:10B1D00003095BE842E64291D0ABAD68D8D737D4DB
:10B1E0009CB313E31A31C985C5D24BE4B2642895E8
:10B1F00022A7D366D6B6D3F8CBAEC8A3ECCB6924CE
:10B20000E95E170AAF9DB5284A8FC788F3ACA22C18
:10B21000FEBB171585C08BCF0075E2B06EF99F2875
:10B22000EAAA3D102203958762014DA90826E71777
:10B2300006E2FEE7FE1AFB618A743F286744D0F9F4
:10B240006BD0D59EF2CE66E5600CE8252352797D61
:10B250008DA8A1FBDE9124343829E5BC83A9F2D660
:10B260008509030EF40923A8B74890193B6DF84EE1
:10B27000903574DD272BA10D6018160FD1AB10DEB1
:10B28000210692EDF62CD8481BAE6BABF8970EF466
:10B29000AD93E1E7D8A8F79A360BA33337EE49AE62
:10B2A000D6B5A941CB7843602CDFA7183B33E41E09
:10B2B00015454106385953D721A3E75AE7D68804E4
:10B2C0005ADDD4295C73AB3E4B516642612513B203
:10B2D00089F017E9389EF6616B81C0A7B642A334A6
:10B2E000D61EAAA49AB09E71AE74685A7197745310
:10B2F000257F0BD63C1B6BEF9A7D36F6E690058CCE
:10B300009903A0382515301239B431D14140161FA8
:10B31000DDBDF4EB6A6F00E1F717DCC231A4E397FF
:10B320009BE4AFC07644CBEAAD120B61540D5109DA
:10B33000BC215AF1029E0F0BC616722A7894F6BCF5
:10B34000DB40CF768B10A66FDD55A7461DE94A047A
:10B350009805D440F1E244ABDDB2459A7C6B243AC7
:10B3600012768498DE1F5E8F4B367534D40274A13A
:10B37000AA23FB77773D3BEFEA3228E2999E06FC51
:10B380007AAD2782CE13E3664FE4D60F6F6EFAEBE9
:10B390008E43B3E929BB0FDDD831DEAAD8D72413F9
:10B3A000D7D261E5BF250B037BA9B7567F119EE974
:10B3B0001A979E974986ABA561989FB2CEAC1F1E87
:10B3C000022CA9D4EFFD119B61D7D101260F801F5C
:10B3D000FDCBDA0F6EAB893755454B138653400BC7
:10B3E0001E0962ED5ACCD021DD84C4F8254EE94B0C
:10B3F000AB9AD79E18ECD1F79559E3EE63C38486D8
:10B4000016271981AF1D051A781B746B99E2ABA83A
:10B410003466EB84A7F135D2CADF7675E0F01144CB
:10B4200093B180AFD9F9B59530CF11F2589F006034
:10B430009AD52EB1D2987DEAF118B5AB27B2F35A5E
:10B440004AF52607B29FBC7AC780293EE4A959DC99
:10B4500038C2710F29502B8090AFBBBC8B5627C4CC
:10B46000362C4C5CF108A8119349BAE2FC3A9C2FA7
:10B47000E51AFADDF3E01CD43ABFBA0DBD12F61599
:10B48000B17774AE0F883B5636000CF737B76CEDCA
:10B490008E1ECA74E343B2F3CE10A7B0FB2BAC6090
:10B4A0008001A618EFFAF056C1D11E4B145DB8F812
:10B4B0000ECCD63C5CF418D6139F17AF2191E293C3
:10B4C000D0257C6E05F10631D76AC8EAF5F2F2D8CC
:10B4D000DE82D6E6384865C73B4FA8E78394594ECD
:10B4E000AC8893E3223E5ACAB4A0E022011530A9E9
:10B4F00093E67A5651E414B05582E0C1A8C5903F56
:10B50000D71E2EDD3065451DB955B3C6DC840BA9A9
:10B51000A1099B156C777BF9555BEA0B3E81B797C8
:10B520006B692F6F9CD64D86877691DAC960C920EA
:10B53000115F142BE712B96C25094D316248AAC47A
:10B54000FEB76C3F3E09FBDAB5B0E3811B0BB3C518
:10B5500078B6284192E95557287356D3F314FE154F
:10B56000FB8DCAB2FCD37D55768840BBE949D935FD
:10B570000890AC17F5740702EDC17CD31B42FE6046
:10B58000C798193EF0A6FB81406F08078991FA74AD
:10B590004A8C800640BD1FC9EAB7C35C23DE6390B6
:10B5A00062A5379C5FC6ADC3BCD0A519FBF92DD8E9
:10B5B000AED1C98656C06692977717B5EB0C5A4242
:10B5C00023C4B70B89511B1297F2858B932E21163A
:10B5D000CFE4AA40936FAC16BA489845BBD019C7C0
:10B5E00006BC3E1A5902312C4C5CF76D17C3ED179F
:10B5F000C3998F8E5DC34395E1D5DE72ABCBC33E5D
:10B600000E89C54C3BD65809426655BB6C0164385F
:10B61000A26AA15833E4F42BE62A0C29579C044D66
:10B620007A97C126E8557D098BF885C8951F3E7726
:10B6300035427B877750759F7D8BFFEF561326F43D
:10B64000D2712C7B0C389CCB37AE84E6016F849A88
:10B65000EA387F94961D652ACCC6A3A9234DCA7DDE
:10B660000E0740FB41FA1F9A732E1B3B97491700A8
:10B67000C9B2F21EB1C66D4F217DBA243B22027DB4
:10B680001D7AB832FF14181ABC4FEE06C735359E26
:10B69000025D99820EB62A84E9B7F3814EAEAB946F
:10B6A000F733D8AF0BA33E1993E0F83AC3E617EC93
:10B6B000D9D6417D591FE1464044834496888E7710
:10B6C0004C1AF3A4B41AA35588B8EEC3829CDD903B
:10B6D0004DC6BB7FAAC2D0A28D9BF71C42A8BDFE5F
:10B6E000F6E97D5006512C84ECF2986AE48B7F4396
:10B6F000B4112D3A1C2764D40CEF3B3204D02090B7
:10B70000BC5272B40700FC32A59F5EE89C1AE51497
:10B710006E2C9957D35F9FFB75101E9DE0498B19C6
:10B72000B81A0127CAEEF73B650B20413A05EF88AE
:10B730000E4B5EF9297ECCA157DCE8B7DA39F75316
:10B7400007A659930528E6E63C54AA554B16BB7646
:10B7500053E4454FDF33B578774194947073DA380A
:10B7600007536D7F5A7A531AEA785C75966ECF2D1F
:10B77000F4EB85EA9B97970DEE6694837B6024DA61
:10B780001C8A0D4E49BBA39622C58172703C8593DD
:10B790005D84A4709AA9770BBC98B69E843DDA1399
:10B7A000996671E9CD17CE882B087F6A3E59B6EBB2
:10B7B0001271B961A6E35EC9D542FC3CEF75949E57
:10B7C0001C2A32C0B2FF47198560DBB46D3CE144EE
:10B7D000B050F95291EBD9E2046090F4779ED6C84C
:10B7E000425A4154142EF30CBA4942D986A786FE18
:10B7F0001611D331882BF332EE64CF8A6C6211C6F6
:10B800001E69CBE8E171C7EFC137C0A486199E73EA
:10B810000951F3AC6283D9DF8B72F54C1C5C206F4D
:10B820007D727D8F58E791CE79AC9FF9D0DF0A7C8D
:10B830003BB3FC759837DF9E6B917257774BB2F331
:10B84000AE2C932462B7970A1236EAF63171AB2414
:10B85000B2C8D67F835A984BED6DA4AFC00DC63DDC
:10B8600056B629EC7DD99EF2E1056BCF6E358CB5CD
:10B8700043F52138045DF27032C5ABEB4C5BB0058B
:10B8800044D19425A1BF785729DAAA4EAD9242B58A
:10B89000DB97BB58C1A8EAE87A315363AD5A0E3B37
:10B8A000A623EBFAFA8A95A2E3836BA97A75A5C061
:10B8B0005ACD279A1C54EA48E533514C4AA0FC461D
:10B8C0009DD1208E20DE8828DD5A9ABE9B076F1BF3
:10B8D000F9233F4A2EEDDADCECA7664BF1DB4CEEA8
:10B8E000D2C62D6F0CC6E09FB5A449E65A2F9257D9
:10B8F00067A041986F192A3AB2640983870A0FC07A
:10B900003353149C4070D94C78477C4AC21322C5EB
:10B91000766D12E0ECBCD3F6A28C3100611F3EC5FF
:10B920001D1F96B6DDA09A38ADBF1E67EE168BC7F9
:10B930009BB41E2291ADFC463ED000920D281C0BFC
:10B9400093B8099BB2F1CF9E0A24E5D3DC71F9B01C
:10B9500047EFA54F9820B33923B7D7DDEA350CE080
:10B9600006180D5A9BF94843B68EA9ECBD771050C6
:10B97000D2C2621FF34BB35A188B5614611309B924
:10B980009C640D7D03EED5B5D051FCF9E90A4F90CA
:10B9900082F2BE286CFD4624806051E43741B3B783
:10B9A00036456BA8DFF4A33E5310B48675C132BB95
:10B9B000F5AD7846CA35063A00690558553966FD31
:10B9C000B76A8430936E02EB520F02F16F72A9DFF7
:10B9D000D97051C37FC433336A3967E2C204918599
:10B9E000081EA6E78FEEA20848860CDB699C6E94C1
:10B9F000500C60828EE133E6F0D7FCC215C5D0B79B
:10BA000081398928B398465FF6E2B24FD6FADC5600
:10BA100081F85C9ED51567684A3A9B342A068C8566
:10BA20009BA562762A466437748C3B92D8213D0BE5
:10BA3000DD702B32437522AD92D1799BE8E826293F
:10BA4000CFA806BAD44AD841E9BCB8F8BBD73480ED
:10BA50006248543D101E9BD335816FDFAD523D16B9
:10BA6000C7C8A8552FE0EAAB6A8971C97D7A5B76B1
:10BA7000F14C1204EF02DD6268F289FF01611B01E3
:10BA8000CEB6B32B07FA3615299CE2642BE958D8B9
:10BA9000548AAC5B53C2085BA412875D201DA97C4D
:10BAA0000C58F161FAB384D58A94CEBCAB5C0A81A0
:10BAB000F522F718A7531E6C7ECC4A69C276C87B64
:10BAC000E8373ED4C99167ED5DB206D429F8EC7928
:10BAD00061074D4419AACAFFBEA036994BCB1E7B05
:10BAE000CAEF1C15AFFFD8DF92813BFDE3AAB0D4AB
:10BAF0003A7E50FD39752BC356F2B6D1690F73E209
:10BB00007C37FC624D5BB0DB1B2039666C860C3ADF
:10BB10000B866CFAC1EB09C4A695DDDCFB696152AA
:10BB2000B23DF919044CECFBA59B42807C62D0AF7E
:10BB300064C349478265E9484416C168F12E5476CA
:10BB40009F14848F001F7C859116F0B89EFC2BF308
:10BB500042C6A5C67E2FF038391A6396591A72CD9F
:10BB600087CA9EA32D560453269B8F7024DA3097E4
:10BB7000B4948ACD7DE78BDF1332783A0B38BA3C28
:10BB8000B51EE3768E1C376CFC0026273C70A25B4A
:10BB900089DA8AA8548A89EA7D121DE44BCDE2BB7A
:10BBA000DCC03DF291A612A9E49D632BFCD11E7569
:10BBB00023989C64E37951BE31143655A12F988F98
:10BBC000251ABF2372C500E2BEFCA8B1F22CE59D88
:10BBD00092875055349A628D04E1A889FD68CF8917
:10BBE0000AE42D5212D626B5830B49424ABF30AB28
:10BBF0001FF174E5D55D0264A202853B1ACD8AFF70
:10BC0000BC32C0D35678811CD0F2C44D2760682462
:10BC10004C9F39D773E8FFDB72F6CB7B63369CD53C
:10BC20003D1022F56948CF73F1EEC8342E18000597
:10BC3000FCF73A2B1661BA1299E065CCED1BF9C6F8
:10BC40001A3B2F21DA791099CA71304ACF25519CBD
:10BC500000C5FDE5C2E8CEE1A50E8AD63DFA8716FD
:10BC60006D276B12548B06C526E2C993E6E5CCE43A
:10BC70001F633ED167CE0FD21B9C85FD1D26A96197
:10BC80003D317D0A7F8C43D130A5CAEEF3E97D209A
:10BC90009EC23F2EDF8505D60C13C647A12F4C87C9
:10BCA000B35CD0B4311FDDA84E598C3186E0399297
:10BCB00023E6B88003AB2206B1595DD5D60303A7AE
:10BCC00063A2D5F1411C2EA1A2039BDEF79FAF0F0B
:10BCD000F59793A76652D50E3C42507E64C0D0655E
:10BCE000A14F331D72179991A4DD001A144DAC8435
:10BCF000EEC11E2016D02B4DECCBF155930ACFF49C
:10BD00003AAD2F11B6909B6318F9EBECFCA7A0E7B6
:10BD10008866576E1E59FFF99404F0DD8BF3708F1F
:10BD20000C7734979B199099D6A8952ADD626DE619
:10BD30001E855C831AE5E5D89145EF9EB149F34233
:10BD40005AB695ACB1505C29E57FF7CB9544BC6AF7
:10BD500053B1F8F6E15C71D3A7114B3210ACE7BEDA
:10BD60009F18459DF73177E8FFD15DF2991C48A3F4
:10BD70007701192F9729EA7E1B87ECD7E72FD5A7E4
:10BD8000EF2495185807184E779D2917A5C201284A
:10BD90002C1A8229A0BD1E18BB820F60C911EF2486
:10BDA000049C9511090C90DFB5B0F13050FE531B87
:10BDB000A82A764C9482D5A86079F53C42CF242DF0
:10BDC00077EFDF10D6605F9A27FB9C669160DC2DD1
:10BDD000CB23A977F9901E9B82103D7C274A4BC349
:10BDE000A6045EFA300FC3AE540ECA59C72867C303
:10BDF000D51063F60F230C26D913EA76DB722FA435
:10BE0000E052E11359BFABEE9E79E5EBE29F5F662E
:10BE10006F21E61E06473069F71E53E8557182D040
:10BE2000256F97FA3EE3FEE47951C92985DDD94CA7
:10BE3000DA91082E9E2CB58E92AC7F6667F9FCA62F
:10BE40000A731A69FB7DB5263866C6FBFCB8E31396
:10BE5000AF281AC2169C320BE54CC7F9395D7A112E
:10BE60007C6B4F161D752BF018235389D44E55F655
:10BE70009CB5B1C8B96872BD693337616533060BCB
:10BE800008E287E5E13CF0F6626D895C90FE755C46
:10BE9000AAFBA592E35125576981B7FBC503075C4F
:10BEA00063E3700BD714EFD3593268434225179DD3
:10BEB0009DE5A5BF38F8210ECE4E8FF657FD50BE3A
:10BEC000075159D56CED5A0BF432EE6C8EFAA3FA89
:10BED000CA3888A992A04288107D286060A753457F
:10BEE000B7FA73A837074FF8338AA68FDA3BFCC33B
:10BEF000A04F8DB995CE5DAA4ED32D9A592CDDFD5C
:10BF0000DA0B1C13AE401A235FD3F2FC7F6709489B
:10BF1000529B9296041E3EB55C6F62965EF58AEB6C
:10BF20005EDC805C6509DF44A637A28313FD68EB05
:10BF3000781BCE24372AC16224D348789398C3BB98
:10BF40007630A6A7384E0CFF2C3047E508511B1160
:10BF50000D337773F27D7C9CC95DD285A58A4F290C
:10BF6000ED77B64A49680A97170E908D674E9C7018
:10BF70008D094E82834E615E10C037F05C0E2D96A7
:10BF80007F4A85ECBFF19DFAED788A0CE5D9433202
:10BF900026C83CB2B3DC340CB87B61758E6EE8FC0D
:10BFA000A8959DA0073466BAB2170D95A2910A3DD7
:10BFB00008AB5478066BDF031858E7A2B6A1059AC0
:10BFC0002FCC1E94E67B698987B914714876558D0C
:10BFD000827DC67E58DF4592C7A02E118DC1334F9A
:10BFE0007176AF8CD351160702293A1325937D1829
:10BFF000C53ED4905C61441F78DDB169369692717C
:10C00000AEFC0F5F7F46A67BE2E21FCB127819AD34
:10C0100070FF7F014971AD028EA89B3B3592E35DB5
:10C020002F54FCE8E8BF28E0381930568522421723
:10C03000AA82128EBB474F60EA01DAAA415253DE50
:10C04000599478BA3AF04BC1D78C0E70EB76AEA00B
:10C050001A68F6D784DC7914145BE7930198C7312A
:10C060002625854236C8F985C03D504BC7454DFA57
:10C070004E4A11E01D8D0E186E5DDD7BA20B89020C
:10C08000C71BABE778976E9FB1BB23CC9F37C1BF6F
:10C09000F93BA05BFA3BF07605B84EDE326015C680
:10C0A000E7F40E4B538EF87F5AB24E2EE263189A85
:10C0B000555C143BF679D30872A68850E0686D96FB
:10C0C0002AFBB22C50C9C7512D1E9C7BCE0F817EFE
:10C0D000DCEC8D6DEA4DDB1C30C2B200392782509A
:10C0E000B324565CE8B72ABB30B2D3AC86E0E93E55
:10C0F0005490D8B3FC1EAFD04C045BC11B59B21195
:10C10000A6BCFFBC7B56FCECBF52772E70BF24DE72
:10C1100035E5C41ADFFA20BA5F89A11757F91AB7B3
:10C12000A43F947906678F2017DA6E543D9D3D5CDD
:10C130008198909FE35788501BFDB4FB0F1DA77398
:10C14000E4106F8A621A5B1D8C41306B244DC5C2AE
:10C150007BF92FB2B26CC346145DBCB035614D742F
:10C16000DAC9FEDAE195CB890140AB3C52439C1B16
:10C170009EB721C2CEEB636517951DA622A2BC8394
:10C18000CE0799CC2A2DB79DD144DA669CE8C3F737
:10C19000B5EB25292277965791C12E5F3C3D417C16
:10C1A0005D2F294F3AFAACC3683BCC74F828DEAB5C
:10C1B000866D08B9B7F49A3256F5C38949627CF79F
:10C1C000E697B7FBA17C0B56BD04B28F1B13E0B5FD
:10C1D0003E465C9AA8D96FD73A6F48B53C5222FDCB
:10C1E000ECFC18649B79D0EBDB6E5FEC67D54EF806
:10C1F000713318B2E787338328E3830F1C0F81E381
:10C200005EC35604BF6D54F04D2F130DECD9C78596
:10C21000245ED95E0D6FD8BDEBA549E20225699376
:10C22000E87D56A301D5589C0AE2F8A40A0D87FEC2
:10C230008BCE756966F492F035FA4007CFC3E72DCF
:10C240009AB2B42F1CCA51196CB334F2BEEC6C18FC
:10C2500006873C31777C95137BE1884A558C10F238
:10C26000EF26E630BB800819619E230418D0880BA6
:10C27000266F06F3AD6A4E3B73C9752FDDAF851A85
:10C280003704436DC44E1CA19F6C420AD2422A88D7
:10C290007432648EF496B07B073619C5A8827C2E62
:10C2A0009155C1CC22C2DA9B6152FB25407949E805
:10C2B0004914D0D8B209CA0B408B90A382091A2026
:10C2C000895485823FFDF3F4A4781384C017566423
:10C2D00006C76C8F594201CBDB4E5956577EBECEF6
:10C2E00092E10957FC4376FEFBE22F3558358B1D52
:10C2F00022906C73F189CD7DC15627370E8FF79050
:10C300005F04339A846E4576C9CBD14465E2DA0383
:10C31000BCD3BFA8B3B2F0967CF04FAA81176F4987
:10C320002862B58C640CB4A50ABCF631E21FC52D99
:10C330007F2145ECCEBEAA6AB26AAD2EF747EBD597
:10C34000B5EF38E2DB5633983E20A04D81D0A58072
:10C35000826578C403C23396F5DA001B951647A5AB
:10C3600092CE9552B4A9A7BA3F0503397679CDECA0
:10C37000BC8608380F227256CEA74F6E2973F1780B
:10C380001B36570540D33E1051249AB25AFF3675DA
:10C390003260E47ECD86E13A78035DC2CBBDE4EA4B
:10C3A00052C58322EC8805D530658BB5C99EBB5735
:10C3B0003ECE5C52F1E34FA0908FACF5166FF18644
:10C3C000F124E2C3C6CC1154C36ED3FE4A42D669EF
:10C3D000E7192FEA258A9A98017F831AA5387C10DD
:10C3E0003D144642338A7EB59F93C14AC0A9D0A16D
:10C3F00030A0CCEA9E3A897835B180F2CB99569438
:10C4000080128A0C8F7C6DCD57A448C93B7CE39782
:10C410008750E22BE68A2E2D2488DA041E1D4F94C5
:10C42000218FA8C4E82C02176E6C3AB4089F0C2C1C
:10C430003BD6A986796017EF905E312135E801E09F
:10C44000266487A5C1ECF6309887E9C67D8DB4E1F6
:10C45000DDEA127E87E0EA740A3EF95018B4688378
:10C46000F979F6D13DF1A6DBAC791B4E1E7DEA5081
:10C47000AA05D014D82C4D91EBD64F426C362E68BD
:10C480009A9D1E6E8093A835FFFA1E332FFFB6ECDF
:10C490003EE0DC5F3AA7D8CB9813F6F0EA7F87FB43
:10C4A000D3658D0C072F37644B72242B0AF3A7DD5D
:10C4B00091FCF94D1B51AFFF94514EC2C1286F6AD8
:10C4C000B396A74478D3C742DDA2135CDCB8314CE5
:10C4D00030B8150CDF8DAAB446E143938BF607CF35
:10C4E0005E96D69D79BBBD028BA4874403796E9E70
:10C4F00034F0E0DA7A5DFF538B49438F316C3CC8EE
:10C50000F2EE856AF7A6BA51CA848A8E978BC474F4
:10C51000592E04FEE6D4405ED6EE78FFA095C2D335
:10C52000E8C6A1D85093B7268CE4A31EC3F2B788FF
:10C53000D661BF8E8FCC8F3AF6756F6FDF4D23A516
:10C540004FD72F366B98F71E02292C445A532FFCD5
:10C55000E74ED2C497FB8AE2D3BD460425FD1B16E5
:10C5600011C952400669CC1189D3AA615B63EA6B99
:10C57000E3DFE85F4276A043E0C6B0ED2BF5195843
:10C58000603B8412D62C3674C3EB4A2C0F1DDEDBC5
:10C59000CD07A39AE00CE64748FFA54B93D403DAF6
:10C5A00060EAC3A84AB996E4AC4E16D7C88F87C2D2
:10C5B0000CE89C6D1A56205362527BC8D94C679088
:10C5C00001DE6A8CC173B868D172D7A4F30EA86774
:10C5D00026BB09304829F2891AB18BEE10A8C5573D
:10C5E000326B0EE3D504C88C0E552F3F0E057C2709
:10C5F000EAF157F02EFD9BAF0B26D1BB5AF792D72D
:10C600007042ECE0A20A84F0A927597D0AF56D9BDF
:10C61000D864316E38AB0A79AE4D2B38D76DD5C1A1
:10C62000D52717635971C56E2F7B8D908C26A52356
:10C63000DD656B15BF5BB94E2C37A88399AC3C3BCD
:10C64000FD1D5BC8AFADAAADC45588C18CB4C5870C
:10C6500018B1F90B7ACB6B78046926490ACF170019
:10C660004782761BBD5C97D9F85D6115B2CCBF3FA0
:10C670002DC058C07424E3E0C1DA44B51A795CD304
:10C68000EA935B48CCD1DD33B05BA5AC8FCB5E11B8
:10C690002EDA9378E7F3540D13CD68C181E69B7CC5
:10C6A00022950101B0688D58C508CFEBB62AC9E3C1
:10C6B000AC968344E0D627D58A3E9C14C9E326066F
:10C6C000DD10D72388FD3570B438884AC836F1C9E3
:10C6D000D9BFA8FAE34F5A6E4E1EAEBDBA75CBAAAB
:10C6E000411A72FF87040A5D6CDC3D8E5F6B473F29
:10C6F000942C96A346056E66203582EA64CCE4C588
:10C700008830B0344B30AADC546D6FDA53EF42CC32
:10C7100018729A22E3A24AEDB6C03D794001D0B426
:10C7200034BCD0CB060624D4E54AA8B3458E3A5E85
:10C730005717B78077A986E203F1664DE9FA8A2B8D
:10C74000FC945215CB82BC0A654AB2DAE5C769F29D
:10C750009F280B08A1C25BA08DECD4A71E11ACF9D9
:10C76000C4398E4EF3BC927F7903FD507723C5A761
:10C7700097022D97531C4F2135746171EFC820D259
:10C780001F382DCE74F4026EE06C16060B44F329AC
:10C79000AEE3DDCF49320771A5408399D1DAED6967
:10C7A000BD9C4849C02244D0215B2DE5853B2EF934
:10C7B0001AACB38EAF1785806123973C29A7E88117
:10C7C000041120D7B569059546AB2DFF6E6CDD22AF
:10C7D00036264EFE028125B2C195E21994B55FE17D
:10C7E0009CF5EE99B0B69B47C2060612B4EA86994C
:10C7F00098D085149C8588E1E53DBEC3363F781806
:10C80000830AD51C8A482BE6752718BEA10668F84E
:10C810007F78A9A2EC148067F8F5AEB25F74219519
:10C8200028B7F2FB8DDF8F844CA28863D86AB126CB
:10C83000F87493E6115732411A17184659CCDD5D4A
:10C84000E0F72A68EFE08E7AAFE064860AF5667555
:10C85000418CE5A817E555D92920653AC2D184193C
:10C86000524B25D248A93696C8233BA90A98722470
:10C87000F64D4C99D937445F02A035295976F347D4
:10C88000FC8846C3DA42DB92B57E552531283AA8AA
:10C8900066481106E1710D8EC6F27AB376AD725F0D
:10C8A000A93A967D25A0F00028347BCD556ED6346C
:10C8B000723ACC4B66868A17E85132D7E6B0E33835
:10C8C000D76E2A909C5EE123F320728C87C370BCE4
:10C8D000121110DFD5747D444F22E4AC41636A9B92
:10C8E000F2CC36FA6FF1339032D2246A84EACA8AE3
:10C8F0002C12BD565C8C81CE921DC8A54ED163DF33
:10C90000386393C36AD9C809B7DA25F636F25CBC36
:10C9100009FE682504552BFD46E4B47037E83D0850
:10C92000F024D5746E2353A542FE0F78CF03EB831A
:10C93000C350F00F98F414613285C5720B10C61302
:10C9400074A5CB6E1ED3ACF8DD2BE8854728CA59F9
:10C95000562BE90D8DC126F607602D61E577E8DFDE
:10C960003761B157AA1C692B06F3A7AE4878258C0E
:10C970009EF80AFD1A5BA63269237117D722FB19AC
:10C98000CC8439E3C2B04F623EC5F1E3576854012D
:10C99000E4A877BF663A2E5E39E33F8A8D06805061
:10C9A000700AEEECDC99CD3F6FB7BA777A84ACB2FF
:10C9B00021DAE4BD0A5641931173CA14B060EF9FA7
:10C9C000BB975664F61BF7A11734C2BC6C4E69B214
:10C9D000BF43252570C4BB62D6192E8D695A4EC13E
:10C9E000F5F6CDCEF46F0B70879C0EF6F0581675E9
:10C9F000D175AE946629D78B996E7A74E72D24137E
:10CA0000ADC330935079135562258D146799B2796F
:10CA100087FA65DCBA1C0403D4A2B71344FFFA0DED
:10CA2000AA034767B7DC71DD9E3A329C12112131AF
:10CA30001FD68BC3EA8DCF13A17F160AF332D59789
:10CA4000B75C5A56DBD50F61268E1E2DA874721264
:10CA50005E65977EA09ED71EDEB08E2CFBBACC2AD8
:10CA6000DB9E49B52C94536F23B7B8F0941B42C595
:10CA7000E924D8BFDCC130E72C6972BA75599274C9
:10CA80006755D03B49C229368999BC19D2DBF89445
:10CA9000CC7610F636A160ABE0341FD473518D7B99
:10CAA0002507FB6395C1D8E177515603CC90FC0E66
:10CAB00085B16A9422BFAF02EE96B12F8B965C7F50
:10CAC0004F03F8258A5209E26E5EC08C03DBBB255A
:10CAD000033206C20CFE77F8A09E4A0F599D1DE452
:10CAE0006AE061BB3168FA2E43605E9B2123E8FD5A
:10CAF000EF47854A200A1188059A5B36FEA70E602B
:10CB000074B644BBAD96A672C420B103A3F8B40FAB
:10CB1000DC90A7214C22CB286CFC8EFE068A1E32AC
:10CB2000C39F8D9DD5EE9782774DC14F851044E40C
:10CB3000D078AA90FF4699340471641E04A2C25CA6
:10CB4000C8B89018D7890FAE9D52F2522970C4DA36
:10CB500061533AF04BB2F68E64B345705FD8A92AA0
:10CB6000308D5D9A1848A5F499EC09762AB232A85E
:10CB70009C046908B193C0104EF4BE8E8F2771AA31
:10CB8000ACB5012A67B7BF5ABF720249C27505D456
:10CB90001AF0FF00BEA0DCD050AF2A5A654E747167
:10CBA000C361EEAE1E5005919F2688E00E8DB51331
:10CBB0004E155CC25BD42CDB403C87F62C7B2810E6
:10CBC00023EF24372EB0ADA9D160E26ACD9CEB9360
:10CBD00028CD89893185880D9CD618A0E1E6B65EFE
:10CBE00059B939798C6FF5773FAB5923BE8600363A
:10CBF000DF9734A6A9053953E0A3F1144C798813C3
:10CC0000A4159A633673EE75809132EA28017FB5D8
:10CC100044530B25ECCC32E9656C7ECC65262EF8AE
:10CC2000B6F6786CA9AF3414D866FEB51823F1C3F4
:10CC3000D55E34B5AF039157DF1DE24635D9957700
:10CC4000BE175BE97A8EE9314CD3A18657BEE6ABBD
:10CC500086C421973D4032C13D1BB157DA34E1B55E
:10CC60000BFCC04CB8C16FB6C7A409D42FF85194BF
:10CC7000C6BBA7B9E84EDD9A8C43859880D58C0B4E
:10CC8000CE5D94A8D0ED9031108F56C38A0A32E958
:10CC9000A3D66B742EFE26957FEF3295C4EDD6B7E2
:10CCA00036FF3CE7F9EB87CAD5B0EC45C3045433F3
:10CCB0009D4E6A5BE47974B01CEA9FB6EF09AF2120
:10CCC000750E0970C0547918F292BEB1802C8C8711
:10CCD00024517E2048D34F81E31F37AA72BD0FDD58
:10CCE000FCEAC67871E507CC7DC384B4B46D50927C
:10CCF00045E445BB3B0B5E69F8E91CEE19AFE03734
:10CD000006DE7A1F977175F8136BB3E06568CA5732
:10CD1000F0EFD07C8E47143B560026D92DA5AB07EB
:10CD200088C4D81B01ACA6DE8602EF54161A408FC9
:10CD30006CB0E99979A98DF811DF1DD91C2BE4F7A6
:10CD40002C4D89633EFA0F226F77753BC6753512FD
:10CD5000CDE45D1E619A2B127056E6CB7CC2BBFB04
:10CD600047FACA0C237C7A366884058AC7CE97496D
:10CD70008537F1BF960D7EF7D06CFA7A97691673F6
:10CD8000EF7798149A66D14510C211385AB98F2698
:10CD900082EB4715B9E594562C06D9406F840D31C6
:10CDA00050351B4EABF13C37D57552216052A3462E
:10CDB0009FCAEA3C392DF320430A0726B3E5719C4C
:10CDC0000EFE818A4319C57D94174F0D5EA8DBC501
:10CDD0009ECC071B63B3279511392BF605483C19E8
:10CDE0006410A1B82A1FE47C5680611BBDA7755F43
:10CDF000C5F9E95CCCC169FF0B34F33968B3443D34
:10CE000098293B92FC0E2F67CB2336D57800702AE9
:10CE1000626387932E21F20293C0B035D82979201E
:10CE2000FBC9F091EEDAD53E9A8A11E0F272A9744C
:10CE3000E09D0C86B0AE5115F1BA488D6D5CE527CA
:10CE40001ADD85162CE56214AEEC89C63AD89A4BE9
:10CE50003EE9ED879C1F6A4B1A714F173BF9253845
:10CE6000EDFD4217D0338BB28D876F61E865EFDD42
:10CE70007ADCFD0CFC2745E685E14AAB8785F8772F
:10CE80003EA216096B72A2FB2123CC44BFFC44587E
:10CE90008BB9A5E832C8AF5B0ADCD144F065271E28
:10CEA000016797383068244242510766385816C0E7
:10CEB000C936DDFE171FB0FB5D8EC6A3E64F986630
:10CEC0006777A9A276964A546E9D15B6ADF41FED0C
:10CED00099121B924728B563553F927259B6E8D212
:10CEE000D60F0A0B788DD7BC122146AF0D83BE89B1
:10CEF0005F545F2B18503F6F55874D5C482B931440
:10CF0000124EFBE54367A4FB32D73BEE77F2E9B361
:10CF10008F92D4C27DD35CB55FFB404B668F9CBEC5
:10CF200089B9B731D7E88A3BF130A20E1C1FB3880C
:10CF30004218A6F29505426B179E33FB54066169B1
:10CF4000C84A0E8BFE3B38262A1B4BE4B9FFB2764B
:10CF50005904509AC91789409DDC371673FBB742B4
:10CF6000ECA60358282584959C9ECB734E483D62C1
:10CF700033B15CDF9C16D0C06960258A40E643EC83
:10CF8000CCEC21462F1672C1FE55630549BFAC8417
:10CF9000ED26F812EB8648776A2C51108C268BCA46
:10CFA000744675760F3109D0C2A758ADF1DCC802BE
:10CFB0003AF5E157EDC94F16627FAC4767073C521F
:10CFC000D3B120F865BD2FD0A141BF1F6AE637AAB3
:10CFD00081D4B04CDCDCD16ABC706D16AD0537E78E
:10CFE0004DD4E1A739081FA525D7A68F33706E1B36
:10CFF000CF506ADE11326F3DD42B4D3D7B2A4484E5
:10D00000BC39E2B3B3CFFFF2F951FB0516A1B86FFB
:10D0100028AC7291ADBD5FC097B735ECAC2DAECEEC
:10D02000FF8C568A2C62051BED1FB0335271CBFC6E
:10D0300094A2B436621B9B7A06EFE208D2ADF5AA41
:10D04000E9CA73236BA0AE75E69E5F790BAFC12171
:10D050000DC77E7B068D40BB2FE53A65E8E94B9511
:10D0600093443479DD62C22207FFF9AD71A6E66E02
:10D07000D6D9627C2343A02A592E7E6787391F297F
:10D080005CA5C3A6883686140E9AA4DF63EB6B23D7
:10D09000B0A33C21BAA584DCD621EE19315BE5644E
:10D0A000FA1714F03811990D63C112E083F60645A2
:10D0B000211A4F0F042F7791344C4EB5F5242CC90B
:10D0C0006030907303B2DCB9AE1A0DD7687AF7F608
:10D0D00012F2479062E9CC5E3D576B076280D2FB4B
:10D0E000D897ED0B34863215A6E5DF5E605DA9C7E3
:10D0F0006E57A68A85C6A8CB0B2454E4A46291334C
:10D1000027CB77D0E103741AD123A427776B467815
:10D110008C8A782094241388B7922DE50FFD9A9479
:10D12000F919D22C0CBD5641F01F0DD459C9E06538
:10D130007618C7DD296B1080216E033CCC5BC5845B
:10D1400011599AECA9D21D21B1D88EFE64FB82FA46
:10D15000CDCEDB5CE171A2DA0B82CEBA14B1174BF3
:10D16000AD560C3C8FF03DF5E34515D3B8DCCBCF85
:10D170003D8EA2A07DEBDEF8AD4D512FB971358407
:10D18000D22101656AEC2D8D97C270A6CB123D8D20
:10D19000957AC334E4CE9049EBFE3B759BA57AC9E2
:10D1A000DF0612F01FBFECC87DCAB3963BEDDA2B49
:10D1B000E209F4AD9B24FB9504F06851A50B31BF47
:10D1C00059FDA883CC4C0E36E20927FFAAEE9B63DB
:10D1D000744E7699D6CCD82E0EF3F6EDCF2A15855F
:10D1E000380BC4DAD06EB208A439E471F4710B972D
:10D1F00026A4417F6DE685AD4EF78B19ADC1AE2DEE
:10D20000CBAF4A536371A8DB8F0D24C802F5665D6E
:10D21000A3DAE25AEF4DFBB970700BA75A3FFB6BD4
:10D220001B5ABE9D223FBFFA37FD4D11D97B5D3B96
:10D23000714123419CC650E3E4FA255935D6CD858A
:10D2400076ECA7CA84D61058302597A43AB9127A3A
:10D25000D2AF52A86B1BD5687113A86B4239B38C3F
:10D26000D78BE673EF644414DBADC9998421DF8763
:10D270004A77BA670B27C338D1A0929A32C358CFE6
:10D2800009F9071F56D6C4C6C679841AAFE0C38C05
:10D29000AEB58A3585CB3297D68F49CDD51ACB43DB
:10D2A000A61F6098E46E5D97D979922534C1D7A501
:10D2B0001AD329E06877AD631CCAF567E3C61F601F
:10D2C0005D8A238221D77783713ED5873258D22950
:10D2D000686585EF32D17E00E80236D6205C1F0FEC
:10D2E000CCBA85BE850F6BB804F3B5C051F4D1C874
:10D2F00079F19D1B9D96AF5CD92C76458B4CC71F51
:10D3000002F1D299727788C65794E0395C80A658AA
:10D31000E122F142FC39D504EBA5781B8A5E5C075B
:10D320003BF03A752FB2993ECE9483996553E56FE1
:10D330001ECC93DB9F8CCF5ADB9A6E3C8EDE5EFD5B
:10D34000D0D3D37C9D07E264B23B58FBCD44C37974
:10D350003225BCA64E3C435E414B9F6170759BF4E9
:10D36000A2E94F8F09AF9279BED6991403AE682710
:10D370008F3C19009AFFEFD333797BAE6503A797F3
:10D38000E51936DCA41D5455C546FAFA070771574E
:10D390002F0C0FCAA89E76958E1BE5B0ED62453620
:10D3A00063DB507E94D6A7367D90C63712CFA59901
:10D3B000857F94FFDBF689C0BA9CFC4FB3A398E548
:10D3C0008BF69D1E10D0EE13FE51B1524749C9EDA8
:10D3D0002ABE531FFA3D0AB90DEBE59E638C92EC11
:10D3E0007581C3F3BA9E4BC2A11A11F90DB18AD24D
:10D3F000A0F381D9E0B88FDD92FFFA557FFCC763B7
:10D40000F33928D4E4F9DF0646CED760CF4BAE78A7
:10D41000BA88777E673634E4486AAB4C0311141B34
:10D42000592CC44B487F2E35CE0EA6B0C7F3897752
:10D4300070E432A1A1F32F3A5B6F4CAD8F97E1D12D
:10D4400021F7F64AC75A3DCC4084E5F3FBAFC2FF53
:10D4500044D867C16A89F6306B2B18D51A33DCFAC9
:10D4600083A74DBEDC55812A220FA8071DC499DA77
:10D4700078C8CF941D9FA8FA02CA71171C2ECB86BC
:10D480004669C2A146437FCDD612B6AC4B62C1AB52
:10D4900040EF83094610608D041F7B8CD574ACE28D
:10D4A00031C83EA26C944C70B1ECD0B972757AD18F
:10D4B0009101318CE0DB2FFDE2EDBF74BA769C82E6
:10D4C000754F0607A19F7209390A18C982EB4F8B65
:10D4D000D92E22148056CDC9038F1A10BFF39C9EFB
:10D4E0006323D650F3059C3C71F6EFAAB8529F40D7
:10D4F000929D11C8B5D39BC365F427167FACD2FFAC
:10D50000877753BF1F8DD5078C6875CDED5D9AD594
:10D51000E1F76D63D132B08E0757C77A010E41989B
:10D520008F3A4F1D67529DD3B3C5228C30795D95DC
:10D53000EDAF4BB59B49A537686B6EBAB4F893DC79
:10D540009E86DD33EC0EDFFED0BADDD104FFBF9E38
:10D55000DD0D8100AC55BF7AAB4F85958D5982CBDF
:10D56000A3D5C54537E851089AD7994130B65EB87A
:10D57000AA78EC98F10523911890148C97EA67ED3E
:10D580000D84C154232DFEFC798504F2499BD613EA
:10D5900054A499B731AC82B5D26482354694FA2F3F
:10D5A000356284A898CFDC24F2C56BCE99A5826B36
:10D5B000D2C62D0B5C117FEDC31EA0FEEF3FBB2238
:10D5C0001D3422B608C1B5C33635A85366AF344200
:10D5D0008B632B38EC05A17C18FBF3AFDE4F991B56
:10D5E00050EBF881A393DBA8C930D19D7F043ECDD9
:10D5F00040306572F9620F402EFB8AC48ED7B68D1B
:10D60000343A57A1EA7A5BF0368221D2A4BF25D6FC
:10D61000F19E0DACF7BDCD5CA004B64C9CDB9BA687
:10D62000670A0D1C0FFDE1F6918716145AC573A504
:10D630009A4D6FC7176B87C5CD49FEB3F2920AD5D5
:10D64000579359ADD2C6C89039C333E98B6B027377
:10D65000BCAD35927167A78ADFE4C559923B70E98A
:10D660009AE5779AF0F222211AADFA175B9ACDCC9F
:10D67000F001151A9FA309D02564C0984579473653
:10D68000DE502082B28FB6FA30BDE4FEF8BE1AE753
:10D69000FD2957E7693DD7798B13A0BC9BAD418D20
:10D6A0006C4AE3BBD8B0A146E9BE2BE20693B67044
:10D6B000ECF022F00861B3321620C1E54B91F9601D
:10D6C0001D0F3163D07545B6F6D33E66800306E97B
:10D6D000E4FE5033B6EF5B169A1B6B29A17172A65C
:10D6E000E8D3578F67574A2EBDDD362F839A656E74
:10D6F000E775E0F01085944ED059ED4309CB07F261
:10D700004EFE70A99824FF17CB5C8DAF629B5FD053
:10D710001ACB58F72B13F7A34DBCD821FE6E1A88ED
:10D7200042D2809E69F833C77A76FCC08E234900C6
:10D730004A40D21C1E021C292B4B5D0AB62781BD14
:10D740006260B678BCD2B3E85A9AD92165CA490B4F
:10D7500033D4FA5BC785647A30191DA622D65A6184
:10D76000F9FFEF049413A9C66314CC43CE1E178CA3
:10D770003B5BD99DA55DBC9D89E58C4D320E347215
:10D78000AF82035FDA3DCE73C1D2DFA982D80868C9
:10D79000AFDC832000B01F4B8253720F95E21C87D1
:10D7A0006902546FDBF61BD78AF04CD4A1C143BC8D
:10D7B000021E00A7D3E4E32093681A42510F7DF2C2
:10D7C0006051AF3918567C713035534EA8F35B0A5F
:10D7D00020565C9E2E4B7F4CF9C36F89F77895FFDE
:10D7E000CD0FDEB3D29892D3EE4002B618B439BC56
:10D7F000F42064BAB3D2B93B073561871C3F0739BF
:10D800004E54D169719E500CD18D12758AB12D2361
:10D81000D75899EC04C62770CC1E22C174F08D0F26
:10D82000C9350DE2A5F57B201167210734A2117BD4
:10D830003C781FFFC078849C34FEF5CE8D1DBC73F0
:10D840008DDDB61222280FD099DA3E9FD85E444370
:10D85000C23E35992B86B8657E4354F5613A1E3534
:10D86000C9A9930677BCF92F11ECD7DB219D15D9F7
:10D87000A85231B745346630E7881E2443C14CB9FD
:10D880003AEACD84DCDED26621A459DA0E94F9049A
:10D890004522E2FF9E30FBA1D99723E139825CFF4C
:10D8A000849C240F5DACC4BB49D29EF445DE41D7B5
:10D8B000D99D40D879E4B00F3FA2641B26A021A4D3
:10D8C000E2BD0E6572C4DA7896906AF745F086710B
:10D8D000A020FF21937F12C9EEC5CDA2676CCFE0D7
:10D8E000EEE138507B746806AE296048556AF63719
:10D8F000F993BF52E1450B5546F3DA6AE05288AC22
:10D900008F5B2246766AB823E2FFEB22F4A24F41F6
:10D91000145173F072DC703D145D3DDFFFACF275A5
:10D92000394E42FD17D9350164CD5C316CE3921A52
:10D930004870DFCBD3C8AD0704BE870799B9B98853
:10D94000F34026CF0E20FD63B11A11D3A4A3CB124E
:10D9500060F9D60B572DDC599447BBC60B927695D0
:10D96000D58706B186FC53C3CFAAF274480750F09E
:10D97000B62CEC6AD7BE33E2BD3B0A6E163239EEE6
:10D98000CA5980CE69B85007556B377ECC5B614071
:10D99000A31366869312287FD73A282E2575335B0A
:10D9A0004BC3EB6AEC06D0A0147AF0628BE158CA44
:10D9B0002E97147799B7B957220A4FD413188A466D
:10D9C000586659E7C99ECAF5ABDA42931E5DD18FFE
:10D9D000CD6CF4E9BC2116C1986115BF29607A604D
:10D9E0003C7D700E64306CA6BC8BC258B46788A8AE
:10D9F000C7097013DB4F73C3F9D0D98CEEDBB07855
:10DA0000E1BA1DA49BA0FA1E66A8916E4EF6008D89
:10DA1000B0B1CF91A8002C633D6E1BA2FE5D43B850
:10DA2000E8B0641D125694380403CAC469A9B06BE7
:10DA3000128C4A754C4F7CC18F3CFFA9953CE6BFC8
:10DA40005CA0ED4693D877D2C6C9D1222FF71C1A15
:10DA5000ECAD37C672F6A56F8D967CFE915E6D417A
:10DA6000E36968C04B9E9DBBA4EE21970162D488F8
:10DA70004F73D6A45B441904BB72279A17E87CB491
:10DA80004B4DF433B76ED9AB48D46E916E85F173BC
:10DA900021EDA2856A626729DE6B6E004E733985BF
:10DAA0005AB647B15F438907A91E1A1C71258FF327
:10DAB00025F9A29B3699781B80876AC8AFDF425E42
:10DAC0008A18FEC95DA478A6C141D40B06A71833F5
:10DAD0006A99EDAD33A996CBFCC178A984A69B3297
:10DAE000E7942CD0D7CEA1913E50BAD5080267ED6D
:10DAF000729BA2C02DA696FFFA1A682BD4DE5CDDBD
:10DB00006FF650256FD69D5BBD4DB9503396CD3223
:10DB100022A2D1E20F543B45C8374DDB8D4A2B453D
:10DB20009C1ABA8703A30CDCB6E3B13BF626A5E248
:10DB3000452169A3B54F649CA1B9D7CDE45878E0DD
:10DB400031DF4FB13967103B8223FA66BFD5DC83E2
:10DB5000CA7CDDA4E87A35592AA14FCD6611EA4383
:10DB600088FADB84E40C3F52B8C2162165752B9A03
:10DB700097DF47CB8D1DAE293CCADC8C9EB0724E20
:10DB8000CE4DF94097C39CEBE1E18D905CE6FC7FC4
:10DB900065BAF524E112F85C1FB56E2E89A6FD4822
:10DBA0005729FA2F24EE84D28E81527BC85E22251B
:10DBB0008A3AC37CD85F281C77A5FA82A1080D1485
:10DBC000E1B775AF86A6963D0E602A1357A570671C
:10DBD000BB5FBCFBAE018BA8FEC13256FFBEE8BDE9
:10DBE000076686F41A9D85C10F3AB240EE59D814E3
:10DBF000A1892A30E76F446C8586F369FF2ACF57E5
:10DC0000D4C2CF4BDEFD86BC5F99E81D9E883424CC
:10DC1000048FB957CBC6235F306D5F236C5DE86915
:10DC20003724F9D5B4C7E2A4EBCF6DD97B75930641
:10DC3000D3528290C0A01023CF598D31DE12B36D24
:10DC4000FD927DD99722318F5F6F03A4CAC19C32A8
:10DC50000C219862298002601FB2D8BDCD6FB7F841
:10DC6000D2012B8AE0A97D324C269F48606C4D384A
:10DC700060F223EAE5A9DDE7900DEA412126EF15E0
:10DC800061D9736F0933E367B7F6134BBE7E4C0C53
:10DC9000D9A636E485495E8A0211CA62321993A672
:10DCA000BDB901EBF4D32179C0DF1EE0892DFCA3BF
:10DCB000382F57B5F0102485A4367F49E3FA77C48E
:10DCC0000D2848D0A51BE6FA06659E8C507381E1AD
:10DCD000248E68451AA5B3421EF4A4589EC94B77FA
:10DCE000C878F5AC76EA735C2CE76BA189CC30116F
:10DCF0004293D962685D827DE6671741CA8C98E0DD
:10DD0000D63A5D187A50730E83DC57835B81F8F83E
:10DD100067244333F049ED3E941AA788C293639475
:10DD2000DAC65E68A70E5A81F5BB7DD57044CB7507
:10DD3000224179D44870F35C69FC99EEAAC6C48E7E
:10DD4000B0969046DD1A499CB241E9319D38D69D86
:10DD5000DDC762AAC2DE537DA7B2C6EBE46F41E71E
:10DD60003B37A288F239CC96A3205751221D05E2F9
:10DD700014C8F06AEC5105591F6717C6F826B4F5A8
:10DD800093D125F6BB358A371E42C71473A771C4D9
:10DD9000EA74C02E2C0EDE6E89ECB989060631EDD0
:10DDA00052437E7115C030AA067AEE31C0D292D2AB
:10DDB0000792412C1E02D601851A0D56AC44E991FA
:10DDC000FF7BB72B888DF02A383CBA56E066DA1D07
:10DDD000A8B5CF1DA79BBDA185DAD9C90D87551C54
:10DDE000B49407C83C22B828E437CDC36F2608EAAC
:10DDF000D43145F57C51B16C6098CE1F4BD4EA35D7
:10DE000065672B49D3BDA0CD73C1D68316F541B349
:10DE1000383F88BFA022C1DB2BAF1038ADD462F1F0
:10DE200071FE5F37E5029C0BDB7F0C9A0931C3AAB8
:10DE3000DCE353B3D4BEFFA09A9900DD8F292FD322
:10DE400045E199C646D8BA2F2FF5BAF5B940A026B4
:10DE5000D319A8F92C5496865523548FB1C7809FA7
:10DE60001AABDE665FE1BD25D157DE4D612F12048E
:10DE7000982BB4833AF6BD0BE5A362F522BF99C691
:10DE8000C4E86C044414AA8F4A067E86FCF675BE6C
:10DE9000C979F9D3EF8D7F80B8C229C29E778B3DB7
:10DEA00053B1A7C31927E961538266FD1BCF3760C1
:10DEB00085BF245F419D185E814FCB81F878357610
:10DEC000DB13CA29FD57D8E12877BA978AD8A5BEAF
:10DED0007BD27CACF3B0BB4C376B41734F299F595D
:10DEE000D2B44CBE88CB0E74FF826F30A1A9FADC8D
:10DEF0005BCFB3FBEEF7C56BC468655360BBCCFE6C
:10DF000021C7F322947000358A30054ABD5909CEE5
:10DF100063640C014ABF0F0FCE0D3737694F507045
:10DF2000290D273F57503A1807DDF582C9A2FAF8A4
:10DF30001B26C3C787D0CCE87788BDBE803E75A6B8
:10DF4000D9F508CD39C2BAD57D2519703C02A43364
:10DF50009BBC29C0AB857B74BA5B8A5E9C011B238A
:10DF6000412240B7C916FF57E30E5A41009DE159BF
:10DF7000E5FFB1E3D90366E2A090E1FD4B529DB706
:10DF80006B26FD7648EAF72015D2FD3EC0E076808C
:10DF90000FF8022228AECDF46A62979B797BB352C8
:10DFA0000753C078691DFECA6721FEBBF67162FD8A
:10DFB000DEA56137D735D511CFF3C044FB62B54834
:10DFC0006DC0F3CABE3F2E38A73526CCE3F44862B5
:10DFD0000EBFE852CD24C3698A32C85DB0CC50E18F
:10DFE0003CD9ED627387B91707B3B48A98499F7B10
:10DFF0008EEB4DC89899613623A2006F5BB95E899C
:10E00000D6DD93CCEA18A392063818D114BC82420C
:10E010009ECA5EC5712861BABB478A8CD3687B3DB6
:10E0200050210A48ACBA768E428A8158B59179D986
:10E0300051A4EA04E686271926A7087E05F595422D
:10E04000C6A889789F969EAFC19AE852993A004D2A
:10E0500087E73C5C4D6739E47A92EFACEA62F6A858
:10E06000481F566D43909130DD64AA598FB656080B
:10E07000A5A5E41F03FB9B6FCE97316DBB5B762597
:10E080003382F67BEBCF0736A2A382A68A8316BF24
:10E09000BC0D3F2416E47D7308ED49C7E6154BA47B
:10E0A000B9FADF5DC50E5ACCA1BA78D83C20BFA022
:10E0B0000D272543D2CE4E75E93469CC5A275983B2
:10E0C0002110964B34DEA17A099D04B20AD78567E8
:10E0D00046E02E5F8549C4542FB99B271448361952
:10E0E00048AD6DD5D40264A5A4A03A932A7D382109
:10E0F0000358F5BD91C2B9882898FE7ACF9AC90015
:10E100002D933096E3F3ECECECE98594C52597F17B
:10E11000A7D1EE28DC8F87FE854498EDEA63DBDB30
:10E120007E603755CF610531A136A8E4D4F6B3FF40
:10E13000861F567434827EB91EFD7191723AFBD2ED
:10E140005062E7912E10890063E8BB2287A4784AC9
:10E15000B02DCE4F32D5DEAE7A85F8B5A5923733E5
:10E1600067EDC0ACDDA9AD5ADF205FD2FF5ABE74A7
:10E17000D6C9AB097B6FB17C5ABD77FEC6D89D3E30
:10E18000DF796C005A16A382D47E2E647BEE2B5E60
:10E1900021BE51DEEA91D82345851587C1BC51A126
:10E1A00036977EFAEC1B2E83CBE71BC38C48B0312D
:10E1B000CDA8735FE2720A006F7649D917D55C9DCE
:10E1C000B0D3B1925B3BCC8456A90CAB7329437896
:10E1D00090A9CA5EB8896581C378F3C0201AD5E3D7
:10E1E000D77D124C054A6FFA188360F9B06F651835
:10E1F000EDCA54F59A558EB841AC07017CB94A1363
:10E200002F9FB89DC78BBAE4EE142BA26513331071
:10E2100058EBDD06F574CAB5527E8460F8E9132226
:10E22000D2B26D596EB074EED4CD940DF53FC88B5B
:10E230009446C945519D4ED3E54FA5B61C401ECE10
:10E240009531BF86A4290E31FC9A859D83CFC71EC8
:10E250004ADE891F1185888BFC1B71BC8C4C97A8EA
:10E26000F0D3C0D7CA8E70E7100DDFB9C53CD5B367
:10E2700059462A16F1E05FBCDE8C724A162CA402C5
:10E28000BE6D181B5116445A75C66725897D4DF51C
:10E2900042F179ED80B49002B8F3D8AF4A87BA69F9
:10E2A000977FD10A5DED4DF8A90BCD7778F3F1F4A6
:10E2B0008992EB9FE3E8498AD2D5068F5433646E86
:10E2C00098D9A4EBCC66F6960BFC7F33692D8C6E47
:10E2D0007A15D44B349B3CC1AA637B7ED7C4535A76
:10E2E00092F5C470A74471C7468DC4523F7A941208
:10E2F00051FF5F7DAACC5F55949FCD507D86D2F0B3
:10E30000C8253EC619791E9F9C0BE9B16404560EC0
:10E31000C9BB19C7B15D003E44778D5920E7E96953
:10E32000C5C5EC6E2363973BBC56C43E0F0604651F
:10E330001003476D17D4101DDBD22EE25EC26D5262
:10E34000B3C4E3EFFF7E154CD6553062D918D455CF
:10E35000A9E7203963E1CEE71BB6B6F1F6C46A52ED
:10E360004BDC76FF180A88144C013CDB20B7C05206
:10E3700036CB5B5587539DF4F587E8A86B5E5E7BD3
:10E38000EAF2823C18401C11F638AF89B010C9DCA3
:10E39000BFEBFAB808CA9C7738AE917D3CB824E050
:10E3A000D53F65C3893F1E0836463AFF6912C357F9
:10E3B000FC42C9C9A5D7D0EDB90FDB09D166056B01
:10E3C0006A69375FA55E5A18CF61E44EE6785A82D3
:10E3D000AB7E2F626D1EF50BA4E7FFAC38EB630636
:10E3E000F6CC298CC027EC3E716A4387801F3CB570
:10E3F000DE10D3723FE2328A701383CAC090B5BB7D
:10E40000F49DB46884DC5085537238B2519D1092EB
:10E41000F41D7E705B678038D5382365982726DC2D
:10E420009CBF9D2D5E1CF327AC13A9E69621ABB0D3
:10E43000ED9EE4D749DE170EC0A8110796DFFD61F7
:10E44000A7917316B7B2D6246E003857D5CDCB241A
:10E45000F9A7E3B0C0BC6CF9ADD8D6566ED127A6EB
:10E46000C34A0A2EC63F39086C1BEDE30569143D0B
:10E4700039E41C55935BE34C448D041EC16D18D7E1
:10E4800046F5ADF6AFE242AD2FC60905353BE58C4A
:10E490002246993FE78E5F99A97BD9ED72D7472431
:10E4A00000027C0B1DA6AFF2C9D7333C8DDC36775A
:10E4B00050AB8BDCD536B7F7E6B554549F9A97AD81
:10E4C000571331CA368ECD9A38DF2C19BA51D60E71
:10E4D000C9ABA99B0990831F190095424266058923
:10E4E000E6B0009FD155BF9FBD41BE58D50C2A460E
:10E4F00081C2646D4A48B7B73397720EE82B1E90FD
:10E500000000000000000001982F2903B2C7FBF7AC
:10E51000D0C1D08472ECAF94622D613623122EB03C
:10E520007E7AC611339109B72FEFF6C0423578EFE6
:10E53000E49CC19D219E0A08D76710B542492AF183
:10E54000CCCF13D8CA1B50F1451C157579350F690E
:10E550004EACA56D50DEE75291A178EBE5FC7E4A0A
:10E56000DE1F2AE9F5D60D18D1B6674620158BDED9
:10E57000F7F390B45D6E6918347DB4507150127A1F
:10E58000BF7357C611D1A8566D4E7B79CDA68AAD03
:10E590004A9E0A2A4BAD60C915EF7B26282D38729A
:10E5A000FE671E9CF6CED4C36DFDD95C58785243ED
:10E5B0009554F269376A6AE97C4F6A5C27C6F36949
:10E5C000BF8F2E9A11C4327A23DA5A26C95580B2E7
:10E5D0004C712C0A032F0300BD5A72094E5ABF60BA
:10E5E000FE087B20C722C379FB4AE339D375A88D87
:10E5F000380EA33EF665E766F10191B5926B058191
:10E600000255965672A98B14FFFFFFFFFFFFFFFF15
:10E61000FFFFFFFFFFFFFFFFFFFFFFFFFFFFFFFF0A
:10E62000FFFFFFFFFFFFFFFFFFFFFFFFFFFFFFFFFA
:10E63000FFFFFFFFFFFFFFFFFFFFFFFFFFFFFFFFEA
:10E64000FFFFFFFFFFFFFFFFFFFFFFFFFFFFFFFFDA
:10E65000FFFFFFFFFFFFFFFFFFFFFFFFFFFFFFFFCA
:10E66000FFFFFFFFFFFFFFFFFFFFFFFFFFFFFFFFBA
:10E67000FFFFFFFFFFFFFFFFFFFFFFFFFFFFFFFFAA
:10E68000FFFFFFFFFFFFFFFFFFFFFFFFFFFFFFFF9A
:10E69000FFFFFFFFFFFFFFFFFFFFFFFFFFFFFFFF8A
:10E6A000FFFFFFFFFFFFFFFFFFFFFFFFFFFFFFFF7A
:10E6B000FFFFFFFFFFFFFFFFFFFFFFFFFFFFFFFF6A
:10E6C000FFFFFFFFFFFFFFFFFFFFFFFFFFFFFFFF5A
:10E6D000FFFFFFFFFFFFFFFFFFFFFFFFFFFFFFFF4A
:10E6E000FFFFFFFFFFFFFFFFFFFFFFFFFFFFFFFF3A
:10E6F000FFFFFFFFFFFFFFFFFFFFFFFFFFFFFFFF2A
:10E70000FFFFFFFFFFFFFFFFFFFFFFFFFFFFFFFF19
:10E71000FFFFFFFFFFFFFFFFFFFFFFFFFFFFFFFF09
:10E72000FFFFFFFFFFFFFFFFFFFFFFFFFFFFFFFFF9
:10E73000FFFFFFFFFFFFFFFFFFFFFFFFFFFFFFFFE9
:10E74000FFFFFFFFFFFFFFFFFFFFFFFFFFFFFFFFD9
:10E75000FFFFFFFFFFFFFFFFFFFFFFFFFFFFFFFFC9
:10E76000FFFFFFFFFFFFFFFFFFFFFFFFFFFFFFFFB9
:10E77000FFFFFFFFFFFFFFFFFFFFFFFFFFFFFFFFA9
:10E78000FFFFFFFFFFFFFFFFFFFFFFFFFFFFFFFF99
:10E79000FFFFFFFFFFFFFFFFFFFFFFFFFFFFFFFF89
:10E7A000FFFFFFFFFFFFFFFFFFFFFFFFFFFFFFFF79
:08E7B000FFFFFFFFFFFFFFFF69
:00000001FF
